ID,Time_Points,Microbes,Concentration_3OMG,Concentration_3OMG_2,Tech_Rep,Root_length
72h_MF_0_0_mM_1,72h,MF,0,0_mM,1,0.181
72h_MF_0_0_mM_2,72h,MF,0,0_mM,2,0.09
72h_MF_0_0_mM_3,72h,MF,0,0_mM,3,0.318
72h_MF_0_0_mM_4,72h,MF,0,0_mM,4,0.113
72h_MF_0_0_mM_5,72h,MF,0,0_mM,5,0.171
72h_MF_0_0_mM_6,72h,MF,0,0_mM,6,0.227
72h_MF_0_0_mM_7,72h,MF,0,0_mM,7,0.256
72h_MF_0_0_mM_8,72h,MF,0,0_mM,8,0.244
72h_MF_0_0_mM_9,72h,MF,0,0_mM,9,0.121
72h_MF_0_0_mM_10,72h,MF,0,0_mM,10,0.116
72h_MF_0_0_mM_11,72h,MF,0,0_mM,11,0.198
72h_MF_0_0_mM_12,72h,MF,0,0_mM,12,0.227
72h_MF_0_0_mM_13,72h,MF,0,0_mM,13,0.275
72h_MF_0_0_mM_14,72h,MF,0,0_mM,14,0.278
72h_MF_0_0_mM_15,72h,MF,0,0_mM,15,0.289
72h_MF_0_0_mM_16,72h,MF,0,0_mM,16,0.175
72h_MF_0_0_mM_17,72h,MF,0,0_mM,17,0.179
72h_MF_0_0_mM_18,72h,MF,0,0_mM,18,0.229
72h_MF_0_0_mM_19,72h,MF,0,0_mM,19,0.152
72h_MF_0_0_mM_20,72h,MF,0,0_mM,20,0.202
72h_MF_0_0_mM_21,72h,MF,0,0_mM,21,0.095
72h_MF_0_0_mM_22,72h,MF,0,0_mM,22,0.127
72h_MF_0_0_mM_23,72h,MF,0,0_mM,23,0.219
72h_MF_0_0_mM_24,72h,MF,0,0_mM,24,0.097
72h_MF_0_0_mM_25,72h,MF,0,0_mM,25,0.249
72h_MF_0_0_mM_26,72h,MF,0,0_mM,26,0.154
72h_MF_0_0_mM_27,72h,MF,0,0_mM,27,0.289
72h_MF_0_0_mM_28,72h,MF,0,0_mM,28,0.112
72h_MF_0_0_mM_29,72h,MF,0,0_mM,29,0.088
72h_FSC_0_0_mM_1,72h,FSC,0,0_mM,1,0.126
72h_FSC_0_0_mM_2,72h,FSC,0,0_mM,2,0.118
72h_FSC_0_0_mM_3,72h,FSC,0,0_mM,3,0.209
72h_FSC_0_0_mM_4,72h,FSC,0,0_mM,4,0.287
72h_FSC_0_0_mM_5,72h,FSC,0,0_mM,5,0.209
72h_FSC_0_0_mM_6,72h,FSC,0,0_mM,6,0.22
72h_FSC_0_0_mM_7,72h,FSC,0,0_mM,7,0.211
72h_FSC_0_0_mM_8,72h,FSC,0,0_mM,8,0.139
72h_FSC_0_0_mM_9,72h,FSC,0,0_mM,9,0.247
72h_FSC_0_0_mM_10,72h,FSC,0,0_mM,10,0.084
72h_FSC_0_0_mM_11,72h,FSC,0,0_mM,11,0.15
72h_FSC_0_0_mM_12,72h,FSC,0,0_mM,12,0.133
72h_FSC_0_0_mM_13,72h,FSC,0,0_mM,13,0.148
72h_FSC_0_0_mM_14,72h,FSC,0,0_mM,14,0.17
72h_FSC_0_0_mM_15,72h,FSC,0,0_mM,15,0.16
72h_FSC_0_0_mM_16,72h,FSC,0,0_mM,16,0.045
72h_FSC_0_0_mM_17,72h,FSC,0,0_mM,17,0.054
72h_FSC_0_0_mM_18,72h,FSC,0,0_mM,18,0.148
72h_MF_7.5_7.5_mM_1,72h,MF,7.5,7.5_mM,1,0.14
72h_MF_7.5_7.5_mM_2,72h,MF,7.5,7.5_mM,2,0.182
72h_MF_7.5_7.5_mM_3,72h,MF,7.5,7.5_mM,3,0.104
72h_MF_7.5_7.5_mM_4,72h,MF,7.5,7.5_mM,4,0.214
72h_MF_7.5_7.5_mM_5,72h,MF,7.5,7.5_mM,5,0.164
72h_MF_7.5_7.5_mM_6,72h,MF,7.5,7.5_mM,6,0.212
72h_MF_7.5_7.5_mM_7,72h,MF,7.5,7.5_mM,7,0.197
72h_MF_7.5_7.5_mM_8,72h,MF,7.5,7.5_mM,8,0.187
72h_MF_7.5_7.5_mM_9,72h,MF,7.5,7.5_mM,9,0.175
72h_MF_7.5_7.5_mM_10,72h,MF,7.5,7.5_mM,10,0.099
72h_MF_7.5_7.5_mM_11,72h,MF,7.5,7.5_mM,11,0.137
72h_MF_7.5_7.5_mM_12,72h,MF,7.5,7.5_mM,12,0.261
72h_MF_7.5_7.5_mM_13,72h,MF,7.5,7.5_mM,13,0.248
72h_MF_7.5_7.5_mM_14,72h,MF,7.5,7.5_mM,14,0.139
72h_MF_7.5_7.5_mM_15,72h,MF,7.5,7.5_mM,15,0.153
72h_MF_7.5_7.5_mM_16,72h,MF,7.5,7.5_mM,16,0.113
72h_MF_7.5_7.5_mM_17,72h,MF,7.5,7.5_mM,17,0.086
72h_MF_7.5_7.5_mM_18,72h,MF,7.5,7.5_mM,18,0.197
72h_MF_7.5_7.5_mM_19,72h,MF,7.5,7.5_mM,19,0.247
72h_MF_7.5_7.5_mM_20,72h,MF,7.5,7.5_mM,20,0.135
72h_MF_7.5_7.5_mM_21,72h,MF,7.5,7.5_mM,21,0.215
72h_MF_7.5_7.5_mM_22,72h,MF,7.5,7.5_mM,22,0.073
72h_MF_7.5_7.5_mM_23,72h,MF,7.5,7.5_mM,23,0.085
72h_MF_7.5_7.5_mM_24,72h,MF,7.5,7.5_mM,24,0.113
72h_FSC_7.5_7.5_mM_1,72h,FSC,7.5,7.5_mM,1,0.074
72h_FSC_7.5_7.5_mM_2,72h,FSC,7.5,7.5_mM,2,0.222
72h_FSC_7.5_7.5_mM_3,72h,FSC,7.5,7.5_mM,3,0.06
72h_FSC_7.5_7.5_mM_4,72h,FSC,7.5,7.5_mM,4,0.143
72h_FSC_7.5_7.5_mM_5,72h,FSC,7.5,7.5_mM,5,0.181
72h_FSC_7.5_7.5_mM_6,72h,FSC,7.5,7.5_mM,6,0.217
72h_FSC_7.5_7.5_mM_7,72h,FSC,7.5,7.5_mM,7,0.215
72h_FSC_7.5_7.5_mM_8,72h,FSC,7.5,7.5_mM,8,0.158
72h_FSC_7.5_7.5_mM_9,72h,FSC,7.5,7.5_mM,9,0.25
72h_FSC_7.5_7.5_mM_10,72h,FSC,7.5,7.5_mM,10,0.212
72h_FSC_7.5_7.5_mM_11,72h,FSC,7.5,7.5_mM,11,0.122
72h_FSC_7.5_7.5_mM_12,72h,FSC,7.5,7.5_mM,12,0.243
72h_FSC_7.5_7.5_mM_13,72h,FSC,7.5,7.5_mM,13,0.218
72h_FSC_7.5_7.5_mM_14,72h,FSC,7.5,7.5_mM,14,0.094
72h_FSC_7.5_7.5_mM_15,72h,FSC,7.5,7.5_mM,15,0.205
72h_FSC_7.5_7.5_mM_16,72h,FSC,7.5,7.5_mM,16,0.105
72h_FSC_7.5_7.5_mM_17,72h,FSC,7.5,7.5_mM,17,0.142
72h_FSC_7.5_7.5_mM_18,72h,FSC,7.5,7.5_mM,18,0.076
72h_FSC_7.5_7.5_mM_19,72h,FSC,7.5,7.5_mM,19,0.244
72h_FSC_7.5_7.5_mM_20,72h,FSC,7.5,7.5_mM,20,0.184
72h_FSC_7.5_7.5_mM_21,72h,FSC,7.5,7.5_mM,21,0.141
72h_FSC_7.5_7.5_mM_22,72h,FSC,7.5,7.5_mM,22,0.089
72h_FSC_7.5_7.5_mM_23,72h,FSC,7.5,7.5_mM,23,0.103
72h_FSC_7.5_7.5_mM_24,72h,FSC,7.5,7.5_mM,24,0.175
72h_FSC_7.5_7.5_mM_25,72h,FSC,7.5,7.5_mM,25,0.185
72h_FSC_7.5_7.5_mM_26,72h,FSC,7.5,7.5_mM,26,0.234
72h_FSC_7.5_7.5_mM_27,72h,FSC,7.5,7.5_mM,27,0.2
72h_FSC_7.5_7.5_mM_28,72h,FSC,7.5,7.5_mM,28,0.188
72h_FSC_7.5_7.5_mM_29,72h,FSC,7.5,7.5_mM,29,0.197
72h_MF_3.75_3.75_mM_1,72h,MF,3.75,3.75_mM,1,0.243
72h_MF_3.75_3.75_mM_2,72h,MF,3.75,3.75_mM,2,0.193
72h_MF_3.75_3.75_mM_3,72h,MF,3.75,3.75_mM,3,0.212
72h_MF_3.75_3.75_mM_4,72h,MF,3.75,3.75_mM,4,0.209
72h_MF_3.75_3.75_mM_5,72h,MF,3.75,3.75_mM,5,0.116
72h_MF_3.75_3.75_mM_6,72h,MF,3.75,3.75_mM,6,0.189
72h_MF_3.75_3.75_mM_7,72h,MF,3.75,3.75_mM,7,0.259
72h_MF_3.75_3.75_mM_8,72h,MF,3.75,3.75_mM,8,0.14
72h_MF_3.75_3.75_mM_9,72h,MF,3.75,3.75_mM,9,0.146
72h_MF_3.75_3.75_mM_10,72h,MF,3.75,3.75_mM,10,0.113
72h_MF_3.75_3.75_mM_11,72h,MF,3.75,3.75_mM,11,0.115
72h_MF_3.75_3.75_mM_12,72h,MF,3.75,3.75_mM,12,0.232
72h_MF_3.75_3.75_mM_13,72h,MF,3.75,3.75_mM,13,0.166
72h_MF_3.75_3.75_mM_14,72h,MF,3.75,3.75_mM,14,0.113
72h_MF_3.75_3.75_mM_15,72h,MF,3.75,3.75_mM,15,0.274
72h_MF_3.75_3.75_mM_16,72h,MF,3.75,3.75_mM,16,0.055
72h_MF_3.75_3.75_mM_17,72h,MF,3.75,3.75_mM,17,0.303
72h_MF_3.75_3.75_mM_18,72h,MF,3.75,3.75_mM,18,0.213
72h_MF_3.75_3.75_mM_19,72h,MF,3.75,3.75_mM,19,0.257
72h_MF_3.75_3.75_mM_20,72h,MF,3.75,3.75_mM,20,0.233
72h_MF_3.75_3.75_mM_21,72h,MF,3.75,3.75_mM,21,0.108
72h_MF_3.75_3.75_mM_22,72h,MF,3.75,3.75_mM,22,0.157
72h_MF_3.75_3.75_mM_23,72h,MF,3.75,3.75_mM,23,0.197
72h_MF_3.75_3.75_mM_24,72h,MF,3.75,3.75_mM,24,0.154
72h_MF_3.75_3.75_mM_25,72h,MF,3.75,3.75_mM,25,0.127
72h_FSC_3.75_3.75_mM_1,72h,FSC,3.75,3.75_mM,1,0.162
72h_FSC_3.75_3.75_mM_2,72h,FSC,3.75,3.75_mM,2,0.176
72h_FSC_3.75_3.75_mM_3,72h,FSC,3.75,3.75_mM,3,0.172
72h_FSC_3.75_3.75_mM_4,72h,FSC,3.75,3.75_mM,4,0.18
72h_FSC_3.75_3.75_mM_5,72h,FSC,3.75,3.75_mM,5,0.146
72h_FSC_3.75_3.75_mM_6,72h,FSC,3.75,3.75_mM,6,0.153
72h_FSC_3.75_3.75_mM_7,72h,FSC,3.75,3.75_mM,7,0.119
72h_FSC_3.75_3.75_mM_8,72h,FSC,3.75,3.75_mM,8,0.13
72h_FSC_3.75_3.75_mM_9,72h,FSC,3.75,3.75_mM,9,0.139
72h_FSC_3.75_3.75_mM_10,72h,FSC,3.75,3.75_mM,10,0.203
72h_FSC_3.75_3.75_mM_11,72h,FSC,3.75,3.75_mM,11,0.099
72h_FSC_3.75_3.75_mM_12,72h,FSC,3.75,3.75_mM,12,0.146
72h_FSC_3.75_3.75_mM_13,72h,FSC,3.75,3.75_mM,13,0.086
72h_FSC_3.75_3.75_mM_14,72h,FSC,3.75,3.75_mM,14,0.157
72h_FSC_3.75_3.75_mM_15,72h,FSC,3.75,3.75_mM,15,0.229
72h_FSC_3.75_3.75_mM_16,72h,FSC,3.75,3.75_mM,16,0.2
72h_FSC_3.75_3.75_mM_17,72h,FSC,3.75,3.75_mM,17,0.131
72h_FSC_3.75_3.75_mM_18,72h,FSC,3.75,3.75_mM,18,0.149
72h_FSC_3.75_3.75_mM_19,72h,FSC,3.75,3.75_mM,19,0.066
72h_FSC_3.75_3.75_mM_20,72h,FSC,3.75,3.75_mM,20,0.185
72h_FSC_3.75_3.75_mM_21,72h,FSC,3.75,3.75_mM,21,0.115
72h_FSC_3.75_3.75_mM_22,72h,FSC,3.75,3.75_mM,22,0.113
72h_FSC_3.75_3.75_mM_23,72h,FSC,3.75,3.75_mM,23,0.096
72h_FSC_3.75_3.75_mM_24,72h,FSC,3.75,3.75_mM,24,0.118
72h_FSC_3.75_3.75_mM_25,72h,FSC,3.75,3.75_mM,25,0.201
72h_FSC_3.75_3.75_mM_26,72h,FSC,3.75,3.75_mM,26,0.094
72h_MF_1.87_1.87_mM_1,72h,MF,1.87,1.87_mM,1,0.15
72h_MF_1.87_1.87_mM_2,72h,MF,1.87,1.87_mM,2,0.25
72h_MF_1.87_1.87_mM_3,72h,MF,1.87,1.87_mM,3,0.257
72h_MF_1.87_1.87_mM_4,72h,MF,1.87,1.87_mM,4,0.142
72h_MF_1.87_1.87_mM_5,72h,MF,1.87,1.87_mM,5,0.142
72h_MF_1.87_1.87_mM_6,72h,MF,1.87,1.87_mM,6,0.186
72h_MF_1.87_1.87_mM_7,72h,MF,1.87,1.87_mM,7,0.094
72h_MF_1.87_1.87_mM_8,72h,MF,1.87,1.87_mM,8,0.229
72h_MF_1.87_1.87_mM_9,72h,MF,1.87,1.87_mM,9,0.196
72h_MF_1.87_1.87_mM_10,72h,MF,1.87,1.87_mM,10,0.239
72h_MF_1.87_1.87_mM_11,72h,MF,1.87,1.87_mM,11,0.204
72h_MF_1.87_1.87_mM_12,72h,MF,1.87,1.87_mM,12,0.322
72h_MF_1.87_1.87_mM_13,72h,MF,1.87,1.87_mM,13,0.122
72h_MF_1.87_1.87_mM_14,72h,MF,1.87,1.87_mM,14,0.186
72h_MF_1.87_1.87_mM_15,72h,MF,1.87,1.87_mM,15,0.179
72h_MF_1.87_1.87_mM_16,72h,MF,1.87,1.87_mM,16,0.213
72h_MF_1.87_1.87_mM_17,72h,MF,1.87,1.87_mM,17,0.13
72h_MF_1.87_1.87_mM_18,72h,MF,1.87,1.87_mM,18,0.192
72h_MF_1.87_1.87_mM_19,72h,MF,1.87,1.87_mM,19,0.165
72h_MF_1.87_1.87_mM_20,72h,MF,1.87,1.87_mM,20,0.258
72h_MF_1.87_1.87_mM_21,72h,MF,1.87,1.87_mM,21,0.209
72h_MF_1.87_1.87_mM_22,72h,MF,1.87,1.87_mM,22,0.16
72h_MF_1.87_1.87_mM_23,72h,MF,1.87,1.87_mM,23,0.21
72h_MF_1.87_1.87_mM_24,72h,MF,1.87,1.87_mM,24,0.193
72h_MF_1.87_1.87_mM_25,72h,MF,1.87,1.87_mM,25,0.184
72h_MF_1.87_1.87_mM_26,72h,MF,1.87,1.87_mM,26,0.086
72h_MF_1.87_1.87_mM_27,72h,MF,1.87,1.87_mM,27,0.185
72h_MF_1.87_1.87_mM_28,72h,MF,1.87,1.87_mM,28,0.121
72h_MF_1.87_1.87_mM_29,72h,MF,1.87,1.87_mM,29,0.147
72h_MF_1.87_1.87_mM_30,72h,MF,1.87,1.87_mM,30,0.197
72h_MF_1.87_1.87_mM_31,72h,MF,1.87,1.87_mM,31,0.193
72h_MF_1.87_1.87_mM_32,72h,MF,1.87,1.87_mM,32,0.21
72h_MF_1.87_1.87_mM_33,72h,MF,1.87,1.87_mM,33,0.15
72h_MF_1.87_1.87_mM_34,72h,MF,1.87,1.87_mM,34,0.207
72h_MF_1.87_1.87_mM_35,72h,MF,1.87,1.87_mM,35,0.142
72h_MF_1.87_1.87_mM_36,72h,MF,1.87,1.87_mM,36,0.091
72h_MF_1.87_1.87_mM_37,72h,MF,1.87,1.87_mM,37,0.067
72h_MF_1.87_1.87_mM_38,72h,MF,1.87,1.87_mM,38,0.057
72h_FSC_1.87_1.87_mM_1,72h,FSC,1.87,1.87_mM,1,0.136
72h_FSC_1.87_1.87_mM_2,72h,FSC,1.87,1.87_mM,2,0.157
72h_FSC_1.87_1.87_mM_3,72h,FSC,1.87,1.87_mM,3,0.222
72h_FSC_1.87_1.87_mM_4,72h,FSC,1.87,1.87_mM,4,0.25
72h_FSC_1.87_1.87_mM_5,72h,FSC,1.87,1.87_mM,5,0.216
72h_FSC_1.87_1.87_mM_6,72h,FSC,1.87,1.87_mM,6,0.076
72h_FSC_1.87_1.87_mM_7,72h,FSC,1.87,1.87_mM,7,0.201
72h_FSC_1.87_1.87_mM_8,72h,FSC,1.87,1.87_mM,8,0.159
72h_FSC_1.87_1.87_mM_9,72h,FSC,1.87,1.87_mM,9,0.123
72h_FSC_1.87_1.87_mM_10,72h,FSC,1.87,1.87_mM,10,0.217
72h_FSC_1.87_1.87_mM_11,72h,FSC,1.87,1.87_mM,11,0.207
72h_FSC_1.87_1.87_mM_12,72h,FSC,1.87,1.87_mM,12,0.083
72h_FSC_1.87_1.87_mM_13,72h,FSC,1.87,1.87_mM,13,0.101
72h_FSC_1.87_1.87_mM_14,72h,FSC,1.87,1.87_mM,14,0.209
72h_FSC_1.87_1.87_mM_15,72h,FSC,1.87,1.87_mM,15,0.134
72h_FSC_1.87_1.87_mM_16,72h,FSC,1.87,1.87_mM,16,0.158
72h_FSC_1.87_1.87_mM_17,72h,FSC,1.87,1.87_mM,17,0.168
72h_FSC_1.87_1.87_mM_18,72h,FSC,1.87,1.87_mM,18,0.198
72h_FSC_1.87_1.87_mM_19,72h,FSC,1.87,1.87_mM,19,0.162
72h_FSC_1.87_1.87_mM_20,72h,FSC,1.87,1.87_mM,20,0.197
72h_FSC_1.87_1.87_mM_21,72h,FSC,1.87,1.87_mM,21,0.129
72h_FSC_1.87_1.87_mM_22,72h,FSC,1.87,1.87_mM,22,0.159
72h_FSC_1.87_1.87_mM_23,72h,FSC,1.87,1.87_mM,23,0.141
72h_FSC_1.87_1.87_mM_24,72h,FSC,1.87,1.87_mM,24,0.191
72h_FSC_1.87_1.87_mM_25,72h,FSC,1.87,1.87_mM,25,0.26
72h_FSC_1.87_1.87_mM_26,72h,FSC,1.87,1.87_mM,26,0.127
72h_FSC_1.87_1.87_mM_27,72h,FSC,1.87,1.87_mM,27,0.16
72h_FSC_1.87_1.87_mM_28,72h,FSC,1.87,1.87_mM,28,0.149
72h_FSC_1.87_1.87_mM_29,72h,FSC,1.87,1.87_mM,29,0.186
72h_FSC_1.87_1.87_mM_30,72h,FSC,1.87,1.87_mM,30,0.095
72h_FSC_1.87_1.87_mM_31,72h,FSC,1.87,1.87_mM,31,0.061
72h_FSC_1.87_1.87_mM_32,72h,FSC,1.87,1.87_mM,32,0.075
72h_FSC_1.87_1.87_mM_33,72h,FSC,1.87,1.87_mM,33,0.147
72h_FSC_1.87_1.87_mM_34,72h,FSC,1.87,1.87_mM,34,0.173
72h_FSC_1.87_1.87_mM_35,72h,FSC,1.87,1.87_mM,35,0.186
72h_FSC_1.87_1.87_mM_36,72h,FSC,1.87,1.87_mM,36,0.225
72h_FSC_1.87_1.87_mM_37,72h,FSC,1.87,1.87_mM,37,0.194
72h_FSC_1.87_1.87_mM_38,72h,FSC,1.87,1.87_mM,38,0.159
72h_MF_0.9_0.9_mM_1,72h,MF,0.9,0.9_mM,1,0.256
72h_MF_0.9_0.9_mM_2,72h,MF,0.9,0.9_mM,2,0.19
72h_MF_0.9_0.9_mM_3,72h,MF,0.9,0.9_mM,3,0.227
72h_MF_0.9_0.9_mM_4,72h,MF,0.9,0.9_mM,4,0.267
72h_MF_0.9_0.9_mM_5,72h,MF,0.9,0.9_mM,5,0.142
72h_MF_0.9_0.9_mM_6,72h,MF,0.9,0.9_mM,6,0.172
72h_MF_0.9_0.9_mM_7,72h,MF,0.9,0.9_mM,7,0.143
72h_MF_0.9_0.9_mM_8,72h,MF,0.9,0.9_mM,8,0.122
72h_MF_0.9_0.9_mM_9,72h,MF,0.9,0.9_mM,9,0.156
72h_MF_0.9_0.9_mM_10,72h,MF,0.9,0.9_mM,10,0.201
72h_MF_0.9_0.9_mM_11,72h,MF,0.9,0.9_mM,11,0.101
72h_MF_0.9_0.9_mM_12,72h,MF,0.9,0.9_mM,12,0.115
72h_MF_0.9_0.9_mM_13,72h,MF,0.9,0.9_mM,13,0.234
72h_MF_0.9_0.9_mM_14,72h,MF,0.9,0.9_mM,14,0.176
72h_MF_0.9_0.9_mM_15,72h,MF,0.9,0.9_mM,15,0.179
72h_MF_0.9_0.9_mM_16,72h,MF,0.9,0.9_mM,16,0.085
72h_MF_0.9_0.9_mM_17,72h,MF,0.9,0.9_mM,17,0.303
72h_MF_0.9_0.9_mM_18,72h,MF,0.9,0.9_mM,18,0.234
72h_MF_0.9_0.9_mM_19,72h,MF,0.9,0.9_mM,19,0.122
72h_MF_0.9_0.9_mM_20,72h,MF,0.9,0.9_mM,20,0.126
72h_MF_0.9_0.9_mM_21,72h,MF,0.9,0.9_mM,21,0.213
72h_MF_0.9_0.9_mM_22,72h,MF,0.9,0.9_mM,22,0.175
72h_MF_0.9_0.9_mM_23,72h,MF,0.9,0.9_mM,23,0.318
72h_MF_0.9_0.9_mM_24,72h,MF,0.9,0.9_mM,24,0.194
72h_MF_0.9_0.9_mM_25,72h,MF,0.9,0.9_mM,25,0.229
72h_MF_0.9_0.9_mM_26,72h,MF,0.9,0.9_mM,26,0.243
72h_MF_0.9_0.9_mM_27,72h,MF,0.9,0.9_mM,27,0.227
72h_MF_0.9_0.9_mM_28,72h,MF,0.9,0.9_mM,28,0.247
72h_MF_0.9_0.9_mM_29,72h,MF,0.9,0.9_mM,29,0.237
72h_MF_0.9_0.9_mM_30,72h,MF,0.9,0.9_mM,30,0.171
72h_MF_0.9_0.9_mM_31,72h,MF,0.9,0.9_mM,31,0.217
72h_MF_0.9_0.9_mM_32,72h,MF,0.9,0.9_mM,32,0.241
72h_MF_0.9_0.9_mM_33,72h,MF,0.9,0.9_mM,33,0.087
72h_MF_0.9_0.9_mM_34,72h,MF,0.9,0.9_mM,34,0.161
72h_MF_0.9_0.9_mM_35,72h,MF,0.9,0.9_mM,35,0.038
72h_MF_0.9_0.9_mM_36,72h,MF,0.9,0.9_mM,36,0.194
72h_MF_0.9_0.9_mM_37,72h,MF,0.9,0.9_mM,37,0.308
72h_FSC_0.9_0.9_mM_1,72h,FSC,0.9,0.9_mM,1,0.108
72h_FSC_0.9_0.9_mM_2,72h,FSC,0.9,0.9_mM,2,0.216
72h_FSC_0.9_0.9_mM_3,72h,FSC,0.9,0.9_mM,3,0.239
72h_FSC_0.9_0.9_mM_4,72h,FSC,0.9,0.9_mM,4,0.262
72h_FSC_0.9_0.9_mM_5,72h,FSC,0.9,0.9_mM,5,0.269
72h_FSC_0.9_0.9_mM_6,72h,FSC,0.9,0.9_mM,6,0.189
72h_FSC_0.9_0.9_mM_7,72h,FSC,0.9,0.9_mM,7,0.164
72h_FSC_0.9_0.9_mM_8,72h,FSC,0.9,0.9_mM,8,0.252
72h_FSC_0.9_0.9_mM_9,72h,FSC,0.9,0.9_mM,9,0.194
72h_FSC_0.9_0.9_mM_10,72h,FSC,0.9,0.9_mM,10,0.168
72h_FSC_0.9_0.9_mM_11,72h,FSC,0.9,0.9_mM,11,0.177
72h_FSC_0.9_0.9_mM_12,72h,FSC,0.9,0.9_mM,12,0.165
72h_FSC_0.9_0.9_mM_13,72h,FSC,0.9,0.9_mM,13,0.144
72h_FSC_0.9_0.9_mM_14,72h,FSC,0.9,0.9_mM,14,0.078
72h_FSC_0.9_0.9_mM_15,72h,FSC,0.9,0.9_mM,15,0.208
72h_FSC_0.9_0.9_mM_16,72h,FSC,0.9,0.9_mM,16,0.167
72h_FSC_0.9_0.9_mM_17,72h,FSC,0.9,0.9_mM,17,0.096
72h_FSC_0.9_0.9_mM_18,72h,FSC,0.9,0.9_mM,18,0.17
72h_FSC_0.9_0.9_mM_19,72h,FSC,0.9,0.9_mM,19,0.149
72h_FSC_0.9_0.9_mM_20,72h,FSC,0.9,0.9_mM,20,0.144
72h_FSC_0.9_0.9_mM_21,72h,FSC,0.9,0.9_mM,21,0.266
72h_FSC_0.9_0.9_mM_22,72h,FSC,0.9,0.9_mM,22,0.527
72h_FSC_0.9_0.9_mM_23,72h,FSC,0.9,0.9_mM,23,0.097
72h_FSC_0.9_0.9_mM_24,72h,FSC,0.9,0.9_mM,24,0.277
72h_FSC_0.9_0.9_mM_25,72h,FSC,0.9,0.9_mM,25,0.176
72h_FSC_0.9_0.9_mM_26,72h,FSC,0.9,0.9_mM,26,0.191
72h_FSC_0.9_0.9_mM_27,72h,FSC,0.9,0.9_mM,27,0.165
72h_FSC_0.9_0.9_mM_28,72h,FSC,0.9,0.9_mM,28,0.093
72h_MF_0.1_0.1_mM_1,72h,MF,0.1,0.1_mM,1,0.277
72h_MF_0.1_0.1_mM_2,72h,MF,0.1,0.1_mM,2,0.209
72h_MF_0.1_0.1_mM_3,72h,MF,0.1,0.1_mM,3,0.187
72h_MF_0.1_0.1_mM_4,72h,MF,0.1,0.1_mM,4,0.263
72h_MF_0.1_0.1_mM_5,72h,MF,0.1,0.1_mM,5,0.259
72h_MF_0.1_0.1_mM_6,72h,MF,0.1,0.1_mM,6,0.186
72h_MF_0.1_0.1_mM_7,72h,MF,0.1,0.1_mM,7,0.248
72h_MF_0.1_0.1_mM_8,72h,MF,0.1,0.1_mM,8,0.255
72h_MF_0.1_0.1_mM_9,72h,MF,0.1,0.1_mM,9,0.142
72h_MF_0.1_0.1_mM_10,72h,MF,0.1,0.1_mM,10,0.194
72h_MF_0.1_0.1_mM_11,72h,MF,0.1,0.1_mM,11,0.26
72h_MF_0.1_0.1_mM_12,72h,MF,0.1,0.1_mM,12,0.19
72h_MF_0.1_0.1_mM_13,72h,MF,0.1,0.1_mM,13,0.126
72h_MF_0.1_0.1_mM_14,72h,MF,0.1,0.1_mM,14,0.292
72h_MF_0.1_0.1_mM_15,72h,MF,0.1,0.1_mM,15,0.141
72h_MF_0.1_0.1_mM_16,72h,MF,0.1,0.1_mM,16,0.147
72h_MF_0.1_0.1_mM_17,72h,MF,0.1,0.1_mM,17,0.097
72h_MF_0.1_0.1_mM_18,72h,MF,0.1,0.1_mM,18,0.211
72h_MF_0.1_0.1_mM_19,72h,MF,0.1,0.1_mM,19,0.098
72h_MF_0.1_0.1_mM_20,72h,MF,0.1,0.1_mM,20,0.107
72h_MF_0.1_0.1_mM_21,72h,MF,0.1,0.1_mM,21,0.184
72h_MF_0.1_0.1_mM_22,72h,MF,0.1,0.1_mM,22,0.253
72h_MF_0.1_0.1_mM_23,72h,MF,0.1,0.1_mM,23,0.199
72h_MF_0.1_0.1_mM_24,72h,MF,0.1,0.1_mM,24,0.271
72h_MF_0.1_0.1_mM_25,72h,MF,0.1,0.1_mM,25,0.219
72h_MF_0.1_0.1_mM_26,72h,MF,0.1,0.1_mM,26,0.214
72h_MF_0.1_0.1_mM_27,72h,MF,0.1,0.1_mM,27,0.235
72h_MF_0.1_0.1_mM_28,72h,MF,0.1,0.1_mM,28,0.179
72h_MF_0.1_0.1_mM_29,72h,MF,0.1,0.1_mM,29,0.079
72h_MF_0.1_0.1_mM_30,72h,MF,0.1,0.1_mM,30,0.269
72h_MF_0.1_0.1_mM_31,72h,MF,0.1,0.1_mM,31,0.235
72h_MF_0.1_0.1_mM_32,72h,MF,0.1,0.1_mM,32,0.095
72h_MF_0.1_0.1_mM_33,72h,MF,0.1,0.1_mM,33,0.122
72h_MF_0.1_0.1_mM_34,72h,MF,0.1,0.1_mM,34,0.115
72h_MF_0.1_0.1_mM_35,72h,MF,0.1,0.1_mM,35,0.168
72h_FSC_0.1_0.1_mM_1,72h,FSC,0.1,0.1_mM,1,0.165
72h_FSC_0.1_0.1_mM_2,72h,FSC,0.1,0.1_mM,2,0.15
72h_FSC_0.1_0.1_mM_3,72h,FSC,0.1,0.1_mM,3,0.18
72h_FSC_0.1_0.1_mM_4,72h,FSC,0.1,0.1_mM,4,0.125
72h_FSC_0.1_0.1_mM_5,72h,FSC,0.1,0.1_mM,5,0.13
72h_FSC_0.1_0.1_mM_6,72h,FSC,0.1,0.1_mM,6,0.102
72h_FSC_0.1_0.1_mM_7,72h,FSC,0.1,0.1_mM,7,0.118
72h_FSC_0.1_0.1_mM_8,72h,FSC,0.1,0.1_mM,8,0.154
72h_FSC_0.1_0.1_mM_9,72h,FSC,0.1,0.1_mM,9,0.159
72h_FSC_0.1_0.1_mM_10,72h,FSC,0.1,0.1_mM,10,0.154
72h_FSC_0.1_0.1_mM_11,72h,FSC,0.1,0.1_mM,11,0.17
72h_FSC_0.1_0.1_mM_12,72h,FSC,0.1,0.1_mM,12,0.11
72h_FSC_0.1_0.1_mM_13,72h,FSC,0.1,0.1_mM,13,0.158
72h_FSC_0.1_0.1_mM_14,72h,FSC,0.1,0.1_mM,14,0.123
72h_FSC_0.1_0.1_mM_15,72h,FSC,0.1,0.1_mM,15,0.214
72h_FSC_0.1_0.1_mM_16,72h,FSC,0.1,0.1_mM,16,0.184
72h_FSC_0.1_0.1_mM_17,72h,FSC,0.1,0.1_mM,17,0.212
72h_FSC_0.1_0.1_mM_18,72h,FSC,0.1,0.1_mM,18,0.181
72h_FSC_0.1_0.1_mM_19,72h,FSC,0.1,0.1_mM,19,0.16
72h_FSC_0.1_0.1_mM_20,72h,FSC,0.1,0.1_mM,20,0.166
72h_FSC_0.1_0.1_mM_21,72h,FSC,0.1,0.1_mM,21,0.145
72h_FSC_0.1_0.1_mM_22,72h,FSC,0.1,0.1_mM,22,0.24
72h_FSC_0.1_0.1_mM_23,72h,FSC,0.1,0.1_mM,23,0.246
72h_FSC_0.1_0.1_mM_24,72h,FSC,0.1,0.1_mM,24,0.298
72h_FSC_0.1_0.1_mM_25,72h,FSC,0.1,0.1_mM,25,0.169
72h_FSC_0.1_0.1_mM_26,72h,FSC,0.1,0.1_mM,26,0.131
72h_FSC_0.1_0.1_mM_27,72h,FSC,0.1,0.1_mM,27,0.175
72h_FSC_0.1_0.1_mM_28,72h,FSC,0.1,0.1_mM,28,0.185
72h_FSC_0.1_0.1_mM_29,72h,FSC,0.1,0.1_mM,29,0.084
72h_MF_10.01_10.01_mM_1,72h,MF,0.01,0.01_mM,1,0.245
72h_MF_10.01_10.01_mM_2,72h,MF,0.01,0.01_mM,2,0.216
72h_MF_10.01_10.01_mM_3,72h,MF,0.01,0.01_mM,3,0.25
72h_MF_10.01_10.01_mM_4,72h,MF,0.01,0.01_mM,4,0.225
72h_MF_10.01_10.01_mM_5,72h,MF,0.01,0.01_mM,5,0.232
72h_MF_10.01_10.01_mM_6,72h,MF,0.01,0.01_mM,6,0.169
72h_MF_10.01_10.01_mM_7,72h,MF,0.01,0.01_mM,7,0.242
72h_MF_10.01_10.01_mM_8,72h,MF,0.01,0.01_mM,8,0.242
72h_MF_10.01_10.01_mM_9,72h,MF,0.01,0.01_mM,9,0.293
72h_MF_10.01_10.01_mM_10,72h,MF,0.01,0.01_mM,10,0.207
72h_MF_10.01_10.01_mM_11,72h,MF,0.01,0.01_mM,11,0.205
72h_MF_10.01_10.01_mM_12,72h,MF,0.01,0.01_mM,12,0.157
72h_MF_10.01_10.01_mM_13,72h,MF,0.01,0.01_mM,13,0.184
72h_MF_10.01_10.01_mM_14,72h,MF,0.01,0.01_mM,14,0.18
72h_MF_10.01_10.01_mM_15,72h,MF,0.01,0.01_mM,15,0.189
72h_MF_10.01_10.01_mM_16,72h,MF,0.01,0.01_mM,16,0.212
72h_MF_10.01_10.01_mM_17,72h,MF,0.01,0.01_mM,17,0.226
72h_MF_10.01_10.01_mM_18,72h,MF,0.01,0.01_mM,18,0.154
72h_MF_10.01_10.01_mM_19,72h,MF,0.01,0.01_mM,19,0.234
72h_MF_10.01_10.01_mM_20,72h,MF,0.01,0.01_mM,20,0.185
72h_MF_10.01_10.01_mM_21,72h,MF,0.01,0.01_mM,21,0.204
72h_MF_10.01_10.01_mM_22,72h,MF,0.01,0.01_mM,22,0.234
72h_MF_10.01_10.01_mM_23,72h,MF,0.01,0.01_mM,23,0.124
72h_MF_10.01_10.01_mM_24,72h,MF,0.01,0.01_mM,24,0.116
72h_MF_10.01_10.01_mM_25,72h,MF,0.01,0.01_mM,25,0.195
72h_MF_10.01_10.01_mM_26,72h,MF,0.01,0.01_mM,26,0.143
72h_MF_10.01_10.01_mM_27,72h,MF,0.01,0.01_mM,27,0.143
72h_FSC_10.01_10.01_mM_1,72h,FSC,0.01,0.01_mM,1,0.181
72h_FSC_10.01_10.01_mM_2,72h,FSC,0.01,0.01_mM,2,0.116
72h_FSC_10.01_10.01_mM_3,72h,FSC,0.01,0.01_mM,3,0.133
72h_FSC_10.01_10.01_mM_4,72h,FSC,0.01,0.01_mM,4,0.171
72h_FSC_10.01_10.01_mM_5,72h,FSC,0.01,0.01_mM,5,0.122
72h_FSC_10.01_10.01_mM_6,72h,FSC,0.01,0.01_mM,6,0.173
72h_FSC_10.01_10.01_mM_7,72h,FSC,0.01,0.01_mM,7,0.182
72h_FSC_10.01_10.01_mM_8,72h,FSC,0.01,0.01_mM,8,0.173
72h_FSC_10.01_10.01_mM_9,72h,FSC,0.01,0.01_mM,9,0.284
72h_FSC_10.01_10.01_mM_10,72h,FSC,0.01,0.01_mM,10,0.189
72h_FSC_10.01_10.01_mM_11,72h,FSC,0.01,0.01_mM,11,0.102
72h_FSC_10.01_10.01_mM_12,72h,FSC,0.01,0.01_mM,12,0.132
72h_FSC_10.01_10.01_mM_13,72h,FSC,0.01,0.01_mM,13,0.125
72h_FSC_10.01_10.01_mM_14,72h,FSC,0.01,0.01_mM,14,0.209
72h_FSC_10.01_10.01_mM_15,72h,FSC,0.01,0.01_mM,15,0.168
72h_FSC_10.01_10.01_mM_16,72h,FSC,0.01,0.01_mM,16,0.142
72h_FSC_10.01_10.01_mM_17,72h,FSC,0.01,0.01_mM,17,0.187
72h_FSC_10.01_10.01_mM_18,72h,FSC,0.01,0.01_mM,18,0.089
72h_FSC_10.01_10.01_mM_19,72h,FSC,0.01,0.01_mM,19,0.13
72h_FSC_10.01_10.01_mM_20,72h,FSC,0.01,0.01_mM,20,0.142
72h_FSC_10.01_10.01_mM_21,72h,FSC,0.01,0.01_mM,21,0.192
72h_FSC_10.01_10.01_mM_22,72h,FSC,0.01,0.01_mM,22,0.099
72h_FSC_10.01_10.01_mM_23,72h,FSC,0.01,0.01_mM,23,0.184
72h_FSC_10.01_10.01_mM_24,72h,FSC,0.01,0.01_mM,24,0.18
72h_FSC_10.01_10.01_mM_25,72h,FSC,0.01,0.01_mM,25,0.148
72h_FSC_10.01_10.01_mM_26,72h,FSC,0.01,0.01_mM,26,0.151
72h_FSC_10.01_10.01_mM_27,72h,FSC,0.01,0.01_mM,27,0.149
72h_FSC_10.01_10.01_mM_28,72h,FSC,0.01,0.01_mM,28,0.152
72h_MF_0.001_0.001_mM_1,72h,MF,0.001,0.001_mM,1,0.28
72h_MF_0.001_0.001_mM_2,72h,MF,0.001,0.001_mM,2,0.27
72h_MF_0.001_0.001_mM_3,72h,MF,0.001,0.001_mM,3,0.287
72h_MF_0.001_0.001_mM_4,72h,MF,0.001,0.001_mM,4,0.303
72h_MF_0.001_0.001_mM_5,72h,MF,0.001,0.001_mM,5,0.21
72h_MF_0.001_0.001_mM_6,72h,MF,0.001,0.001_mM,6,0.29
72h_MF_0.001_0.001_mM_7,72h,MF,0.001,0.001_mM,7,0.266
72h_MF_0.001_0.001_mM_8,72h,MF,0.001,0.001_mM,8,0.316
72h_MF_0.001_0.001_mM_9,72h,MF,0.001,0.001_mM,9,0.102
72h_MF_0.001_0.001_mM_10,72h,MF,0.001,0.001_mM,10,0.225
72h_MF_0.001_0.001_mM_11,72h,MF,0.001,0.001_mM,11,0.19
72h_MF_0.001_0.001_mM_12,72h,MF,0.001,0.001_mM,12,0.198
72h_MF_0.001_0.001_mM_13,72h,MF,0.001,0.001_mM,13,0.161
72h_MF_0.001_0.001_mM_14,72h,MF,0.001,0.001_mM,14,0.307
72h_MF_0.001_0.001_mM_15,72h,MF,0.001,0.001_mM,15,0.194
72h_MF_0.001_0.001_mM_16,72h,MF,0.001,0.001_mM,16,0.181
72h_MF_0.001_0.001_mM_17,72h,MF,0.001,0.001_mM,17,0.277
72h_MF_0.001_0.001_mM_18,72h,MF,0.001,0.001_mM,18,0.205
72h_MF_0.001_0.001_mM_19,72h,MF,0.001,0.001_mM,19,0.177
72h_MF_0.001_0.001_mM_20,72h,MF,0.001,0.001_mM,20,0.289
72h_MF_0.001_0.001_mM_21,72h,MF,0.001,0.001_mM,21,0.149
72h_MF_0.001_0.001_mM_22,72h,MF,0.001,0.001_mM,22,0.233
72h_MF_0.001_0.001_mM_23,72h,MF,0.001,0.001_mM,23,0.22
72h_MF_0.001_0.001_mM_24,72h,MF,0.001,0.001_mM,24,0.231
72h_MF_0.001_0.001_mM_25,72h,MF,0.001,0.001_mM,25,0.124
72h_MF_0.001_0.001_mM_26,72h,MF,0.001,0.001_mM,26,0.184
72h_MF_0.001_0.001_mM_27,72h,MF,0.001,0.001_mM,27,0.246
72h_MF_0.001_0.001_mM_28,72h,MF,0.001,0.001_mM,28,0.378
72h_FSC_0.001_0.001_mM_1,72h,FSC,0.001,0.001_mM,1,0.159
72h_FSC_0.001_0.001_mM_2,72h,FSC,0.001,0.001_mM,2,0.251
72h_FSC_0.001_0.001_mM_3,72h,FSC,0.001,0.001_mM,3,0.292
72h_FSC_0.001_0.001_mM_4,72h,FSC,0.001,0.001_mM,4,0.218
72h_FSC_0.001_0.001_mM_5,72h,FSC,0.001,0.001_mM,5,0.202
72h_FSC_0.001_0.001_mM_6,72h,FSC,0.001,0.001_mM,6,0.089
72h_FSC_0.001_0.001_mM_7,72h,FSC,0.001,0.001_mM,7,0.119
72h_FSC_0.001_0.001_mM_8,72h,FSC,0.001,0.001_mM,8,0.183
72h_FSC_0.001_0.001_mM_9,72h,FSC,0.001,0.001_mM,9,0.103
72h_FSC_0.001_0.001_mM_10,72h,FSC,0.001,0.001_mM,10,0.135
72h_FSC_0.001_0.001_mM_11,72h,FSC,0.001,0.001_mM,11,0.068
72h_FSC_0.001_0.001_mM_12,72h,FSC,0.001,0.001_mM,12,0.181
72h_FSC_0.001_0.001_mM_13,72h,FSC,0.001,0.001_mM,13,0.125
72h_FSC_0.001_0.001_mM_14,72h,FSC,0.001,0.001_mM,14,0.072
72h_FSC_0.001_0.001_mM_15,72h,FSC,0.001,0.001_mM,15,0.239
72h_FSC_0.001_0.001_mM_16,72h,FSC,0.001,0.001_mM,16,0.205
72h_FSC_0.001_0.001_mM_17,72h,FSC,0.001,0.001_mM,17,0.23
72h_FSC_0.001_0.001_mM_18,72h,FSC,0.001,0.001_mM,18,0.227
72h_FSC_0.001_0.001_mM_19,72h,FSC,0.001,0.001_mM,19,0.198
72h_FSC_0.001_0.001_mM_20,72h,FSC,0.001,0.001_mM,20,0.174
72h_FSC_0.001_0.001_mM_21,72h,FSC,0.001,0.001_mM,21,0.276
72h_FSC_0.001_0.001_mM_22,72h,FSC,0.001,0.001_mM,22,0.275
72h_FSC_0.001_0.001_mM_23,72h,FSC,0.001,0.001_mM,23,0.13
72h_FSC_0.001_0.001_mM_24,72h,FSC,0.001,0.001_mM,24,0.135
72h_FSC_0.001_0.001_mM_25,72h,FSC,0.001,0.001_mM,25,0.158
1week_MF_7.5_7.5_mM_1,1week,MF,7.5,7.5_mM,1,0.571
1week_MF_7.5_7.5_mM_2,1week,MF,7.5,7.5_mM,2,0.92
1week_MF_7.5_7.5_mM_3,1week,MF,7.5,7.5_mM,3,1.129
1week_MF_7.5_7.5_mM_4,1week,MF,7.5,7.5_mM,4,1.041
1week_MF_7.5_7.5_mM_5,1week,MF,7.5,7.5_mM,5,0.944
1week_MF_7.5_7.5_mM_6,1week,MF,7.5,7.5_mM,6,1.077
1week_MF_7.5_7.5_mM_7,1week,MF,7.5,7.5_mM,7,0.194
1week_MF_7.5_7.5_mM_8,1week,MF,7.5,7.5_mM,8,0.327
1week_MF_7.5_7.5_mM_9,1week,MF,7.5,7.5_mM,9,0.158
1week_MF_7.5_7.5_mM_10,1week,MF,7.5,7.5_mM,10,0.421
1week_MF_7.5_7.5_mM_11,1week,MF,7.5,7.5_mM,11,1.175
1week_MF_7.5_7.5_mM_12,1week,MF,7.5,7.5_mM,12,0.779
1week_MF_7.5_7.5_mM_13,1week,MF,7.5,7.5_mM,13,1.034
1week_MF_7.5_7.5_mM_14,1week,MF,7.5,7.5_mM,14,0.945
1week_MF_7.5_7.5_mM_15,1week,MF,7.5,7.5_mM,15,0.477
1week_MF_7.5_7.5_mM_16,1week,MF,7.5,7.5_mM,16,1.316
1week_MF_7.5_7.5_mM_17,1week,MF,7.5,7.5_mM,17,0.923
1week_MF_7.5_7.5_mM_18,1week,MF,7.5,7.5_mM,18,0.91
1week_MF_7.5_7.5_mM_19,1week,MF,7.5,7.5_mM,19,1.115
1week_MF_7.5_7.5_mM_20,1week,MF,7.5,7.5_mM,20,0.79
1week_MF_7.5_7.5_mM_21,1week,MF,7.5,7.5_mM,21,0.205
1week_MF_7.5_7.5_mM_22,1week,MF,7.5,7.5_mM,22,0.253
1week_MF_7.5_7.5_mM_23,1week,MF,7.5,7.5_mM,23,1.365
1week_MF_7.5_7.5_mM_24,1week,MF,7.5,7.5_mM,24,0.36
1week_MF_7.5_7.5_mM_25,1week,MF,7.5,7.5_mM,25,0.87
1week_MF_7.5_7.5_mM_26,1week,MF,7.5,7.5_mM,26,1.035
1week_MF_7.5_7.5_mM_27,1week,MF,7.5,7.5_mM,27,1.16
1week_MF_7.5_7.5_mM_28,1week,MF,7.5,7.5_mM,28,0.605
1week_MF_7.5_7.5_mM_29,1week,MF,7.5,7.5_mM,29,0.12
1week_FSC_7.5_7.5_mM_1,1week,FSC,7.5,7.5_mM,1,0.59
1week_FSC_7.5_7.5_mM_2,1week,FSC,7.5,7.5_mM,2,0.637
1week_FSC_7.5_7.5_mM_3,1week,FSC,7.5,7.5_mM,3,0.218
1week_FSC_7.5_7.5_mM_4,1week,FSC,7.5,7.5_mM,4,0.185
1week_FSC_7.5_7.5_mM_5,1week,FSC,7.5,7.5_mM,5,0.361
1week_FSC_7.5_7.5_mM_6,1week,FSC,7.5,7.5_mM,6,0.642
1week_FSC_7.5_7.5_mM_7,1week,FSC,7.5,7.5_mM,7,1.13
1week_FSC_7.5_7.5_mM_8,1week,FSC,7.5,7.5_mM,8,0.828
1week_FSC_7.5_7.5_mM_9,1week,FSC,7.5,7.5_mM,9,0.859
1week_FSC_7.5_7.5_mM_10,1week,FSC,7.5,7.5_mM,10,0.391
1week_FSC_7.5_7.5_mM_11,1week,FSC,7.5,7.5_mM,11,0.284
1week_FSC_7.5_7.5_mM_12,1week,FSC,7.5,7.5_mM,12,0.127
1week_FSC_7.5_7.5_mM_13,1week,FSC,7.5,7.5_mM,13,0.511
1week_FSC_7.5_7.5_mM_14,1week,FSC,7.5,7.5_mM,14,0.349
1week_FSC_7.5_7.5_mM_15,1week,FSC,7.5,7.5_mM,15,0.538
1week_FSC_7.5_7.5_mM_16,1week,FSC,7.5,7.5_mM,16,0.346
1week_FSC_7.5_7.5_mM_17,1week,FSC,7.5,7.5_mM,17,0.433
1week_FSC_7.5_7.5_mM_18,1week,FSC,7.5,7.5_mM,18,0.348
1week_FSC_7.5_7.5_mM_19,1week,FSC,7.5,7.5_mM,19,0.374
1week_FSC_7.5_7.5_mM_20,1week,FSC,7.5,7.5_mM,20,0.509
1week_FSC_7.5_7.5_mM_21,1week,FSC,7.5,7.5_mM,21,0.566
1week_FSC_7.5_7.5_mM_22,1week,FSC,7.5,7.5_mM,22,0.942
1week_FSC_7.5_7.5_mM_23,1week,FSC,7.5,7.5_mM,23,0.528
1week_FSC_7.5_7.5_mM_24,1week,FSC,7.5,7.5_mM,24,0.148
1week_FSC_7.5_7.5_mM_25,1week,FSC,7.5,7.5_mM,25,0.7
1week_FSC_7.5_7.5_mM_26,1week,FSC,7.5,7.5_mM,26,0.64
1week_FSC_7.5_7.5_mM_27,1week,FSC,7.5,7.5_mM,27,0.431
1week_FSC_7.5_7.5_mM_28,1week,FSC,7.5,7.5_mM,28,1.251
1week_FSC_7.5_7.5_mM_29,1week,FSC,7.5,7.5_mM,29,0.608
1week_FSC_7.5_7.5_mM_30,1week,FSC,7.5,7.5_mM,30,0.194
1week_FSC_7.5_7.5_mM_31,1week,FSC,7.5,7.5_mM,31,0.459
1week_FSC_7.5_7.5_mM_32,1week,FSC,7.5,7.5_mM,32,0.411
1week_FSC_7.5_7.5_mM_33,1week,FSC,7.5,7.5_mM,33,0.278
1week_MF_3.75_3.75_mM_1,1week,MF,3.75,3.75_mM,1,1.01
1week_MF_3.75_3.75_mM_2,1week,MF,3.75,3.75_mM,2,0.193
1week_MF_3.75_3.75_mM_3,1week,MF,3.75,3.75_mM,3,1.079
1week_MF_3.75_3.75_mM_4,1week,MF,3.75,3.75_mM,4,0.715
1week_MF_3.75_3.75_mM_5,1week,MF,3.75,3.75_mM,5,0.772
1week_MF_3.75_3.75_mM_6,1week,MF,3.75,3.75_mM,6,1.4
1week_MF_3.75_3.75_mM_7,1week,MF,3.75,3.75_mM,7,0.758
1week_MF_3.75_3.75_mM_8,1week,MF,3.75,3.75_mM,8,1.117
1week_MF_3.75_3.75_mM_9,1week,MF,3.75,3.75_mM,9,0.673
1week_MF_3.75_3.75_mM_10,1week,MF,3.75,3.75_mM,10,0.805
1week_MF_3.75_3.75_mM_11,1week,MF,3.75,3.75_mM,11,0.854
1week_MF_3.75_3.75_mM_12,1week,MF,3.75,3.75_mM,12,0.402
1week_MF_3.75_3.75_mM_13,1week,MF,3.75,3.75_mM,13,0.748
1week_MF_3.75_3.75_mM_14,1week,MF,3.75,3.75_mM,14,0.297
1week_MF_3.75_3.75_mM_15,1week,MF,3.75,3.75_mM,15,1.319
1week_MF_3.75_3.75_mM_16,1week,MF,3.75,3.75_mM,16,0.087
1week_MF_3.75_3.75_mM_17,1week,MF,3.75,3.75_mM,17,1.36
1week_MF_3.75_3.75_mM_18,1week,MF,3.75,3.75_mM,18,0.115
1week_MF_3.75_3.75_mM_19,1week,MF,3.75,3.75_mM,19,0.302
1week_MF_3.75_3.75_mM_20,1week,MF,3.75,3.75_mM,20,0.917
1week_MF_3.75_3.75_mM_21,1week,MF,3.75,3.75_mM,21,1.283
1week_MF_3.75_3.75_mM_22,1week,MF,3.75,3.75_mM,22,1.231
1week_MF_3.75_3.75_mM_23,1week,MF,3.75,3.75_mM,23,1.128
1week_MF_3.75_3.75_mM_24,1week,MF,3.75,3.75_mM,24,1.28
1week_MF_3.75_3.75_mM_25,1week,MF,3.75,3.75_mM,25,0.868
1week_MF_3.75_3.75_mM_26,1week,MF,3.75,3.75_mM,26,0.923
1week_MF_3.75_3.75_mM_27,1week,MF,3.75,3.75_mM,27,0.063
1week_MF_3.75_3.75_mM_28,1week,MF,3.75,3.75_mM,28,0.113
1week_FSC_3.75_3.75_mM_1,1week,FSC,3.75,3.75_mM,1,0.264
1week_FSC_3.75_3.75_mM_2,1week,FSC,3.75,3.75_mM,2,0.735
1week_FSC_3.75_3.75_mM_3,1week,FSC,3.75,3.75_mM,3,0.372
1week_FSC_3.75_3.75_mM_4,1week,FSC,3.75,3.75_mM,4,0.183
1week_FSC_3.75_3.75_mM_5,1week,FSC,3.75,3.75_mM,5,0.357
1week_FSC_3.75_3.75_mM_6,1week,FSC,3.75,3.75_mM,6,0.276
1week_FSC_3.75_3.75_mM_7,1week,FSC,3.75,3.75_mM,7,0.517
1week_FSC_3.75_3.75_mM_8,1week,FSC,3.75,3.75_mM,8,0.29
1week_FSC_3.75_3.75_mM_9,1week,FSC,3.75,3.75_mM,9,0.189
1week_FSC_3.75_3.75_mM_10,1week,FSC,3.75,3.75_mM,10,0.324
1week_FSC_3.75_3.75_mM_11,1week,FSC,3.75,3.75_mM,11,0.903
1week_FSC_3.75_3.75_mM_12,1week,FSC,3.75,3.75_mM,12,0.744
1week_FSC_3.75_3.75_mM_13,1week,FSC,3.75,3.75_mM,13,0.377
1week_FSC_3.75_3.75_mM_14,1week,FSC,3.75,3.75_mM,14,0.179
1week_FSC_3.75_3.75_mM_15,1week,FSC,3.75,3.75_mM,15,0.271
1week_FSC_3.75_3.75_mM_16,1week,FSC,3.75,3.75_mM,16,0.134
1week_FSC_3.75_3.75_mM_17,1week,FSC,3.75,3.75_mM,17,0.25
1week_FSC_3.75_3.75_mM_18,1week,FSC,3.75,3.75_mM,18,0.152
1week_FSC_3.75_3.75_mM_19,1week,FSC,3.75,3.75_mM,19,0.269
1week_FSC_3.75_3.75_mM_20,1week,FSC,3.75,3.75_mM,20,0.265
1week_FSC_3.75_3.75_mM_21,1week,FSC,3.75,3.75_mM,21,0.78
1week_FSC_3.75_3.75_mM_22,1week,FSC,3.75,3.75_mM,22,0.573
1week_FSC_3.75_3.75_mM_23,1week,FSC,3.75,3.75_mM,23,0.245
1week_FSC_3.75_3.75_mM_24,1week,FSC,3.75,3.75_mM,24,0.711
1week_FSC_3.75_3.75_mM_25,1week,FSC,3.75,3.75_mM,25,0.259
1week_FSC_3.75_3.75_mM_26,1week,FSC,3.75,3.75_mM,26,0.135
1week_FSC_3.75_3.75_mM_27,1week,FSC,3.75,3.75_mM,27,0.352
1week_FSC_3.75_3.75_mM_28,1week,FSC,3.75,3.75_mM,28,0.366
1week_FSC_3.75_3.75_mM_29,1week,FSC,3.75,3.75_mM,29,0.105
1week_FSC_3.75_3.75_mM_30,1week,FSC,3.75,3.75_mM,30,0.179
1week_FSC_3.75_3.75_mM_31,1week,FSC,3.75,3.75_mM,31,0.673
1week_MF_1.87_1.87_mM_1,1week,MF,1.87,1.87_mM,1,0.222
1week_MF_1.87_1.87_mM_2,1week,MF,1.87,1.87_mM,2,1.034
1week_MF_1.87_1.87_mM_3,1week,MF,1.87,1.87_mM,3,1.25
1week_MF_1.87_1.87_mM_4,1week,MF,1.87,1.87_mM,4,0.863
1week_MF_1.87_1.87_mM_5,1week,MF,1.87,1.87_mM,5,1.3
1week_MF_1.87_1.87_mM_6,1week,MF,1.87,1.87_mM,6,1.3
1week_MF_1.87_1.87_mM_7,1week,MF,1.87,1.87_mM,7,0.338
1week_MF_1.87_1.87_mM_8,1week,MF,1.87,1.87_mM,8,1.498
1week_MF_1.87_1.87_mM_9,1week,MF,1.87,1.87_mM,9,0.878
1week_MF_1.87_1.87_mM_10,1week,MF,1.87,1.87_mM,10,1.03
1week_MF_1.87_1.87_mM_11,1week,MF,1.87,1.87_mM,11,1.006
1week_MF_1.87_1.87_mM_12,1week,MF,1.87,1.87_mM,12,1.271
1week_MF_1.87_1.87_mM_13,1week,MF,1.87,1.87_mM,13,0.849
1week_MF_1.87_1.87_mM_14,1week,MF,1.87,1.87_mM,14,1.338
1week_MF_1.87_1.87_mM_15,1week,MF,1.87,1.87_mM,15,1.019
1week_MF_1.87_1.87_mM_16,1week,MF,1.87,1.87_mM,16,0.991
1week_MF_1.87_1.87_mM_17,1week,MF,1.87,1.87_mM,17,1.166
1week_MF_1.87_1.87_mM_18,1week,MF,1.87,1.87_mM,18,0.815
1week_MF_1.87_1.87_mM_19,1week,MF,1.87,1.87_mM,19,1.023
1week_MF_1.87_1.87_mM_20,1week,MF,1.87,1.87_mM,20,1.108
1week_MF_1.87_1.87_mM_21,1week,MF,1.87,1.87_mM,21,0.913
1week_MF_1.87_1.87_mM_22,1week,MF,1.87,1.87_mM,22,0.948
1week_MF_1.87_1.87_mM_23,1week,MF,1.87,1.87_mM,23,1.196
1week_MF_1.87_1.87_mM_24,1week,MF,1.87,1.87_mM,24,1.045
1week_MF_1.87_1.87_mM_25,1week,MF,1.87,1.87_mM,25,1.074
1week_MF_1.87_1.87_mM_26,1week,MF,1.87,1.87_mM,26,0.243
1week_MF_1.87_1.87_mM_27,1week,MF,1.87,1.87_mM,27,1.245
1week_MF_1.87_1.87_mM_28,1week,MF,1.87,1.87_mM,28,1.124
1week_MF_1.87_1.87_mM_29,1week,MF,1.87,1.87_mM,29,1.057
1week_MF_1.87_1.87_mM_30,1week,MF,1.87,1.87_mM,30,0.876
1week_MF_1.87_1.87_mM_31,1week,MF,1.87,1.87_mM,31,0.276
1week_MF_1.87_1.87_mM_32,1week,MF,1.87,1.87_mM,32,0.4
1week_MF_1.87_1.87_mM_33,1week,MF,1.87,1.87_mM,33,1.385
1week_MF_1.87_1.87_mM_34,1week,MF,1.87,1.87_mM,34,1.166
1week_MF_1.87_1.87_mM_35,1week,MF,1.87,1.87_mM,35,1.061
1week_MF_1.87_1.87_mM_36,1week,MF,1.87,1.87_mM,36,1.213
1week_MF_1.87_1.87_mM_37,1week,MF,1.87,1.87_mM,37,0.413
1week_MF_1.87_1.87_mM_38,1week,MF,1.87,1.87_mM,38,0.088
1week_MF_1.87_1.87_mM_39,1week,MF,1.87,1.87_mM,39,1.153
1week_MF_1.87_1.87_mM_40,1week,MF,1.87,1.87_mM,40,1.018
1week_MF_1.87_1.87_mM_41,1week,MF,1.87,1.87_mM,41,0.434
1week_MF_1.87_1.87_mM_42,1week,MF,1.87,1.87_mM,42,0.275
1week_FSC_1.87_1.87_mM_1,1week,FSC,1.87,1.87_mM,1,0.207
1week_FSC_1.87_1.87_mM_2,1week,FSC,1.87,1.87_mM,2,0.311
1week_FSC_1.87_1.87_mM_3,1week,FSC,1.87,1.87_mM,3,0.239
1week_FSC_1.87_1.87_mM_4,1week,FSC,1.87,1.87_mM,4,0.322
1week_FSC_1.87_1.87_mM_5,1week,FSC,1.87,1.87_mM,5,0.56
1week_FSC_1.87_1.87_mM_6,1week,FSC,1.87,1.87_mM,6,1.079
1week_FSC_1.87_1.87_mM_7,1week,FSC,1.87,1.87_mM,7,0.814
1week_FSC_1.87_1.87_mM_8,1week,FSC,1.87,1.87_mM,8,0.802
1week_FSC_1.87_1.87_mM_9,1week,FSC,1.87,1.87_mM,9,0.257
1week_FSC_1.87_1.87_mM_10,1week,FSC,1.87,1.87_mM,10,0.072
1week_FSC_1.87_1.87_mM_11,1week,FSC,1.87,1.87_mM,11,0.831
1week_FSC_1.87_1.87_mM_12,1week,FSC,1.87,1.87_mM,12,0.393
1week_FSC_1.87_1.87_mM_13,1week,FSC,1.87,1.87_mM,13,0.288
1week_FSC_1.87_1.87_mM_14,1week,FSC,1.87,1.87_mM,14,0.257
1week_FSC_1.87_1.87_mM_15,1week,FSC,1.87,1.87_mM,15,0.383
1week_FSC_1.87_1.87_mM_16,1week,FSC,1.87,1.87_mM,16,0.232
1week_FSC_1.87_1.87_mM_17,1week,FSC,1.87,1.87_mM,17,0.324
1week_FSC_1.87_1.87_mM_18,1week,FSC,1.87,1.87_mM,18,0.256
1week_FSC_1.87_1.87_mM_19,1week,FSC,1.87,1.87_mM,19,0.493
1week_FSC_1.87_1.87_mM_20,1week,FSC,1.87,1.87_mM,20,0.787
1week_FSC_1.87_1.87_mM_21,1week,FSC,1.87,1.87_mM,21,0.617
1week_FSC_1.87_1.87_mM_22,1week,FSC,1.87,1.87_mM,22,0.288
1week_FSC_1.87_1.87_mM_23,1week,FSC,1.87,1.87_mM,23,0.488
1week_FSC_1.87_1.87_mM_24,1week,FSC,1.87,1.87_mM,24,0.618
1week_FSC_1.87_1.87_mM_25,1week,FSC,1.87,1.87_mM,25,0.18
1week_FSC_1.87_1.87_mM_26,1week,FSC,1.87,1.87_mM,26,0.341
1week_FSC_1.87_1.87_mM_27,1week,FSC,1.87,1.87_mM,27,0.097
1week_FSC_1.87_1.87_mM_28,1week,FSC,1.87,1.87_mM,28,0.499
1week_FSC_1.87_1.87_mM_29,1week,FSC,1.87,1.87_mM,29,0.267
1week_FSC_1.87_1.87_mM_30,1week,FSC,1.87,1.87_mM,30,0.296
1week_FSC_1.87_1.87_mM_31,1week,FSC,1.87,1.87_mM,31,0.297
1week_FSC_1.87_1.87_mM_32,1week,FSC,1.87,1.87_mM,32,0.184
1week_FSC_1.87_1.87_mM_33,1week,FSC,1.87,1.87_mM,33,0.103
1week_FSC_1.87_1.87_mM_34,1week,FSC,1.87,1.87_mM,34,0.163
1week_FSC_1.87_1.87_mM_35,1week,FSC,1.87,1.87_mM,35,0.324
1week_FSC_1.87_1.87_mM_36,1week,FSC,1.87,1.87_mM,36,0.064
1week_FSC_1.87_1.87_mM_37,1week,FSC,1.87,1.87_mM,37,0.152
1week_FSC_1.87_1.87_mM_38,1week,FSC,1.87,1.87_mM,38,0.109
1week_FSC_1.87_1.87_mM_39,1week,FSC,1.87,1.87_mM,39,0.26
1week_FSC_1.87_1.87_mM_40,1week,FSC,1.87,1.87_mM,40,0.238
1week_FSC_1.87_1.87_mM_41,1week,FSC,1.87,1.87_mM,41,0.237
1week_FSC_1.87_1.87_mM_42,1week,FSC,1.87,1.87_mM,42,0.572
1week_FSC_1.87_1.87_mM_43,1week,FSC,1.87,1.87_mM,43,0.269
1week_MF_0.9_0.9_mM_1,1week,MF,0.9,0.9_mM,1,1.112
1week_MF_0.9_0.9_mM_2,1week,MF,0.9,0.9_mM,2,0.984
1week_MF_0.9_0.9_mM_3,1week,MF,0.9,0.9_mM,3,0.268
1week_MF_0.9_0.9_mM_4,1week,MF,0.9,0.9_mM,4,1.192
1week_MF_0.9_0.9_mM_5,1week,MF,0.9,0.9_mM,5,0.245
1week_MF_0.9_0.9_mM_6,1week,MF,0.9,0.9_mM,6,1.336
1week_MF_0.9_0.9_mM_7,1week,MF,0.9,0.9_mM,7,0.512
1week_MF_0.9_0.9_mM_8,1week,MF,0.9,0.9_mM,8,1.103
1week_MF_0.9_0.9_mM_9,1week,MF,0.9,0.9_mM,9,1.112
1week_MF_0.9_0.9_mM_10,1week,MF,0.9,0.9_mM,10,1.082
1week_MF_0.9_0.9_mM_11,1week,MF,0.9,0.9_mM,11,1.088
1week_MF_0.9_0.9_mM_12,1week,MF,0.9,0.9_mM,12,1.111
1week_MF_0.9_0.9_mM_13,1week,MF,0.9,0.9_mM,13,0.635
1week_MF_0.9_0.9_mM_14,1week,MF,0.9,0.9_mM,14,0.993
1week_MF_0.9_0.9_mM_15,1week,MF,0.9,0.9_mM,15,0.333
1week_MF_0.9_0.9_mM_16,1week,MF,0.9,0.9_mM,16,1.031
1week_MF_0.9_0.9_mM_17,1week,MF,0.9,0.9_mM,17,0.232
1week_MF_0.9_0.9_mM_18,1week,MF,0.9,0.9_mM,18,1.239
1week_MF_0.9_0.9_mM_19,1week,MF,0.9,0.9_mM,19,0.209
1week_MF_0.9_0.9_mM_20,1week,MF,0.9,0.9_mM,20,0.83
1week_MF_0.9_0.9_mM_21,1week,MF,0.9,0.9_mM,21,1.363
1week_MF_0.9_0.9_mM_22,1week,MF,0.9,0.9_mM,22,0.475
1week_MF_0.9_0.9_mM_23,1week,MF,0.9,0.9_mM,23,1.392
1week_MF_0.9_0.9_mM_24,1week,MF,0.9,0.9_mM,24,0.859
1week_MF_0.9_0.9_mM_25,1week,MF,0.9,0.9_mM,25,0.411
1week_MF_0.9_0.9_mM_26,1week,MF,0.9,0.9_mM,26,1.139
1week_MF_0.9_0.9_mM_27,1week,MF,0.9,0.9_mM,27,1.226
1week_MF_0.9_0.9_mM_28,1week,MF,0.9,0.9_mM,28,1.278
1week_MF_0.9_0.9_mM_29,1week,MF,0.9,0.9_mM,29,0.408
1week_MF_0.9_0.9_mM_30,1week,MF,0.9,0.9_mM,30,1.108
1week_MF_0.9_0.9_mM_31,1week,MF,0.9,0.9_mM,31,0.858
1week_MF_0.9_0.9_mM_32,1week,MF,0.9,0.9_mM,32,0.314
1week_MF_0.9_0.9_mM_33,1week,MF,0.9,0.9_mM,33,1.306
1week_MF_0.9_0.9_mM_34,1week,MF,0.9,0.9_mM,34,1.04
1week_MF_0.9_0.9_mM_35,1week,MF,0.9,0.9_mM,35,0.987
1week_MF_0.9_0.9_mM_36,1week,MF,0.9,0.9_mM,36,0.384
1week_MF_0.9_0.9_mM_37,1week,MF,0.9,0.9_mM,37,1.374
1week_MF_0.9_0.9_mM_38,1week,MF,0.9,0.9_mM,38,1.277
1week_MF_0.9_0.9_mM_39,1week,MF,0.9,0.9_mM,39,1.431
1week_FSC_0.9_0.9_mM_1,1week,FSC,0.9,0.9_mM,1,0.166
1week_FSC_0.9_0.9_mM_2,1week,FSC,0.9,0.9_mM,2,0.557
1week_FSC_0.9_0.9_mM_3,1week,FSC,0.9,0.9_mM,3,0.144
1week_FSC_0.9_0.9_mM_4,1week,FSC,0.9,0.9_mM,4,0.578
1week_FSC_0.9_0.9_mM_5,1week,FSC,0.9,0.9_mM,5,0.153
1week_FSC_0.9_0.9_mM_6,1week,FSC,0.9,0.9_mM,6,0.45
1week_FSC_0.9_0.9_mM_7,1week,FSC,0.9,0.9_mM,7,0.351
1week_FSC_0.9_0.9_mM_8,1week,FSC,0.9,0.9_mM,8,0.48
1week_FSC_0.9_0.9_mM_9,1week,FSC,0.9,0.9_mM,9,0.592
1week_FSC_0.9_0.9_mM_10,1week,FSC,0.9,0.9_mM,10,0.418
1week_FSC_0.9_0.9_mM_11,1week,FSC,0.9,0.9_mM,11,0.324
1week_FSC_0.9_0.9_mM_12,1week,FSC,0.9,0.9_mM,12,0.28
1week_FSC_0.9_0.9_mM_13,1week,FSC,0.9,0.9_mM,13,0.294
1week_FSC_0.9_0.9_mM_14,1week,FSC,0.9,0.9_mM,14,0.108
1week_FSC_0.9_0.9_mM_15,1week,FSC,0.9,0.9_mM,15,0.175
1week_FSC_0.9_0.9_mM_16,1week,FSC,0.9,0.9_mM,16,0.191
1week_FSC_0.9_0.9_mM_17,1week,FSC,0.9,0.9_mM,17,0.285
1week_FSC_0.9_0.9_mM_18,1week,FSC,0.9,0.9_mM,18,0.949
1week_FSC_0.9_0.9_mM_19,1week,FSC,0.9,0.9_mM,19,0.351
1week_FSC_0.9_0.9_mM_20,1week,FSC,0.9,0.9_mM,20,0.337
1week_FSC_0.9_0.9_mM_21,1week,FSC,0.9,0.9_mM,21,0.07
1week_FSC_0.9_0.9_mM_22,1week,FSC,0.9,0.9_mM,22,0.182
1week_FSC_0.9_0.9_mM_23,1week,FSC,0.9,0.9_mM,23,0.492
1week_FSC_0.9_0.9_mM_24,1week,FSC,0.9,0.9_mM,24,0.277
1week_FSC_0.9_0.9_mM_25,1week,FSC,0.9,0.9_mM,25,0.094
1week_FSC_0.9_0.9_mM_26,1week,FSC,0.9,0.9_mM,26,0.109
1week_FSC_0.9_0.9_mM_27,1week,FSC,0.9,0.9_mM,27,0.256
1week_FSC_0.9_0.9_mM_28,1week,FSC,0.9,0.9_mM,28,0.574
1week_FSC_0.9_0.9_mM_29,1week,FSC,0.9,0.9_mM,29,0.108
1week_FSC_0.9_0.9_mM_30,1week,FSC,0.9,0.9_mM,30,0.069
1week_FSC_0.9_0.9_mM_31,1week,FSC,0.9,0.9_mM,31,0.225
1week_FSC_0.9_0.9_mM_32,1week,FSC,0.9,0.9_mM,32,0.354
1week_FSC_0.9_0.9_mM_33,1week,FSC,0.9,0.9_mM,33,0.323
1week_FSC_0.9_0.9_mM_34,1week,FSC,0.9,0.9_mM,34,0.496
1week_FSC_0.9_0.9_mM_35,1week,FSC,0.9,0.9_mM,35,0.314
1week_FSC_0.9_0.9_mM_36,1week,FSC,0.9,0.9_mM,36,0.133
1week_MF_0.1_0.1_mM_1,1week,MF,0.1,0.1_mM,1,1.372
1week_MF_0.1_0.1_mM_2,1week,MF,0.1,0.1_mM,2,1.37
1week_MF_0.1_0.1_mM_3,1week,MF,0.1,0.1_mM,3,0.925
1week_MF_0.1_0.1_mM_4,1week,MF,0.1,0.1_mM,4,1.299
1week_MF_0.1_0.1_mM_5,1week,MF,0.1,0.1_mM,5,1.025
1week_MF_0.1_0.1_mM_6,1week,MF,0.1,0.1_mM,6,1.341
1week_MF_0.1_0.1_mM_7,1week,MF,0.1,0.1_mM,7,1.369
1week_MF_0.1_0.1_mM_8,1week,MF,0.1,0.1_mM,8,1.404
1week_MF_0.1_0.1_mM_9,1week,MF,0.1,0.1_mM,9,0.183
1week_MF_0.1_0.1_mM_10,1week,MF,0.1,0.1_mM,10,0.314
1week_MF_0.1_0.1_mM_11,1week,MF,0.1,0.1_mM,11,1.108
1week_MF_0.1_0.1_mM_12,1week,MF,0.1,0.1_mM,12,1.043
1week_MF_0.1_0.1_mM_13,1week,MF,0.1,0.1_mM,13,1.233
1week_MF_0.1_0.1_mM_14,1week,MF,0.1,0.1_mM,14,0.429
1week_MF_0.1_0.1_mM_15,1week,MF,0.1,0.1_mM,15,0.654
1week_MF_0.1_0.1_mM_16,1week,MF,0.1,0.1_mM,16,0.237
1week_MF_0.1_0.1_mM_17,1week,MF,0.1,0.1_mM,17,0.368
1week_MF_0.1_0.1_mM_18,1week,MF,0.1,0.1_mM,18,1.346
1week_MF_0.1_0.1_mM_19,1week,MF,0.1,0.1_mM,19,1.329
1week_MF_0.1_0.1_mM_20,1week,MF,0.1,0.1_mM,20,0.679
1week_MF_0.1_0.1_mM_21,1week,MF,0.1,0.1_mM,21,1.263
1week_MF_0.1_0.1_mM_22,1week,MF,0.1,0.1_mM,22,1.091
1week_MF_0.1_0.1_mM_23,1week,MF,0.1,0.1_mM,23,0.893
1week_MF_0.1_0.1_mM_24,1week,MF,0.1,0.1_mM,24,1.306
1week_MF_0.1_0.1_mM_25,1week,MF,0.1,0.1_mM,25,1.517
1week_MF_0.1_0.1_mM_26,1week,MF,0.1,0.1_mM,26,0.911
1week_MF_0.1_0.1_mM_27,1week,MF,0.1,0.1_mM,27,1.086
1week_MF_0.1_0.1_mM_28,1week,MF,0.1,0.1_mM,28,0.689
1week_MF_0.1_0.1_mM_29,1week,MF,0.1,0.1_mM,29,1.074
1week_MF_0.1_0.1_mM_30,1week,MF,0.1,0.1_mM,30,0.37
1week_MF_0.1_0.1_mM_31,1week,MF,0.1,0.1_mM,31,1.223
1week_MF_0.1_0.1_mM_32,1week,MF,0.1,0.1_mM,32,1.005
1week_MF_0.1_0.1_mM_33,1week,MF,0.1,0.1_mM,33,0.24
1week_MF_0.1_0.1_mM_34,1week,MF,0.1,0.1_mM,34,0.365
1week_MF_0.1_0.1_mM_35,1week,MF,0.1,0.1_mM,35,0.201
1week_MF_0.1_0.1_mM_36,1week,MF,0.1,0.1_mM,36,0.521
1week_MF_0.1_0.1_mM_37,1week,MF,0.1,0.1_mM,37,1.239
1week_MF_0.1_0.1_mM_38,1week,MF,0.1,0.1_mM,38,1.277
1week_MF_0.1_0.1_mM_39,1week,MF,0.1,0.1_mM,39,1.201
1week_FSC_0.1_0.1_mM_1,1week,FSC,0.1,0.1_mM,1,0.247
1week_FSC_0.1_0.1_mM_2,1week,FSC,0.1,0.1_mM,2,0.319
1week_FSC_0.1_0.1_mM_3,1week,FSC,0.1,0.1_mM,3,0.443
1week_FSC_0.1_0.1_mM_4,1week,FSC,0.1,0.1_mM,4,0.163
1week_FSC_0.1_0.1_mM_5,1week,FSC,0.1,0.1_mM,5,0.207
1week_FSC_0.1_0.1_mM_6,1week,FSC,0.1,0.1_mM,6,0.189
1week_FSC_0.1_0.1_mM_7,1week,FSC,0.1,0.1_mM,7,0.078
1week_FSC_0.1_0.1_mM_8,1week,FSC,0.1,0.1_mM,8,0.481
1week_FSC_0.1_0.1_mM_9,1week,FSC,0.1,0.1_mM,9,0.182
1week_FSC_0.1_0.1_mM_10,1week,FSC,0.1,0.1_mM,10,0.189
1week_FSC_0.1_0.1_mM_11,1week,FSC,0.1,0.1_mM,11,0.265
1week_FSC_0.1_0.1_mM_12,1week,FSC,0.1,0.1_mM,12,0.186
1week_FSC_0.1_0.1_mM_13,1week,FSC,0.1,0.1_mM,13,0.137
1week_FSC_0.1_0.1_mM_14,1week,FSC,0.1,0.1_mM,14,0.267
1week_FSC_0.1_0.1_mM_15,1week,FSC,0.1,0.1_mM,15,0.174
1week_FSC_0.1_0.1_mM_16,1week,FSC,0.1,0.1_mM,16,0.382
1week_FSC_0.1_0.1_mM_17,1week,FSC,0.1,0.1_mM,17,0.169
1week_FSC_0.1_0.1_mM_18,1week,FSC,0.1,0.1_mM,18,0.284
1week_FSC_0.1_0.1_mM_19,1week,FSC,0.1,0.1_mM,19,0.233
1week_FSC_0.1_0.1_mM_20,1week,FSC,0.1,0.1_mM,20,0.534
1week_FSC_0.1_0.1_mM_21,1week,FSC,0.1,0.1_mM,21,0.188
1week_FSC_0.1_0.1_mM_22,1week,FSC,0.1,0.1_mM,22,0.096
1week_FSC_0.1_0.1_mM_23,1week,FSC,0.1,0.1_mM,23,0.535
1week_FSC_0.1_0.1_mM_24,1week,FSC,0.1,0.1_mM,24,0.152
1week_FSC_0.1_0.1_mM_25,1week,FSC,0.1,0.1_mM,25,0.128
1week_FSC_0.1_0.1_mM_26,1week,FSC,0.1,0.1_mM,26,0.145
1week_FSC_0.1_0.1_mM_27,1week,FSC,0.1,0.1_mM,27,0.607
1week_FSC_0.1_0.1_mM_28,1week,FSC,0.1,0.1_mM,28,0.196
1week_FSC_0.1_0.1_mM_29,1week,FSC,0.1,0.1_mM,29,0.22
1week_FSC_0.1_0.1_mM_30,1week,FSC,0.1,0.1_mM,30,0.38
1week_FSC_0.1_0.1_mM_31,1week,FSC,0.1,0.1_mM,31,0.232
1week_FSC_0.1_0.1_mM_32,1week,FSC,0.1,0.1_mM,32,0.525
1week_FSC_0.1_0.1_mM_33,1week,FSC,0.1,0.1_mM,33,0.094
1week_FSC_0.1_0.1_mM_34,1week,FSC,0.1,0.1_mM,34,0.288
1week_MF_10.01_10.01_mM_1,1week,MF,0.01,0.01_mM,1,1.551
1week_MF_10.01_10.01_mM_2,1week,MF,0.01,0.01_mM,2,1.288
1week_MF_10.01_10.01_mM_3,1week,MF,0.01,0.01_mM,3,1.374
1week_MF_10.01_10.01_mM_4,1week,MF,0.01,0.01_mM,4,1.419
1week_MF_10.01_10.01_mM_5,1week,MF,0.01,0.01_mM,5,0.116
1week_MF_10.01_10.01_mM_6,1week,MF,0.01,0.01_mM,6,0.918
1week_MF_10.01_10.01_mM_7,1week,MF,0.01,0.01_mM,7,0.247
1week_MF_10.01_10.01_mM_8,1week,MF,0.01,0.01_mM,8,0.974
1week_MF_10.01_10.01_mM_9,1week,MF,0.01,0.01_mM,9,0.593
1week_MF_10.01_10.01_mM_10,1week,MF,0.01,0.01_mM,10,1.202
1week_MF_10.01_10.01_mM_11,1week,MF,0.01,0.01_mM,11,1.3
1week_MF_10.01_10.01_mM_12,1week,MF,0.01,0.01_mM,12,1.426
1week_MF_10.01_10.01_mM_13,1week,MF,0.01,0.01_mM,13,0.359
1week_MF_10.01_10.01_mM_14,1week,MF,0.01,0.01_mM,14,0.298
1week_MF_10.01_10.01_mM_15,1week,MF,0.01,0.01_mM,15,0.864
1week_MF_10.01_10.01_mM_16,1week,MF,0.01,0.01_mM,16,1.292
1week_MF_10.01_10.01_mM_17,1week,MF,0.01,0.01_mM,17,1.275
1week_MF_10.01_10.01_mM_18,1week,MF,0.01,0.01_mM,18,0.473
1week_MF_10.01_10.01_mM_19,1week,MF,0.01,0.01_mM,19,0.337
1week_MF_10.01_10.01_mM_20,1week,MF,0.01,0.01_mM,20,0.742
1week_MF_10.01_10.01_mM_21,1week,MF,0.01,0.01_mM,21,0.487
1week_MF_10.01_10.01_mM_22,1week,MF,0.01,0.01_mM,22,1.121
1week_MF_10.01_10.01_mM_23,1week,MF,0.01,0.01_mM,23,1.263
1week_MF_10.01_10.01_mM_24,1week,MF,0.01,0.01_mM,24,0.123
1week_MF_10.01_10.01_mM_25,1week,MF,0.01,0.01_mM,25,0.842
1week_MF_10.01_10.01_mM_26,1week,MF,0.01,0.01_mM,26,0.201
1week_MF_10.01_10.01_mM_27,1week,MF,0.01,0.01_mM,27,1.198
1week_MF_10.01_10.01_mM_28,1week,MF,0.01,0.01_mM,28,0.047
1week_MF_10.01_10.01_mM_29,1week,MF,0.01,0.01_mM,29,0.587
1week_MF_10.01_10.01_mM_30,1week,MF,0.01,0.01_mM,30,0.597
1week_MF_10.01_10.01_mM_31,1week,MF,0.01,0.01_mM,31,1.12
1week_MF_10.01_10.01_mM_32,1week,MF,0.01,0.01_mM,32,1.13
1week_FSC_10.01_10.01_mM_1,1week,FSC,0.01,0.01_mM,1,0.391
1week_FSC_10.01_10.01_mM_2,1week,FSC,0.01,0.01_mM,2,0.248
1week_FSC_10.01_10.01_mM_3,1week,FSC,0.01,0.01_mM,3,0.466
1week_FSC_10.01_10.01_mM_4,1week,FSC,0.01,0.01_mM,4,0.19
1week_FSC_10.01_10.01_mM_5,1week,FSC,0.01,0.01_mM,5,0.12
1week_FSC_10.01_10.01_mM_6,1week,FSC,0.01,0.01_mM,6,0.223
1week_FSC_10.01_10.01_mM_7,1week,FSC,0.01,0.01_mM,7,0.122
1week_FSC_10.01_10.01_mM_8,1week,FSC,0.01,0.01_mM,8,0.322
1week_FSC_10.01_10.01_mM_9,1week,FSC,0.01,0.01_mM,9,0.179
1week_FSC_10.01_10.01_mM_10,1week,FSC,0.01,0.01_mM,10,0.296
1week_FSC_10.01_10.01_mM_11,1week,FSC,0.01,0.01_mM,11,0.203
1week_FSC_10.01_10.01_mM_12,1week,FSC,0.01,0.01_mM,12,0.154
1week_FSC_10.01_10.01_mM_13,1week,FSC,0.01,0.01_mM,13,0.456
1week_FSC_10.01_10.01_mM_14,1week,FSC,0.01,0.01_mM,14,0.166
1week_FSC_10.01_10.01_mM_15,1week,FSC,0.01,0.01_mM,15,0.135
1week_FSC_10.01_10.01_mM_16,1week,FSC,0.01,0.01_mM,16,0.322
1week_FSC_10.01_10.01_mM_17,1week,FSC,0.01,0.01_mM,17,0.226
1week_FSC_10.01_10.01_mM_18,1week,FSC,0.01,0.01_mM,18,0.288
1week_FSC_10.01_10.01_mM_19,1week,FSC,0.01,0.01_mM,19,0.194
1week_FSC_10.01_10.01_mM_20,1week,FSC,0.01,0.01_mM,20,0.111
1week_FSC_10.01_10.01_mM_21,1week,FSC,0.01,0.01_mM,21,0.35
1week_FSC_10.01_10.01_mM_22,1week,FSC,0.01,0.01_mM,22,0.209
1week_FSC_10.01_10.01_mM_23,1week,FSC,0.01,0.01_mM,23,0.078
1week_FSC_10.01_10.01_mM_24,1week,FSC,0.01,0.01_mM,24,0.152
1week_FSC_10.01_10.01_mM_25,1week,FSC,0.01,0.01_mM,25,0.3
1week_FSC_10.01_10.01_mM_26,1week,FSC,0.01,0.01_mM,26,0.359
1week_FSC_10.01_10.01_mM_27,1week,FSC,0.01,0.01_mM,27,0.313
1week_FSC_10.01_10.01_mM_28,1week,FSC,0.01,0.01_mM,28,0.24
1week_FSC_10.01_10.01_mM_29,1week,FSC,0.01,0.01_mM,29,0.244
1week_FSC_10.01_10.01_mM_30,1week,FSC,0.01,0.01_mM,30,0.159
1week_FSC_10.01_10.01_mM_31,1week,FSC,0.01,0.01_mM,31,0.57
1week_MF_0.001_0.001_mM_1,1week,MF,0.001,0.001_mM,1,1.017
1week_MF_0.001_0.001_mM_2,1week,MF,0.001,0.001_mM,2,1.394
1week_MF_0.001_0.001_mM_3,1week,MF,0.001,0.001_mM,3,0.269
1week_MF_0.001_0.001_mM_4,1week,MF,0.001,0.001_mM,4,0.785
1week_MF_0.001_0.001_mM_5,1week,MF,0.001,0.001_mM,5,1.238
1week_MF_0.001_0.001_mM_6,1week,MF,0.001,0.001_mM,6,0.997
1week_MF_0.001_0.001_mM_7,1week,MF,0.001,0.001_mM,7,0.292
1week_MF_0.001_0.001_mM_8,1week,MF,0.001,0.001_mM,8,0.383
1week_MF_0.001_0.001_mM_9,1week,MF,0.001,0.001_mM,9,0.831
1week_MF_0.001_0.001_mM_10,1week,MF,0.001,0.001_mM,10,1.132
1week_MF_0.001_0.001_mM_11,1week,MF,0.001,0.001_mM,11,0.702
1week_MF_0.001_0.001_mM_12,1week,MF,0.001,0.001_mM,12,0.283
1week_MF_0.001_0.001_mM_13,1week,MF,0.001,0.001_mM,13,0.401
1week_MF_0.001_0.001_mM_14,1week,MF,0.001,0.001_mM,14,1.261
1week_MF_0.001_0.001_mM_15,1week,MF,0.001,0.001_mM,15,0.899
1week_MF_0.001_0.001_mM_16,1week,MF,0.001,0.001_mM,16,1.502
1week_MF_0.001_0.001_mM_17,1week,MF,0.001,0.001_mM,17,1.249
1week_MF_0.001_0.001_mM_18,1week,MF,0.001,0.001_mM,18,1.049
1week_MF_0.001_0.001_mM_19,1week,MF,0.001,0.001_mM,19,0.4
1week_MF_0.001_0.001_mM_20,1week,MF,0.001,0.001_mM,20,0.086
1week_MF_0.001_0.001_mM_21,1week,MF,0.001,0.001_mM,21,0.936
1week_MF_0.001_0.001_mM_22,1week,MF,0.001,0.001_mM,22,0.232
1week_MF_0.001_0.001_mM_23,1week,MF,0.001,0.001_mM,23,1.224
1week_MF_0.001_0.001_mM_24,1week,MF,0.001,0.001_mM,24,1.37
1week_MF_0.001_0.001_mM_25,1week,MF,0.001,0.001_mM,25,0.422
1week_MF_0.001_0.001_mM_26,1week,MF,0.001,0.001_mM,26,0.321
1week_MF_0.001_0.001_mM_27,1week,MF,0.001,0.001_mM,27,1.115
1week_MF_0.001_0.001_mM_28,1week,MF,0.001,0.001_mM,28,0.322
1week_MF_0.001_0.001_mM_29,1week,MF,0.001,0.001_mM,29,1.127
1week_MF_0.001_0.001_mM_30,1week,MF,0.001,0.001_mM,30,0.895
1week_MF_0.001_0.001_mM_31,1week,MF,0.001,0.001_mM,31,0.907
1week_MF_0.001_0.001_mM_32,1week,MF,0.001,0.001_mM,32,0.993
1week_MF_0.001_0.001_mM_33,1week,MF,0.001,0.001_mM,33,1.557
1week_FSC_0.001_0.001_mM_1,1week,FSC,0.001,0.001_mM,1,0.177
1week_FSC_0.001_0.001_mM_2,1week,FSC,0.001,0.001_mM,2,0.267
1week_FSC_0.001_0.001_mM_3,1week,FSC,0.001,0.001_mM,3,0.381
1week_FSC_0.001_0.001_mM_4,1week,FSC,0.001,0.001_mM,4,0.19
1week_FSC_0.001_0.001_mM_5,1week,FSC,0.001,0.001_mM,5,0.493
1week_FSC_0.001_0.001_mM_6,1week,FSC,0.001,0.001_mM,6,0.158
1week_FSC_0.001_0.001_mM_7,1week,FSC,0.001,0.001_mM,7,0.16
1week_FSC_0.001_0.001_mM_8,1week,FSC,0.001,0.001_mM,8,0.287
1week_FSC_0.001_0.001_mM_9,1week,FSC,0.001,0.001_mM,9,0.231
1week_FSC_0.001_0.001_mM_10,1week,FSC,0.001,0.001_mM,10,0.258
1week_FSC_0.001_0.001_mM_11,1week,FSC,0.001,0.001_mM,11,0.157
1week_FSC_0.001_0.001_mM_12,1week,FSC,0.001,0.001_mM,12,0.15
1week_FSC_0.001_0.001_mM_13,1week,FSC,0.001,0.001_mM,13,0.116
1week_FSC_0.001_0.001_mM_14,1week,FSC,0.001,0.001_mM,14,0.224
1week_FSC_0.001_0.001_mM_15,1week,FSC,0.001,0.001_mM,15,0.143
1week_FSC_0.001_0.001_mM_16,1week,FSC,0.001,0.001_mM,16,0.282
1week_FSC_0.001_0.001_mM_17,1week,FSC,0.001,0.001_mM,17,0.275
1week_FSC_0.001_0.001_mM_18,1week,FSC,0.001,0.001_mM,18,0.363
1week_FSC_0.001_0.001_mM_19,1week,FSC,0.001,0.001_mM,19,0.389
1week_FSC_0.001_0.001_mM_20,1week,FSC,0.001,0.001_mM,20,0.177
1week_FSC_0.001_0.001_mM_21,1week,FSC,0.001,0.001_mM,21,0.503
1week_FSC_0.001_0.001_mM_22,1week,FSC,0.001,0.001_mM,22,0.224
1week_FSC_0.001_0.001_mM_23,1week,FSC,0.001,0.001_mM,23,0.119
1week_FSC_0.001_0.001_mM_24,1week,FSC,0.001,0.001_mM,24,0.232
1week_FSC_0.001_0.001_mM_25,1week,FSC,0.001,0.001_mM,25,0.085
1week_FSC_0.001_0.001_mM_26,1week,FSC,0.001,0.001_mM,26,0.347
1week_FSC_0.001_0.001_mM_27,1week,FSC,0.001,0.001_mM,27,0.223
1week_FSC_0.001_0.001_mM_28,1week,FSC,0.001,0.001_mM,28,0.195
1week_FSC_0.001_0.001_mM_29,1week,FSC,0.001,0.001_mM,29,0.168
1week_MF_0_0_mM_1,1week,MF,0,0_mM,1,1.321
1week_MF_0_0_mM_2,1week,MF,0,0_mM,2,1.19
1week_MF_0_0_mM_3,1week,MF,0,0_mM,3,1.434
1week_MF_0_0_mM_4,1week,MF,0,0_mM,4,0.575
1week_MF_0_0_mM_5,1week,MF,0,0_mM,5,1.014
1week_MF_0_0_mM_6,1week,MF,0,0_mM,6,0.228
1week_MF_0_0_mM_7,1week,MF,0,0_mM,7,0.969
1week_MF_0_0_mM_8,1week,MF,0,0_mM,8,1.374
1week_MF_0_0_mM_9,1week,MF,0,0_mM,9,0.177
1week_MF_0_0_mM_10,1week,MF,0,0_mM,10,1.282
1week_MF_0_0_mM_11,1week,MF,0,0_mM,11,0.99
1week_MF_0_0_mM_12,1week,MF,0,0_mM,12,1.437
1week_MF_0_0_mM_13,1week,MF,0,0_mM,13,0.773
1week_MF_0_0_mM_14,1week,MF,0,0_mM,14,0.384
1week_MF_0_0_mM_15,1week,MF,0,0_mM,15,0.581
1week_MF_0_0_mM_16,1week,MF,0,0_mM,16,1.048
1week_MF_0_0_mM_17,1week,MF,0,0_mM,17,0.439
1week_MF_0_0_mM_18,1week,MF,0,0_mM,18,1.058
1week_MF_0_0_mM_19,1week,MF,0,0_mM,19,1.2
1week_MF_0_0_mM_20,1week,MF,0,0_mM,20,1.094
1week_MF_0_0_mM_21,1week,MF,0,0_mM,21,0.351
1week_MF_0_0_mM_22,1week,MF,0,0_mM,22,1.523
1week_MF_0_0_mM_23,1week,MF,0,0_mM,23,1.381
1week_MF_0_0_mM_24,1week,MF,0,0_mM,24,1.192
1week_MF_0_0_mM_25,1week,MF,0,0_mM,25,0.307
1week_MF_0_0_mM_26,1week,MF,0,0_mM,26,1.355
1week_MF_0_0_mM_27,1week,MF,0,0_mM,27,1.546
1week_MF_0_0_mM_28,1week,MF,0,0_mM,28,0.636
1week_MF_0_0_mM_29,1week,MF,0,0_mM,29,1.014
1week_MF_0_0_mM_30,1week,MF,0,0_mM,30,1.114
1week_FSC_0_0_mM_1,1week,FSC,0,0_mM,1,0.493
1week_FSC_0_0_mM_2,1week,FSC,0,0_mM,2,0.214
1week_FSC_0_0_mM_3,1week,FSC,0,0_mM,3,0.499
1week_FSC_0_0_mM_4,1week,FSC,0,0_mM,4,0.3
1week_FSC_0_0_mM_5,1week,FSC,0,0_mM,5,0.277
1week_FSC_0_0_mM_6,1week,FSC,0,0_mM,6,0.216
1week_FSC_0_0_mM_7,1week,FSC,0,0_mM,7,0.262
1week_FSC_0_0_mM_8,1week,FSC,0,0_mM,8,0.3
1week_FSC_0_0_mM_9,1week,FSC,0,0_mM,9,0.259
1week_FSC_0_0_mM_10,1week,FSC,0,0_mM,10,0.317
1week_FSC_0_0_mM_11,1week,FSC,0,0_mM,11,0.658
1week_FSC_0_0_mM_12,1week,FSC,0,0_mM,12,0.383
1week_FSC_0_0_mM_13,1week,FSC,0,0_mM,13,0.562
1week_FSC_0_0_mM_14,1week,FSC,0,0_mM,14,0.124
1week_FSC_0_0_mM_15,1week,FSC,0,0_mM,15,0.541
1week_FSC_0_0_mM_16,1week,FSC,0,0_mM,16,0.167
1week_FSC_0_0_mM_17,1week,FSC,0,0_mM,17,0.136
1week_FSC_0_0_mM_18,1week,FSC,0,0_mM,18,0.237
1week_FSC_0_0_mM_19,1week,FSC,0,0_mM,19,0.091
1week_FSC_0_0_mM_20,1week,FSC,0,0_mM,20,0.531
2weeks_MF_7.5_7.5_mM_1,2weeks,MF,7.5,7.5_mM,1,2.899
2weeks_MF_7.5_7.5_mM_2,2weeks,MF,7.5,7.5_mM,2,0.168
2weeks_MF_7.5_7.5_mM_3,2weeks,MF,7.5,7.5_mM,3,3.06
2weeks_MF_7.5_7.5_mM_4,2weeks,MF,7.5,7.5_mM,4,0.239
2weeks_MF_7.5_7.5_mM_5,2weeks,MF,7.5,7.5_mM,5,1.133
2weeks_MF_7.5_7.5_mM_6,2weeks,MF,7.5,7.5_mM,6,2.947
2weeks_MF_7.5_7.5_mM_7,2weeks,MF,7.5,7.5_mM,7,2.656
2weeks_MF_7.5_7.5_mM_8,2weeks,MF,7.5,7.5_mM,8,2.271
2weeks_MF_7.5_7.5_mM_9,2weeks,MF,7.5,7.5_mM,9,2.337
2weeks_MF_7.5_7.5_mM_10,2weeks,MF,7.5,7.5_mM,10,3.503
2weeks_MF_7.5_7.5_mM_11,2weeks,MF,7.5,7.5_mM,11,0.963
2weeks_MF_7.5_7.5_mM_12,2weeks,MF,7.5,7.5_mM,12,2.993
2weeks_MF_7.5_7.5_mM_13,2weeks,MF,7.5,7.5_mM,13,1.999
2weeks_MF_7.5_7.5_mM_14,2weeks,MF,7.5,7.5_mM,14,2.567
2weeks_MF_7.5_7.5_mM_15,2weeks,MF,7.5,7.5_mM,15,3.334
2weeks_MF_7.5_7.5_mM_16,2weeks,MF,7.5,7.5_mM,16,2.938
2weeks_MF_7.5_7.5_mM_17,2weeks,MF,7.5,7.5_mM,17,2.425
2weeks_MF_7.5_7.5_mM_18,2weeks,MF,7.5,7.5_mM,18,3.256
2weeks_MF_7.5_7.5_mM_19,2weeks,MF,7.5,7.5_mM,19,0.18
2weeks_MF_7.5_7.5_mM_20,2weeks,MF,7.5,7.5_mM,20,2.836
2weeks_MF_7.5_7.5_mM_21,2weeks,MF,7.5,7.5_mM,21,3.225
2weeks_MF_7.5_7.5_mM_22,2weeks,MF,7.5,7.5_mM,22,1.818
2weeks_MF_7.5_7.5_mM_23,2weeks,MF,7.5,7.5_mM,23,1.942
2weeks_MF_7.5_7.5_mM_24,2weeks,MF,7.5,7.5_mM,24,0.294
2weeks_MF_7.5_7.5_mM_25,2weeks,MF,7.5,7.5_mM,25,0.245
2weeks_MF_7.5_7.5_mM_26,2weeks,MF,7.5,7.5_mM,26,3.524
2weeks_FSC_7.5_7.5_mM_1,2weeks,FSC,7.5,7.5_mM,1,2.945
2weeks_FSC_7.5_7.5_mM_2,2weeks,FSC,7.5,7.5_mM,2,0.274
2weeks_FSC_7.5_7.5_mM_3,2weeks,FSC,7.5,7.5_mM,3,1.35
2weeks_FSC_7.5_7.5_mM_4,2weeks,FSC,7.5,7.5_mM,4,2.082
2weeks_FSC_7.5_7.5_mM_5,2weeks,FSC,7.5,7.5_mM,5,0.896
2weeks_FSC_7.5_7.5_mM_6,2weeks,FSC,7.5,7.5_mM,6,2.663
2weeks_FSC_7.5_7.5_mM_7,2weeks,FSC,7.5,7.5_mM,7,3.048
2weeks_FSC_7.5_7.5_mM_8,2weeks,FSC,7.5,7.5_mM,8,2.998
2weeks_FSC_7.5_7.5_mM_9,2weeks,FSC,7.5,7.5_mM,9,2.723
2weeks_FSC_7.5_7.5_mM_10,2weeks,FSC,7.5,7.5_mM,10,2.132
2weeks_FSC_7.5_7.5_mM_11,2weeks,FSC,7.5,7.5_mM,11,2.328
2weeks_FSC_7.5_7.5_mM_12,2weeks,FSC,7.5,7.5_mM,12,2.454
2weeks_FSC_7.5_7.5_mM_13,2weeks,FSC,7.5,7.5_mM,13,1.978
2weeks_FSC_7.5_7.5_mM_14,2weeks,FSC,7.5,7.5_mM,14,2.235
2weeks_FSC_7.5_7.5_mM_15,2weeks,FSC,7.5,7.5_mM,15,2.198
2weeks_FSC_7.5_7.5_mM_16,2weeks,FSC,7.5,7.5_mM,16,2.982
2weeks_FSC_7.5_7.5_mM_17,2weeks,FSC,7.5,7.5_mM,17,2.684
2weeks_FSC_7.5_7.5_mM_18,2weeks,FSC,7.5,7.5_mM,18,1.988
2weeks_FSC_7.5_7.5_mM_19,2weeks,FSC,7.5,7.5_mM,19,2.293
2weeks_FSC_7.5_7.5_mM_20,2weeks,FSC,7.5,7.5_mM,20,2.952
2weeks_FSC_7.5_7.5_mM_21,2weeks,FSC,7.5,7.5_mM,21,1.448
2weeks_FSC_7.5_7.5_mM_22,2weeks,FSC,7.5,7.5_mM,22,2.024
2weeks_FSC_7.5_7.5_mM_23,2weeks,FSC,7.5,7.5_mM,23,2.689
2weeks_FSC_7.5_7.5_mM_24,2weeks,FSC,7.5,7.5_mM,24,2.529
2weeks_FSC_7.5_7.5_mM_25,2weeks,FSC,7.5,7.5_mM,25,2.062
2weeks_MF_3.75_3.75_mM_1,2weeks,MF,3.75,3.75_mM,1,2.887
2weeks_MF_3.75_3.75_mM_2,2weeks,MF,3.75,3.75_mM,2,0.204
2weeks_MF_3.75_3.75_mM_3,2weeks,MF,3.75,3.75_mM,3,2.533
2weeks_MF_3.75_3.75_mM_4,2weeks,MF,3.75,3.75_mM,4,2.419
2weeks_MF_3.75_3.75_mM_5,2weeks,MF,3.75,3.75_mM,5,2.522
2weeks_MF_3.75_3.75_mM_6,2weeks,MF,3.75,3.75_mM,6,3.502
2weeks_MF_3.75_3.75_mM_7,2weeks,MF,3.75,3.75_mM,7,2.424
2weeks_MF_3.75_3.75_mM_8,2weeks,MF,3.75,3.75_mM,8,2.504
2weeks_MF_3.75_3.75_mM_9,2weeks,MF,3.75,3.75_mM,9,2.438
2weeks_MF_3.75_3.75_mM_10,2weeks,MF,3.75,3.75_mM,10,3.285
2weeks_MF_3.75_3.75_mM_11,2weeks,MF,3.75,3.75_mM,11,2.719
2weeks_MF_3.75_3.75_mM_12,2weeks,MF,3.75,3.75_mM,12,0.407
2weeks_MF_3.75_3.75_mM_13,2weeks,MF,3.75,3.75_mM,13,0.303
2weeks_MF_3.75_3.75_mM_14,2weeks,MF,3.75,3.75_mM,14,1.28
2weeks_MF_3.75_3.75_mM_15,2weeks,MF,3.75,3.75_mM,15,0.53
2weeks_MF_3.75_3.75_mM_16,2weeks,MF,3.75,3.75_mM,16,2.663
2weeks_MF_3.75_3.75_mM_17,2weeks,MF,3.75,3.75_mM,17,2.985
2weeks_MF_3.75_3.75_mM_18,2weeks,MF,3.75,3.75_mM,18,0.254
2weeks_MF_3.75_3.75_mM_19,2weeks,MF,3.75,3.75_mM,19,3.357
2weeks_MF_3.75_3.75_mM_20,2weeks,MF,3.75,3.75_mM,20,3.441
2weeks_MF_3.75_3.75_mM_21,2weeks,MF,3.75,3.75_mM,21,3.71
2weeks_MF_3.75_3.75_mM_22,2weeks,MF,3.75,3.75_mM,22,0.161
2weeks_MF_3.75_3.75_mM_23,2weeks,MF,3.75,3.75_mM,23,3.559
2weeks_MF_3.75_3.75_mM_24,2weeks,MF,3.75,3.75_mM,24,2.103
2weeks_MF_3.75_3.75_mM_25,2weeks,MF,3.75,3.75_mM,25,3.71
2weeks_MF_3.75_3.75_mM_26,2weeks,MF,3.75,3.75_mM,26,3.66
2weeks_MF_3.75_3.75_mM_27,2weeks,MF,3.75,3.75_mM,27,0.124
2weeks_FSC_3.75_3.75_mM_1,2weeks,FSC,3.75,3.75_mM,1,2.875
2weeks_FSC_3.75_3.75_mM_2,2weeks,FSC,3.75,3.75_mM,2,2.334
2weeks_FSC_3.75_3.75_mM_3,2weeks,FSC,3.75,3.75_mM,3,0.314
2weeks_FSC_3.75_3.75_mM_4,2weeks,FSC,3.75,3.75_mM,4,1.404
2weeks_FSC_3.75_3.75_mM_5,2weeks,FSC,3.75,3.75_mM,5,0.7
2weeks_FSC_3.75_3.75_mM_6,2weeks,FSC,3.75,3.75_mM,6,0.388
2weeks_FSC_3.75_3.75_mM_7,2weeks,FSC,3.75,3.75_mM,7,0.837
2weeks_FSC_3.75_3.75_mM_8,2weeks,FSC,3.75,3.75_mM,8,1.569
2weeks_FSC_3.75_3.75_mM_9,2weeks,FSC,3.75,3.75_mM,9,1.736
2weeks_FSC_3.75_3.75_mM_10,2weeks,FSC,3.75,3.75_mM,10,0.653
2weeks_FSC_3.75_3.75_mM_11,2weeks,FSC,3.75,3.75_mM,11,1.587
2weeks_FSC_3.75_3.75_mM_12,2weeks,FSC,3.75,3.75_mM,12,1.928
2weeks_FSC_3.75_3.75_mM_13,2weeks,FSC,3.75,3.75_mM,13,1.962
2weeks_FSC_3.75_3.75_mM_14,2weeks,FSC,3.75,3.75_mM,14,0.916
2weeks_FSC_3.75_3.75_mM_15,2weeks,FSC,3.75,3.75_mM,15,0.31
2weeks_FSC_3.75_3.75_mM_16,2weeks,FSC,3.75,3.75_mM,16,0.185
2weeks_FSC_3.75_3.75_mM_17,2weeks,FSC,3.75,3.75_mM,17,0.316
2weeks_FSC_3.75_3.75_mM_18,2weeks,FSC,3.75,3.75_mM,18,1.39
2weeks_FSC_3.75_3.75_mM_19,2weeks,FSC,3.75,3.75_mM,19,1.687
2weeks_FSC_3.75_3.75_mM_20,2weeks,FSC,3.75,3.75_mM,20,0.883
2weeks_FSC_3.75_3.75_mM_21,2weeks,FSC,3.75,3.75_mM,21,0.933
2weeks_FSC_3.75_3.75_mM_22,2weeks,FSC,3.75,3.75_mM,22,2.196
2weeks_FSC_3.75_3.75_mM_23,2weeks,FSC,3.75,3.75_mM,23,1.476
2weeks_FSC_3.75_3.75_mM_24,2weeks,FSC,3.75,3.75_mM,24,1.737
2weeks_FSC_3.75_3.75_mM_25,2weeks,FSC,3.75,3.75_mM,25,1.675
2weeks_FSC_3.75_3.75_mM_26,2weeks,FSC,3.75,3.75_mM,26,1.6
2weeks_FSC_3.75_3.75_mM_27,2weeks,FSC,3.75,3.75_mM,27,0.218
2weeks_MF_0.9_0.9_mM_1,2weeks,MF,0.9,0.9_mM,1,3.833
2weeks_MF_0.9_0.9_mM_2,2weeks,MF,0.9,0.9_mM,2,4.059
2weeks_MF_0.9_0.9_mM_3,2weeks,MF,0.9,0.9_mM,3,0.305
2weeks_MF_0.9_0.9_mM_4,2weeks,MF,0.9,0.9_mM,4,4.118
2weeks_MF_0.9_0.9_mM_5,2weeks,MF,0.9,0.9_mM,5,0.505
2weeks_MF_0.9_0.9_mM_6,2weeks,MF,0.9,0.9_mM,6,3.17
2weeks_MF_0.9_0.9_mM_7,2weeks,MF,0.9,0.9_mM,7,2.651
2weeks_MF_0.9_0.9_mM_8,2weeks,MF,0.9,0.9_mM,8,1.494
2weeks_MF_0.9_0.9_mM_9,2weeks,MF,0.9,0.9_mM,9,2.39
2weeks_MF_0.9_0.9_mM_10,2weeks,MF,0.9,0.9_mM,10,3.76
2weeks_MF_0.9_0.9_mM_11,2weeks,MF,0.9,0.9_mM,11,0.223
2weeks_MF_0.9_0.9_mM_12,2weeks,MF,0.9,0.9_mM,12,3.839
2weeks_MF_0.9_0.9_mM_13,2weeks,MF,0.9,0.9_mM,13,3.512
2weeks_MF_0.9_0.9_mM_14,2weeks,MF,0.9,0.9_mM,14,1.903
2weeks_MF_0.9_0.9_mM_15,2weeks,MF,0.9,0.9_mM,15,3.835
2weeks_MF_0.9_0.9_mM_16,2weeks,MF,0.9,0.9_mM,16,3.472
2weeks_MF_0.9_0.9_mM_17,2weeks,MF,0.9,0.9_mM,17,0.151
2weeks_MF_0.9_0.9_mM_18,2weeks,MF,0.9,0.9_mM,18,3.469
2weeks_MF_0.9_0.9_mM_19,2weeks,MF,0.9,0.9_mM,19,0.271
2weeks_MF_0.9_0.9_mM_20,2weeks,MF,0.9,0.9_mM,20,3.236
2weeks_MF_0.9_0.9_mM_21,2weeks,MF,0.9,0.9_mM,21,2.699
2weeks_MF_0.9_0.9_mM_22,2weeks,MF,0.9,0.9_mM,22,3.654
2weeks_MF_0.9_0.9_mM_23,2weeks,MF,0.9,0.9_mM,23,0.29
2weeks_MF_0.9_0.9_mM_24,2weeks,MF,0.9,0.9_mM,24,3.332
2weeks_MF_0.9_0.9_mM_25,2weeks,MF,0.9,0.9_mM,25,2.466
2weeks_MF_0.9_0.9_mM_26,2weeks,MF,0.9,0.9_mM,26,1.915
2weeks_MF_0.9_0.9_mM_27,2weeks,MF,0.9,0.9_mM,27,3.53
2weeks_MF_0.9_0.9_mM_28,2weeks,MF,0.9,0.9_mM,28,2.72
2weeks_MF_0.9_0.9_mM_29,2weeks,MF,0.9,0.9_mM,29,3.311
2weeks_MF_0.9_0.9_mM_30,2weeks,MF,0.9,0.9_mM,30,3.779
2weeks_MF_0.9_0.9_mM_31,2weeks,MF,0.9,0.9_mM,31,0.382
2weeks_MF_0.9_0.9_mM_32,2weeks,MF,0.9,0.9_mM,32,3.677
2weeks_FSC_0.9_0.9_mM_1,2weeks,FSC,0.9,0.9_mM,1,1.582
2weeks_FSC_0.9_0.9_mM_2,2weeks,FSC,0.9,0.9_mM,2,0.519
2weeks_FSC_0.9_0.9_mM_3,2weeks,FSC,0.9,0.9_mM,3,2.105
2weeks_FSC_0.9_0.9_mM_4,2weeks,FSC,0.9,0.9_mM,4,1.844
2weeks_FSC_0.9_0.9_mM_5,2weeks,FSC,0.9,0.9_mM,5,0.991
2weeks_FSC_0.9_0.9_mM_6,2weeks,FSC,0.9,0.9_mM,6,2.539
2weeks_FSC_0.9_0.9_mM_7,2weeks,FSC,0.9,0.9_mM,7,1.303
2weeks_FSC_0.9_0.9_mM_8,2weeks,FSC,0.9,0.9_mM,8,2.383
2weeks_FSC_0.9_0.9_mM_9,2weeks,FSC,0.9,0.9_mM,9,1.967
2weeks_FSC_0.9_0.9_mM_10,2weeks,FSC,0.9,0.9_mM,10,1.364
2weeks_FSC_0.9_0.9_mM_11,2weeks,FSC,0.9,0.9_mM,11,2.2
2weeks_FSC_0.9_0.9_mM_12,2weeks,FSC,0.9,0.9_mM,12,2.213
2weeks_FSC_0.9_0.9_mM_13,2weeks,FSC,0.9,0.9_mM,13,0.372
2weeks_FSC_0.9_0.9_mM_14,2weeks,FSC,0.9,0.9_mM,14,3.443
2weeks_FSC_0.9_0.9_mM_15,2weeks,FSC,0.9,0.9_mM,15,2.14
2weeks_FSC_0.9_0.9_mM_16,2weeks,FSC,0.9,0.9_mM,16,1.411
2weeks_FSC_0.9_0.9_mM_17,2weeks,FSC,0.9,0.9_mM,17,1.378
2weeks_FSC_0.9_0.9_mM_18,2weeks,FSC,0.9,0.9_mM,18,0.584
2weeks_FSC_0.9_0.9_mM_19,2weeks,FSC,0.9,0.9_mM,19,2.794
2weeks_FSC_0.9_0.9_mM_20,2weeks,FSC,0.9,0.9_mM,20,2.507
2weeks_FSC_0.9_0.9_mM_21,2weeks,FSC,0.9,0.9_mM,21,2.609
2weeks_FSC_0.9_0.9_mM_22,2weeks,FSC,0.9,0.9_mM,22,3.217
2weeks_FSC_0.9_0.9_mM_23,2weeks,FSC,0.9,0.9_mM,23,2.173
2weeks_FSC_0.9_0.9_mM_24,2weeks,FSC,0.9,0.9_mM,24,2.02
2weeks_FSC_0.9_0.9_mM_25,2weeks,FSC,0.9,0.9_mM,25,2.457
2weeks_FSC_0.9_0.9_mM_26,2weeks,FSC,0.9,0.9_mM,26,0.781
2weeks_FSC_0.9_0.9_mM_27,2weeks,FSC,0.9,0.9_mM,27,2.342
2weeks_MF_0.1_0.1_mM_1,2weeks,MF,0.1,0.1_mM,1,4.125
2weeks_MF_0.1_0.1_mM_2,2weeks,MF,0.1,0.1_mM,2,4.301
2weeks_MF_0.1_0.1_mM_3,2weeks,MF,0.1,0.1_mM,3,4.033
2weeks_MF_0.1_0.1_mM_4,2weeks,MF,0.1,0.1_mM,4,4.575
2weeks_MF_0.1_0.1_mM_5,2weeks,MF,0.1,0.1_mM,5,3.598
2weeks_MF_0.1_0.1_mM_6,2weeks,MF,0.1,0.1_mM,6,5.186
2weeks_MF_0.1_0.1_mM_7,2weeks,MF,0.1,0.1_mM,7,3.818
2weeks_MF_0.1_0.1_mM_8,2weeks,MF,0.1,0.1_mM,8,2.02
2weeks_MF_0.1_0.1_mM_9,2weeks,MF,0.1,0.1_mM,9,4.135
2weeks_MF_0.1_0.1_mM_10,2weeks,MF,0.1,0.1_mM,10,3.245
2weeks_MF_0.1_0.1_mM_11,2weeks,MF,0.1,0.1_mM,11,4.305
2weeks_MF_0.1_0.1_mM_12,2weeks,MF,0.1,0.1_mM,12,3.991
2weeks_MF_0.1_0.1_mM_13,2weeks,MF,0.1,0.1_mM,13,0.356
2weeks_MF_0.1_0.1_mM_14,2weeks,MF,0.1,0.1_mM,14,4.243
2weeks_MF_0.1_0.1_mM_15,2weeks,MF,0.1,0.1_mM,15,0.269
2weeks_MF_0.1_0.1_mM_16,2weeks,MF,0.1,0.1_mM,16,1.577
2weeks_MF_0.1_0.1_mM_17,2weeks,MF,0.1,0.1_mM,17,0.223
2weeks_MF_0.1_0.1_mM_18,2weeks,MF,0.1,0.1_mM,18,3.671
2weeks_MF_0.1_0.1_mM_19,2weeks,MF,0.1,0.1_mM,19,2.689
2weeks_MF_0.1_0.1_mM_20,2weeks,MF,0.1,0.1_mM,20,4.181
2weeks_MF_0.1_0.1_mM_21,2weeks,MF,0.1,0.1_mM,21,3.58
2weeks_MF_0.1_0.1_mM_22,2weeks,MF,0.1,0.1_mM,22,1.35
2weeks_MF_0.1_0.1_mM_23,2weeks,MF,0.1,0.1_mM,23,4.445
2weeks_MF_0.1_0.1_mM_24,2weeks,MF,0.1,0.1_mM,24,3.876
2weeks_MF_0.1_0.1_mM_25,2weeks,MF,0.1,0.1_mM,25,3.806
2weeks_MF_0.1_0.1_mM_26,2weeks,MF,0.1,0.1_mM,26,4.053
2weeks_MF_0.1_0.1_mM_27,2weeks,MF,0.1,0.1_mM,27,4.233
2weeks_MF_0.1_0.1_mM_28,2weeks,MF,0.1,0.1_mM,28,0.475
2weeks_MF_0.1_0.1_mM_29,2weeks,MF,0.1,0.1_mM,29,4.25
2weeks_MF_0.1_0.1_mM_30,2weeks,MF,0.1,0.1_mM,30,3.613
2weeks_MF_0.1_0.1_mM_31,2weeks,MF,0.1,0.1_mM,31,0.297
2weeks_MF_0.1_0.1_mM_32,2weeks,MF,0.1,0.1_mM,32,2.235
2weeks_MF_0.1_0.1_mM_33,2weeks,MF,0.1,0.1_mM,33,0.228
2weeks_MF_0.1_0.1_mM_34,2weeks,MF,0.1,0.1_mM,34,3.184
2weeks_FSC_0.1_0.1_mM_1,2weeks,FSC,0.1,0.1_mM,1,0.734
2weeks_FSC_0.1_0.1_mM_2,2weeks,FSC,0.1,0.1_mM,2,1.296
2weeks_FSC_0.1_0.1_mM_3,2weeks,FSC,0.1,0.1_mM,3,0.833
2weeks_FSC_0.1_0.1_mM_4,2weeks,FSC,0.1,0.1_mM,4,0.112
2weeks_FSC_0.1_0.1_mM_5,2weeks,FSC,0.1,0.1_mM,5,1.579
2weeks_FSC_0.1_0.1_mM_6,2weeks,FSC,0.1,0.1_mM,6,1.197
2weeks_FSC_0.1_0.1_mM_7,2weeks,FSC,0.1,0.1_mM,7,0.708
2weeks_FSC_0.1_0.1_mM_8,2weeks,FSC,0.1,0.1_mM,8,0.738
2weeks_FSC_0.1_0.1_mM_9,2weeks,FSC,0.1,0.1_mM,9,0.72
2weeks_FSC_0.1_0.1_mM_10,2weeks,FSC,0.1,0.1_mM,10,1.66
2weeks_FSC_0.1_0.1_mM_11,2weeks,FSC,0.1,0.1_mM,11,1.042
2weeks_FSC_0.1_0.1_mM_12,2weeks,FSC,0.1,0.1_mM,12,0.62
2weeks_FSC_0.1_0.1_mM_13,2weeks,FSC,0.1,0.1_mM,13,0.821
2weeks_FSC_0.1_0.1_mM_14,2weeks,FSC,0.1,0.1_mM,14,1.019
2weeks_FSC_0.1_0.1_mM_15,2weeks,FSC,0.1,0.1_mM,15,0.844
2weeks_FSC_0.1_0.1_mM_16,2weeks,FSC,0.1,0.1_mM,16,0.695
2weeks_FSC_0.1_0.1_mM_17,2weeks,FSC,0.1,0.1_mM,17,0.897
2weeks_FSC_0.1_0.1_mM_18,2weeks,FSC,0.1,0.1_mM,18,2.116
2weeks_FSC_0.1_0.1_mM_19,2weeks,FSC,0.1,0.1_mM,19,1.201
2weeks_FSC_0.1_0.1_mM_20,2weeks,FSC,0.1,0.1_mM,20,0.156
2weeks_FSC_0.1_0.1_mM_21,2weeks,FSC,0.1,0.1_mM,21,2.202
2weeks_FSC_0.1_0.1_mM_22,2weeks,FSC,0.1,0.1_mM,22,1.879
2weeks_FSC_0.1_0.1_mM_23,2weeks,FSC,0.1,0.1_mM,23,0.169
2weeks_FSC_0.1_0.1_mM_24,2weeks,FSC,0.1,0.1_mM,24,0.178
2weeks_FSC_0.1_0.1_mM_25,2weeks,FSC,0.1,0.1_mM,25,1.779
2weeks_FSC_0.1_0.1_mM_26,2weeks,FSC,0.1,0.1_mM,26,1.525
2weeks_FSC_0.1_0.1_mM_27,2weeks,FSC,0.1,0.1_mM,27,0.064
2weeks_FSC_0.1_0.1_mM_28,2weeks,FSC,0.1,0.1_mM,28,0.905
2weeks_FSC_0.1_0.1_mM_29,2weeks,FSC,0.1,0.1_mM,29,1.588
2weeks_FSC_0.1_0.1_mM_30,2weeks,FSC,0.1,0.1_mM,30,1.062
2weeks_FSC_0.1_0.1_mM_31,2weeks,FSC,0.1,0.1_mM,31,2.105
2weeks_FSC_0.1_0.1_mM_32,2weeks,FSC,0.1,0.1_mM,32,2
2weeks_MF_10.01_10.01_mM_1,2weeks,MF,0.01,0.01_mM,1,3.049
2weeks_MF_10.01_10.01_mM_2,2weeks,MF,0.01,0.01_mM,2,3.914
2weeks_MF_10.01_10.01_mM_3,2weeks,MF,0.01,0.01_mM,3,0.812
2weeks_MF_10.01_10.01_mM_4,2weeks,MF,0.01,0.01_mM,4,0.152
2weeks_MF_10.01_10.01_mM_5,2weeks,MF,0.01,0.01_mM,5,0.146
2weeks_MF_10.01_10.01_mM_6,2weeks,MF,0.01,0.01_mM,6,2.205
2weeks_MF_10.01_10.01_mM_7,2weeks,MF,0.01,0.01_mM,7,1.073
2weeks_MF_10.01_10.01_mM_8,2weeks,MF,0.01,0.01_mM,8,0.947
2weeks_MF_10.01_10.01_mM_9,2weeks,MF,0.01,0.01_mM,9,0.842
2weeks_MF_10.01_10.01_mM_10,2weeks,MF,0.01,0.01_mM,10,3.339
2weeks_MF_10.01_10.01_mM_11,2weeks,MF,0.01,0.01_mM,11,3.584
2weeks_MF_10.01_10.01_mM_12,2weeks,MF,0.01,0.01_mM,12,3.993
2weeks_MF_10.01_10.01_mM_13,2weeks,MF,0.01,0.01_mM,13,0.391
2weeks_MF_10.01_10.01_mM_14,2weeks,MF,0.01,0.01_mM,14,0.536
2weeks_MF_10.01_10.01_mM_15,2weeks,MF,0.01,0.01_mM,15,0.329
2weeks_MF_10.01_10.01_mM_16,2weeks,MF,0.01,0.01_mM,16,0.407
2weeks_MF_10.01_10.01_mM_17,2weeks,MF,0.01,0.01_mM,17,3.602
2weeks_MF_10.01_10.01_mM_18,2weeks,MF,0.01,0.01_mM,18,3.562
2weeks_MF_10.01_10.01_mM_19,2weeks,MF,0.01,0.01_mM,19,5.73
2weeks_MF_10.01_10.01_mM_20,2weeks,MF,0.01,0.01_mM,20,0.201
2weeks_MF_10.01_10.01_mM_21,2weeks,MF,0.01,0.01_mM,21,3.783
2weeks_MF_10.01_10.01_mM_22,2weeks,MF,0.01,0.01_mM,22,2.603
2weeks_MF_10.01_10.01_mM_23,2weeks,MF,0.01,0.01_mM,23,0.116
2weeks_MF_10.01_10.01_mM_24,2weeks,MF,0.01,0.01_mM,24,4.339
2weeks_MF_10.01_10.01_mM_25,2weeks,MF,0.01,0.01_mM,25,1.965
2weeks_MF_10.01_10.01_mM_26,2weeks,MF,0.01,0.01_mM,26,3.771
2weeks_MF_10.01_10.01_mM_27,2weeks,MF,0.01,0.01_mM,27,2.235
2weeks_MF_10.01_10.01_mM_28,2weeks,MF,0.01,0.01_mM,28,1.951
2weeks_MF_10.01_10.01_mM_29,2weeks,MF,0.01,0.01_mM,29,0.267
2weeks_MF_10.01_10.01_mM_30,2weeks,MF,0.01,0.01_mM,30,3.217
2weeks_MF_10.01_10.01_mM_31,2weeks,MF,0.01,0.01_mM,31,2.978
2weeks_FSC_10.01_10.01_mM_1,2weeks,FSC,0.01,0.01_mM,1,1.86
2weeks_FSC_10.01_10.01_mM_2,2weeks,FSC,0.01,0.01_mM,2,0.758
2weeks_FSC_10.01_10.01_mM_3,2weeks,FSC,0.01,0.01_mM,3,2.071
2weeks_FSC_10.01_10.01_mM_4,2weeks,FSC,0.01,0.01_mM,4,2.072
2weeks_FSC_10.01_10.01_mM_5,2weeks,FSC,0.01,0.01_mM,5,0.934
2weeks_FSC_10.01_10.01_mM_6,2weeks,FSC,0.01,0.01_mM,6,0.805
2weeks_FSC_10.01_10.01_mM_7,2weeks,FSC,0.01,0.01_mM,7,1.743
2weeks_FSC_10.01_10.01_mM_8,2weeks,FSC,0.01,0.01_mM,8,0.899
2weeks_FSC_10.01_10.01_mM_9,2weeks,FSC,0.01,0.01_mM,9,0.184
2weeks_FSC_10.01_10.01_mM_10,2weeks,FSC,0.01,0.01_mM,10,1.544
2weeks_FSC_10.01_10.01_mM_11,2weeks,FSC,0.01,0.01_mM,11,1.744
2weeks_FSC_10.01_10.01_mM_12,2weeks,FSC,0.01,0.01_mM,12,0.265
2weeks_FSC_10.01_10.01_mM_13,2weeks,FSC,0.01,0.01_mM,13,1.147
2weeks_FSC_10.01_10.01_mM_14,2weeks,FSC,0.01,0.01_mM,14,1.033
2weeks_FSC_10.01_10.01_mM_15,2weeks,FSC,0.01,0.01_mM,15,0.781
2weeks_FSC_10.01_10.01_mM_16,2weeks,FSC,0.01,0.01_mM,16,1.899
2weeks_FSC_10.01_10.01_mM_17,2weeks,FSC,0.01,0.01_mM,17,0.122
2weeks_FSC_10.01_10.01_mM_18,2weeks,FSC,0.01,0.01_mM,18,2.146
2weeks_FSC_10.01_10.01_mM_19,2weeks,FSC,0.01,0.01_mM,19,1.295
2weeks_FSC_10.01_10.01_mM_20,2weeks,FSC,0.01,0.01_mM,20,1.33
2weeks_FSC_10.01_10.01_mM_21,2weeks,FSC,0.01,0.01_mM,21,1.158
2weeks_FSC_10.01_10.01_mM_22,2weeks,FSC,0.01,0.01_mM,22,0.658
2weeks_FSC_10.01_10.01_mM_23,2weeks,FSC,0.01,0.01_mM,23,1.088
2weeks_FSC_10.01_10.01_mM_24,2weeks,FSC,0.01,0.01_mM,24,1.675
2weeks_FSC_10.01_10.01_mM_25,2weeks,FSC,0.01,0.01_mM,25,0.14
2weeks_FSC_10.01_10.01_mM_26,2weeks,FSC,0.01,0.01_mM,26,0.208
2weeks_FSC_10.01_10.01_mM_27,2weeks,FSC,0.01,0.01_mM,27,1.252
2weeks_FSC_10.01_10.01_mM_28,2weeks,FSC,0.01,0.01_mM,28,1.072
2weeks_MF_1.87_1.87_mM_1,2weeks,MF,1.87,1.87_mM,1,0.226
2weeks_MF_1.87_1.87_mM_2,2weeks,MF,1.87,1.87_mM,2,1.824
2weeks_MF_1.87_1.87_mM_3,2weeks,MF,1.87,1.87_mM,3,2.835
2weeks_MF_1.87_1.87_mM_4,2weeks,MF,1.87,1.87_mM,4,0.671
2weeks_MF_1.87_1.87_mM_5,2weeks,MF,1.87,1.87_mM,5,0.163
2weeks_MF_1.87_1.87_mM_6,2weeks,MF,1.87,1.87_mM,6,3.556
2weeks_MF_1.87_1.87_mM_7,2weeks,MF,1.87,1.87_mM,7,3.719
2weeks_MF_1.87_1.87_mM_8,2weeks,MF,1.87,1.87_mM,8,3.906
2weeks_MF_1.87_1.87_mM_9,2weeks,MF,1.87,1.87_mM,9,3.735
2weeks_MF_1.87_1.87_mM_10,2weeks,MF,1.87,1.87_mM,10,2.998
2weeks_MF_1.87_1.87_mM_11,2weeks,MF,1.87,1.87_mM,11,0.501
2weeks_MF_1.87_1.87_mM_12,2weeks,MF,1.87,1.87_mM,12,3.72
2weeks_MF_1.87_1.87_mM_13,2weeks,MF,1.87,1.87_mM,13,3.958
2weeks_MF_1.87_1.87_mM_14,2weeks,MF,1.87,1.87_mM,14,3.067
2weeks_MF_1.87_1.87_mM_15,2weeks,MF,1.87,1.87_mM,15,0.181
2weeks_MF_1.87_1.87_mM_16,2weeks,MF,1.87,1.87_mM,16,0.212
2weeks_MF_1.87_1.87_mM_17,2weeks,MF,1.87,1.87_mM,17,3.79
2weeks_MF_1.87_1.87_mM_18,2weeks,MF,1.87,1.87_mM,18,3.496
2weeks_MF_1.87_1.87_mM_19,2weeks,MF,1.87,1.87_mM,19,3.607
2weeks_MF_1.87_1.87_mM_20,2weeks,MF,1.87,1.87_mM,20,3.367
2weeks_MF_1.87_1.87_mM_21,2weeks,MF,1.87,1.87_mM,21,3.628
2weeks_MF_1.87_1.87_mM_22,2weeks,MF,1.87,1.87_mM,22,3.379
2weeks_MF_1.87_1.87_mM_23,2weeks,MF,1.87,1.87_mM,23,3.382
2weeks_MF_1.87_1.87_mM_24,2weeks,MF,1.87,1.87_mM,24,2.929
2weeks_MF_1.87_1.87_mM_25,2weeks,MF,1.87,1.87_mM,25,0.225
2weeks_MF_1.87_1.87_mM_26,2weeks,MF,1.87,1.87_mM,26,3.845
2weeks_MF_1.87_1.87_mM_27,2weeks,MF,1.87,1.87_mM,27,3.044
2weeks_MF_1.87_1.87_mM_28,2weeks,MF,1.87,1.87_mM,28,3.65
2weeks_MF_1.87_1.87_mM_29,2weeks,MF,1.87,1.87_mM,29,3.752
2weeks_MF_1.87_1.87_mM_30,2weeks,MF,1.87,1.87_mM,30,4.387
2weeks_MF_1.87_1.87_mM_31,2weeks,MF,1.87,1.87_mM,31,3.297
2weeks_MF_1.87_1.87_mM_32,2weeks,MF,1.87,1.87_mM,32,1.367
2weeks_MF_1.87_1.87_mM_33,2weeks,MF,1.87,1.87_mM,33,3.918
2weeks_MF_1.87_1.87_mM_34,2weeks,MF,1.87,1.87_mM,34,3.22
2weeks_FSC_1.87_1.87_mM_1,2weeks,FSC,1.87,1.87_mM,1,0.52
2weeks_FSC_1.87_1.87_mM_2,2weeks,FSC,1.87,1.87_mM,2,3.028
2weeks_FSC_1.87_1.87_mM_3,2weeks,FSC,1.87,1.87_mM,3,0.944
2weeks_FSC_1.87_1.87_mM_4,2weeks,FSC,1.87,1.87_mM,4,1.818
2weeks_FSC_1.87_1.87_mM_5,2weeks,FSC,1.87,1.87_mM,5,0.891
2weeks_FSC_1.87_1.87_mM_6,2weeks,FSC,1.87,1.87_mM,6,0.819
2weeks_FSC_1.87_1.87_mM_7,2weeks,FSC,1.87,1.87_mM,7,1.519
2weeks_FSC_1.87_1.87_mM_8,2weeks,FSC,1.87,1.87_mM,8,0.793
2weeks_FSC_1.87_1.87_mM_9,2weeks,FSC,1.87,1.87_mM,9,0.528
2weeks_FSC_1.87_1.87_mM_10,2weeks,FSC,1.87,1.87_mM,10,2.134
2weeks_FSC_1.87_1.87_mM_11,2weeks,FSC,1.87,1.87_mM,11,1.709
2weeks_FSC_1.87_1.87_mM_12,2weeks,FSC,1.87,1.87_mM,12,1.508
2weeks_FSC_1.87_1.87_mM_13,2weeks,FSC,1.87,1.87_mM,13,2.449
2weeks_FSC_1.87_1.87_mM_14,2weeks,FSC,1.87,1.87_mM,14,1.601
2weeks_FSC_1.87_1.87_mM_15,2weeks,FSC,1.87,1.87_mM,15,2.858
2weeks_FSC_1.87_1.87_mM_16,2weeks,FSC,1.87,1.87_mM,16,2.221
2weeks_FSC_1.87_1.87_mM_17,2weeks,FSC,1.87,1.87_mM,17,2.871
2weeks_FSC_1.87_1.87_mM_18,2weeks,FSC,1.87,1.87_mM,18,2.034
2weeks_FSC_1.87_1.87_mM_19,2weeks,FSC,1.87,1.87_mM,19,0.51
2weeks_FSC_1.87_1.87_mM_20,2weeks,FSC,1.87,1.87_mM,20,0.852
2weeks_FSC_1.87_1.87_mM_21,2weeks,FSC,1.87,1.87_mM,21,0.719
2weeks_FSC_1.87_1.87_mM_22,2weeks,FSC,1.87,1.87_mM,22,0.65
2weeks_FSC_1.87_1.87_mM_23,2weeks,FSC,1.87,1.87_mM,23,0.699
2weeks_FSC_1.87_1.87_mM_24,2weeks,FSC,1.87,1.87_mM,24,0.989
2weeks_FSC_1.87_1.87_mM_25,2weeks,FSC,1.87,1.87_mM,25,2.359
2weeks_FSC_1.87_1.87_mM_26,2weeks,FSC,1.87,1.87_mM,26,2.396
2weeks_FSC_1.87_1.87_mM_27,2weeks,FSC,1.87,1.87_mM,27,1.334
2weeks_FSC_1.87_1.87_mM_28,2weeks,FSC,1.87,1.87_mM,28,0.628
2weeks_FSC_1.87_1.87_mM_29,2weeks,FSC,1.87,1.87_mM,29,1.115
2weeks_FSC_1.87_1.87_mM_30,2weeks,FSC,1.87,1.87_mM,30,2.154
2weeks_FSC_1.87_1.87_mM_31,2weeks,FSC,1.87,1.87_mM,31,0.805
2weeks_FSC_1.87_1.87_mM_32,2weeks,FSC,1.87,1.87_mM,32,2.179
2weeks_FSC_1.87_1.87_mM_33,2weeks,FSC,1.87,1.87_mM,33,3.721
2weeks_MF_0.001_0.001_mM_1,2weeks,MF,0.001,0.001_mM,1,3.464
2weeks_MF_0.001_0.001_mM_2,2weeks,MF,0.001,0.001_mM,2,5.057
2weeks_MF_0.001_0.001_mM_3,2weeks,MF,0.001,0.001_mM,3,2.501
2weeks_MF_0.001_0.001_mM_4,2weeks,MF,0.001,0.001_mM,4,3.841
2weeks_MF_0.001_0.001_mM_5,2weeks,MF,0.001,0.001_mM,5,3.585
2weeks_MF_0.001_0.001_mM_6,2weeks,MF,0.001,0.001_mM,6,0.269
2weeks_MF_0.001_0.001_mM_7,2weeks,MF,0.001,0.001_mM,7,2.655
2weeks_MF_0.001_0.001_mM_8,2weeks,MF,0.001,0.001_mM,8,0.302
2weeks_MF_0.001_0.001_mM_9,2weeks,MF,0.001,0.001_mM,9,2.8
2weeks_MF_0.001_0.001_mM_10,2weeks,MF,0.001,0.001_mM,10,4.181
2weeks_MF_0.001_0.001_mM_11,2weeks,MF,0.001,0.001_mM,11,2.482
2weeks_MF_0.001_0.001_mM_12,2weeks,MF,0.001,0.001_mM,12,0.343
2weeks_MF_0.001_0.001_mM_13,2weeks,MF,0.001,0.001_mM,13,0.244
2weeks_MF_0.001_0.001_mM_14,2weeks,MF,0.001,0.001_mM,14,3.924
2weeks_MF_0.001_0.001_mM_15,2weeks,MF,0.001,0.001_mM,15,4.106
2weeks_MF_0.001_0.001_mM_16,2weeks,MF,0.001,0.001_mM,16,4.012
2weeks_MF_0.001_0.001_mM_17,2weeks,MF,0.001,0.001_mM,17,4.099
2weeks_MF_0.001_0.001_mM_18,2weeks,MF,0.001,0.001_mM,18,3.896
2weeks_MF_0.001_0.001_mM_19,2weeks,MF,0.001,0.001_mM,19,3.302
2weeks_MF_0.001_0.001_mM_20,2weeks,MF,0.001,0.001_mM,20,0.716
2weeks_MF_0.001_0.001_mM_21,2weeks,MF,0.001,0.001_mM,21,0.508
2weeks_MF_0.001_0.001_mM_22,2weeks,MF,0.001,0.001_mM,22,3.91
2weeks_MF_0.001_0.001_mM_23,2weeks,MF,0.001,0.001_mM,23,1.796
2weeks_MF_0.001_0.001_mM_24,2weeks,MF,0.001,0.001_mM,24,3.644
2weeks_MF_0.001_0.001_mM_25,2weeks,MF,0.001,0.001_mM,25,2.697
2weeks_MF_0.001_0.001_mM_26,2weeks,MF,0.001,0.001_mM,26,2.054
2weeks_MF_0.001_0.001_mM_27,2weeks,MF,0.001,0.001_mM,27,3.601
2weeks_MF_0.001_0.001_mM_28,2weeks,MF,0.001,0.001_mM,28,2.999
2weeks_MF_0.001_0.001_mM_29,2weeks,MF,0.001,0.001_mM,29,3.039
2weeks_FSC_0.001_0.001_mM_1,2weeks,FSC,0.001,0.001_mM,1,0.503
2weeks_FSC_0.001_0.001_mM_2,2weeks,FSC,0.001,0.001_mM,2,0.747
2weeks_FSC_0.001_0.001_mM_3,2weeks,FSC,0.001,0.001_mM,3,0.676
2weeks_FSC_0.001_0.001_mM_4,2weeks,FSC,0.001,0.001_mM,4,1.052
2weeks_FSC_0.001_0.001_mM_5,2weeks,FSC,0.001,0.001_mM,5,0.969
2weeks_FSC_0.001_0.001_mM_6,2weeks,FSC,0.001,0.001_mM,6,0.337
2weeks_FSC_0.001_0.001_mM_7,2weeks,FSC,0.001,0.001_mM,7,1.559
2weeks_FSC_0.001_0.001_mM_8,2weeks,FSC,0.001,0.001_mM,8,1.459
2weeks_FSC_0.001_0.001_mM_9,2weeks,FSC,0.001,0.001_mM,9,0.815
2weeks_FSC_0.001_0.001_mM_10,2weeks,FSC,0.001,0.001_mM,10,0.22
2weeks_FSC_0.001_0.001_mM_11,2weeks,FSC,0.001,0.001_mM,11,1.435
2weeks_FSC_0.001_0.001_mM_12,2weeks,FSC,0.001,0.001_mM,12,1.006
2weeks_FSC_0.001_0.001_mM_13,2weeks,FSC,0.001,0.001_mM,13,0.494
2weeks_FSC_0.001_0.001_mM_14,2weeks,FSC,0.001,0.001_mM,14,0.136
2weeks_FSC_0.001_0.001_mM_15,2weeks,FSC,0.001,0.001_mM,15,0.111
2weeks_FSC_0.001_0.001_mM_16,2weeks,FSC,0.001,0.001_mM,16,0.181
2weeks_FSC_0.001_0.001_mM_17,2weeks,FSC,0.001,0.001_mM,17,1.281
2weeks_FSC_0.001_0.001_mM_18,2weeks,FSC,0.001,0.001_mM,18,0.226
2weeks_FSC_0.001_0.001_mM_19,2weeks,FSC,0.001,0.001_mM,19,0.123
2weeks_FSC_0.001_0.001_mM_20,2weeks,FSC,0.001,0.001_mM,20,0.052
2weeks_FSC_0.001_0.001_mM_21,2weeks,FSC,0.001,0.001_mM,21,0.312
2weeks_FSC_0.001_0.001_mM_22,2weeks,FSC,0.001,0.001_mM,22,0.234
2weeks_FSC_0.001_0.001_mM_23,2weeks,FSC,0.001,0.001_mM,23,0.122
2weeks_FSC_0.001_0.001_mM_24,2weeks,FSC,0.001,0.001_mM,24,0.238
2weeks_FSC_0.001_0.001_mM_25,2weeks,FSC,0.001,0.001_mM,25,1.132
2weeks_FSC_0.001_0.001_mM_26,2weeks,FSC,0.001,0.001_mM,26,0.878
2weeks_FSC_0.001_0.001_mM_27,2weeks,FSC,0.001,0.001_mM,27,1.047
2weeks_FSC_0.001_0.001_mM_28,2weeks,FSC,0.001,0.001_mM,28,0.254
2weeks_FSC_0.001_0.001_mM_29,2weeks,FSC,0.001,0.001_mM,29,0.159
2weeks_MF_0_0_mM_1,2weeks,MF,0,0_mM,1,0.294
2weeks_MF_0_0_mM_2,2weeks,MF,0,0_mM,2,0.15
2weeks_MF_0_0_mM_3,2weeks,MF,0,0_mM,3,1.415
2weeks_MF_0_0_mM_4,2weeks,MF,0,0_mM,4,4.41
2weeks_MF_0_0_mM_5,2weeks,MF,0,0_mM,5,3.643
2weeks_MF_0_0_mM_6,2weeks,MF,0,0_mM,6,3.95
2weeks_MF_0_0_mM_7,2weeks,MF,0,0_mM,7,0.485
2weeks_MF_0_0_mM_8,2weeks,MF,0,0_mM,8,1.937
2weeks_MF_0_0_mM_9,2weeks,MF,0,0_mM,9,0.41
2weeks_MF_0_0_mM_10,2weeks,MF,0,0_mM,10,3.994
2weeks_MF_0_0_mM_11,2weeks,MF,0,0_mM,11,3.153
2weeks_MF_0_0_mM_12,2weeks,MF,0,0_mM,12,4.237
2weeks_MF_0_0_mM_13,2weeks,MF,0,0_mM,13,4.011
2weeks_MF_0_0_mM_14,2weeks,MF,0,0_mM,14,3.309
2weeks_MF_0_0_mM_15,2weeks,MF,0,0_mM,15,3.925
2weeks_MF_0_0_mM_16,2weeks,MF,0,0_mM,16,4.33
2weeks_MF_0_0_mM_17,2weeks,MF,0,0_mM,17,3.55
2weeks_MF_0_0_mM_18,2weeks,MF,0,0_mM,18,1.539
2weeks_MF_0_0_mM_19,2weeks,MF,0,0_mM,19,2.733
2weeks_MF_0_0_mM_20,2weeks,MF,0,0_mM,20,3.859
2weeks_MF_0_0_mM_21,2weeks,MF,0,0_mM,21,3.504
2weeks_MF_0_0_mM_22,2weeks,MF,0,0_mM,22,3.976
2weeks_MF_0_0_mM_23,2weeks,MF,0,0_mM,23,0.758
2weeks_MF_0_0_mM_24,2weeks,MF,0,0_mM,24,3.207
2weeks_MF_0_0_mM_25,2weeks,MF,0,0_mM,25,2.746
2weeks_MF_0_0_mM_26,2weeks,MF,0,0_mM,26,3.083
2weeks_MF_0_0_mM_27,2weeks,MF,0,0_mM,27,3.677
2weeks_MF_0_0_mM_28,2weeks,MF,0,0_mM,28,1.894
2weeks_MF_0_0_mM_29,2weeks,MF,0,0_mM,29,3.768
2weeks_FSC_0_0_mM_1,2weeks,FSC,0,0_mM,1,1.398
2weeks_FSC_0_0_mM_2,2weeks,FSC,0,0_mM,2,1.781
2weeks_FSC_0_0_mM_3,2weeks,FSC,0,0_mM,3,0.863
2weeks_FSC_0_0_mM_4,2weeks,FSC,0,0_mM,4,1.625
2weeks_FSC_0_0_mM_5,2weeks,FSC,0,0_mM,5,2.272
2weeks_FSC_0_0_mM_6,2weeks,FSC,0,0_mM,6,2.731
2weeks_FSC_0_0_mM_7,2weeks,FSC,0,0_mM,7,2.525
2weeks_FSC_0_0_mM_8,2weeks,FSC,0,0_mM,8,2.082
2weeks_FSC_0_0_mM_9,2weeks,FSC,0,0_mM,9,0.499
2weeks_FSC_0_0_mM_10,2weeks,FSC,0,0_mM,10,0.371
2weeks_FSC_0_0_mM_11,2weeks,FSC,0,0_mM,11,0.919
2weeks_FSC_0_0_mM_12,2weeks,FSC,0,0_mM,12,1.012
2weeks_FSC_0_0_mM_13,2weeks,FSC,0,0_mM,13,1.303
2weeks_FSC_0_0_mM_14,2weeks,FSC,0,0_mM,14,0.314
2weeks_FSC_0_0_mM_15,2weeks,FSC,0,0_mM,15,1.231
2weeks_FSC_0_0_mM_16,2weeks,FSC,0,0_mM,16,2.804
2weeks_FSC_0_0_mM_17,2weeks,FSC,0,0_mM,17,0.203
2weeks_FSC_0_0_mM_18,2weeks,FSC,0,0_mM,18,0.175
2weeks_FSC_0_0_mM_19,2weeks,FSC,0,0_mM,19,0.216