ID;Expe;Condition;Time;Microbe;Plotting_3OMG;Plotting_Glucose;Conc_3OMG;Conc_Glucose;Rep;Root_Length;Comment;Area_Fungi
;Plant;C1;D03;MF;YES;YES;7.5;7.5;1;1.889;;NA
;Plant;C1;D03;MF;YES;YES;7.5;7.5;2;1.444;;NA
;Plant;C1;D03;MF;YES;YES;7.5;7.5;3;1.96;;NA
;Plant;C1;D03;MF;YES;YES;7.5;7.5;4;1.461;;NA
;Plant;C1;D03;MF;YES;YES;7.5;7.5;5;1.769;;NA
;Plant;C1;D03;MF;YES;YES;7.5;7.5;6;1.513;;NA
;Plant;C1;D03;MF;YES;YES;7.5;7.5;7;2.503;;NA
;Plant;C1;D03;MF;YES;YES;7.5;7.5;8;1.685;;NA
;Plant;C1;D03;MF;YES;YES;7.5;7.5;9;1.544;;NA
;Plant;C1;D03;MF;YES;YES;7.5;7.5;10;2.527;;NA
;Plant;C1;D03;MF;YES;YES;7.5;7.5;11;2.095;;NA
;Plant;C1;D03;MF;YES;YES;7.5;7.5;12;1.376;;NA
;Plant;C1;D03;MF;YES;YES;7.5;7.5;13;1.306;;NA
;Plant;C1;D03;MF;YES;YES;7.5;7.5;14;1.463;;NA
;Plant;C1;D03;MF;YES;YES;7.5;7.5;15;1.546;;NA
;Plant;C1;D03;MF;YES;YES;7.5;7.5;16;1.456;;NA
;Plant;C1;D03;MF;YES;YES;7.5;7.5;17;1.386;;NA
;Plant;C1;D03;MF;YES;YES;7.5;7.5;18;1.271;;NA
;Plant;C1;D03;MF;YES;YES;7.5;7.5;19;1.199;;NA
;Plant;C1;D03;MF;YES;YES;7.5;7.5;20;1.441;;NA
;Plant;C1;D03;MF;YES;YES;7.5;7.5;21;1.525;;NA
;Plant;C1;D03;MF;YES;YES;7.5;7.5;22;1.291;;NA
;Plant;C1;D03;MF;YES;YES;7.5;7.5;23;1.498;;NA
;Plant;C1;D03;MF;YES;YES;7.5;7.5;24;2.057;;NA
;Plant;C1;D03;MF;YES;YES;7.5;7.5;25;1.445;;NA
;Plant;C2;D03;MF;YES;NO;7.5;3.75;1;1.949;;NA
;Plant;C2;D03;MF;YES;NO;7.5;3.75;2;1.567;;NA
;Plant;C2;D03;MF;YES;NO;7.5;3.75;3;1.625;;NA
;Plant;C2;D03;MF;YES;NO;7.5;3.75;4;1.653;;NA
;Plant;C2;D03;MF;YES;NO;7.5;3.75;5;1.324;;NA
;Plant;C2;D03;MF;YES;NO;7.5;3.75;6;1.828;;NA
;Plant;C2;D03;MF;YES;NO;7.5;3.75;7;1.218;;NA
;Plant;C2;D03;MF;YES;NO;7.5;3.75;8;1.155;;NA
;Plant;C2;D03;MF;YES;NO;7.5;3.75;9;1.526;;NA
;Plant;C2;D03;MF;YES;NO;7.5;3.75;10;1.869;;NA
;Plant;C2;D03;MF;YES;NO;7.5;3.75;11;2.221;;NA
;Plant;C2;D03;MF;YES;NO;7.5;3.75;12;1.407;;NA
;Plant;C2;D03;MF;YES;NO;7.5;3.75;13;1.484;;NA
;Plant;C2;D03;MF;YES;NO;7.5;3.75;14;2.176;;NA
;Plant;C2;D03;MF;YES;NO;7.5;3.75;15;1.49;;NA
;Plant;C2;D03;MF;YES;NO;7.5;3.75;16;1.301;;NA
;Plant;C2;D03;MF;YES;NO;7.5;3.75;17;1.561;;NA
;Plant;C2;D03;MF;YES;NO;7.5;3.75;18;1.478;;NA
;Plant;C2;D03;MF;YES;NO;7.5;3.75;19;1.394;;NA
;Plant;C2;D03;MF;YES;NO;7.5;3.75;20;1.532;;NA
;Plant;C2;D03;MF;YES;NO;7.5;3.75;21;1.314;;NA
;Plant;C2;D03;MF;YES;NO;7.5;3.75;22;1.22;;NA
;Plant;C2;D03;MF;YES;NO;7.5;3.75;23;1.321;;NA
;Plant;C2;D03;MF;YES;NO;7.5;3.75;24;0.932;;NA
;Plant;C2;D03;MF;YES;NO;7.5;3.75;25;1.585;;NA
;Plant;C3;D03;MF;YES;NO;7.5;1.875;1;1.697;;NA
;Plant;C3;D03;MF;YES;NO;7.5;1.875;2;0.995;;NA
;Plant;C3;D03;MF;YES;NO;7.5;1.875;3;1.962;;NA
;Plant;C3;D03;MF;YES;NO;7.5;1.875;4;1.565;;NA
;Plant;C3;D03;MF;YES;NO;7.5;1.875;5;1.508;;NA
;Plant;C3;D03;MF;YES;NO;7.5;1.875;6;1.84;;NA
;Plant;C3;D03;MF;YES;NO;7.5;1.875;7;1.993;;NA
;Plant;C3;D03;MF;YES;NO;7.5;1.875;8;1.613;;NA
;Plant;C3;D03;MF;YES;NO;7.5;1.875;9;1.632;;NA
;Plant;C3;D03;MF;YES;NO;7.5;1.875;10;2.092;;NA
;Plant;C3;D03;MF;YES;NO;7.5;1.875;11;1.354;;NA
;Plant;C3;D03;MF;YES;NO;7.5;1.875;12;1.403;;NA
;Plant;C3;D03;MF;YES;NO;7.5;1.875;13;1.376;;NA
;Plant;C3;D03;MF;YES;NO;7.5;1.875;14;0.72;;NA
;Plant;C3;D03;MF;YES;NO;7.5;1.875;15;1.628;;NA
;Plant;C3;D03;MF;YES;NO;7.5;1.875;16;1.768;;NA
;Plant;C3;D03;MF;YES;NO;7.5;1.875;17;1.472;;NA
;Plant;C3;D03;MF;YES;NO;7.5;1.875;18;1.761;;NA
;Plant;C3;D03;MF;YES;NO;7.5;1.875;19;1.467;;NA
;Plant;C3;D03;MF;YES;NO;7.5;1.875;20;1.3;;NA
;Plant;C3;D03;MF;YES;NO;7.5;1.875;21;1.447;;NA
;Plant;C3;D03;MF;YES;NO;7.5;1.875;22;1.205;;NA
;Plant;C3;D03;MF;YES;NO;7.5;1.875;23;2.089;;NA
;Plant;C3;D03;MF;YES;NO;7.5;1.875;24;1.095;;NA
;Plant;C3;D03;MF;YES;NO;7.5;1.875;25;1.385;;NA
;Plant;C4;D03;MF;YES;NO;7.5;0.9375;1;1.919;;NA
;Plant;C4;D03;MF;YES;NO;7.5;0.9375;2;1.829;;NA
;Plant;C4;D03;MF;YES;NO;7.5;0.9375;3;1.943;;NA
;Plant;C4;D03;MF;YES;NO;7.5;0.9375;4;1.575;;NA
;Plant;C4;D03;MF;YES;NO;7.5;0.9375;5;1.892;;NA
;Plant;C4;D03;MF;YES;NO;7.5;0.9375;6;1.464;;NA
;Plant;C4;D03;MF;YES;NO;7.5;0.9375;7;1.017;;NA
;Plant;C4;D03;MF;YES;NO;7.5;0.9375;8;1.622;;NA
;Plant;C4;D03;MF;YES;NO;7.5;0.9375;9;2.047;;NA
;Plant;C4;D03;MF;YES;NO;7.5;0.9375;10;1.222;;NA
;Plant;C4;D03;MF;YES;NO;7.5;0.9375;11;1.288;;NA
;Plant;C4;D03;MF;YES;NO;7.5;0.9375;12;1.975;;NA
;Plant;C4;D03;MF;YES;NO;7.5;0.9375;13;1.011;;NA
;Plant;C4;D03;MF;YES;NO;7.5;0.9375;14;1.389;;NA
;Plant;C4;D03;MF;YES;NO;7.5;0.9375;15;1.896;;NA
;Plant;C4;D03;MF;YES;NO;7.5;0.9375;16;1.44;;NA
;Plant;C4;D03;MF;YES;NO;7.5;0.9375;17;1.501;;NA
;Plant;C4;D03;MF;YES;NO;7.5;0.9375;18;1.477;;NA
;Plant;C4;D03;MF;YES;NO;7.5;0.9375;19;1.252;;NA
;Plant;C4;D03;MF;YES;NO;7.5;0.9375;20;1.601;;NA
;Plant;C4;D03;MF;YES;NO;7.5;0.9375;21;1.355;;NA
;Plant;C4;D03;MF;YES;NO;7.5;0.9375;22;1.914;;NA
;Plant;C4;D03;MF;YES;NO;7.5;0.9375;23;1.398;;NA
;Plant;C4;D03;MF;YES;NO;7.5;0.9375;24;2.27;;NA
;Plant;C4;D03;MF;YES;NO;7.5;0.9375;25;1.037;;NA
;Plant;C5;D03;MF;YES;NO;7.5;0.001;1;0.612;;NA
;Plant;C5;D03;MF;YES;NO;7.5;0.001;2;1.386;;NA
;Plant;C5;D03;MF;YES;NO;7.5;0.001;3;1.509;;NA
;Plant;C5;D03;MF;YES;NO;7.5;0.001;4;1.664;;NA
;Plant;C5;D03;MF;YES;NO;7.5;0.001;5;0.636;;NA
;Plant;C5;D03;MF;YES;NO;7.5;0.001;6;1.059;;NA
;Plant;C5;D03;MF;YES;NO;7.5;0.001;7;1.307;;NA
;Plant;C5;D03;MF;YES;NO;7.5;0.001;8;1.723;;NA
;Plant;C5;D03;MF;YES;NO;7.5;0.001;9;1.872;;NA
;Plant;C5;D03;MF;YES;NO;7.5;0.001;10;1.831;;NA
;Plant;C5;D03;MF;YES;NO;7.5;0.001;11;1.063;;NA
;Plant;C5;D03;MF;YES;NO;7.5;0.001;12;2.012;;NA
;Plant;C5;D03;MF;YES;NO;7.5;0.001;13;1.387;;NA
;Plant;C5;D03;MF;YES;NO;7.5;0.001;14;1.674;;NA
;Plant;C5;D03;MF;YES;NO;7.5;0.001;15;1.369;;NA
;Plant;C5;D03;MF;YES;NO;7.5;0.001;16;2.396;;NA
;Plant;C5;D03;MF;YES;NO;7.5;0.001;17;1.185;;NA
;Plant;C5;D03;MF;YES;NO;7.5;0.001;18;1.49;;NA
;Plant;C5;D03;MF;YES;NO;7.5;0.001;19;1.404;;NA
;Plant;C5;D03;MF;YES;NO;7.5;0.001;20;2.082;;NA
;Plant;C5;D03;MF;YES;NO;7.5;0.001;21;1.693;;NA
;Plant;C5;D03;MF;YES;NO;7.5;0.001;22;2.161;;NA
;Plant;C5;D03;MF;YES;NO;7.5;0.001;23;1.995;;NA
;Plant;C5;D03;MF;YES;NO;7.5;0.001;24;1.981;;NA
;Plant;C5;D03;MF;YES;NO;7.5;0.001;25;2.222;;NA
;Plant;C6;D03;MF;YES;NO;7.5;0;1;1.723;;NA
;Plant;C6;D03;MF;YES;NO;7.5;0;2;0.783;;NA
;Plant;C6;D03;MF;YES;NO;7.5;0;3;1.551;;NA
;Plant;C6;D03;MF;YES;NO;7.5;0;4;2.319;;NA
;Plant;C6;D03;MF;YES;NO;7.5;0;5;1.109;;NA
;Plant;C6;D03;MF;YES;NO;7.5;0;6;1.315;;NA
;Plant;C6;D03;MF;YES;NO;7.5;0;7;1.683;;NA
;Plant;C6;D03;MF;YES;NO;7.5;0;8;1.644;;NA
;Plant;C6;D03;MF;YES;NO;7.5;0;9;1.797;;NA
;Plant;C6;D03;MF;YES;NO;7.5;0;10;1.527;;NA
;Plant;C6;D03;MF;YES;NO;7.5;0;11;1.369;;NA
;Plant;C6;D03;MF;YES;NO;7.5;0;12;1.408;;NA
;Plant;C6;D03;MF;YES;NO;7.5;0;13;1.576;;NA
;Plant;C6;D03;MF;YES;NO;7.5;0;14;1.583;;NA
;Plant;C6;D03;MF;YES;NO;7.5;0;15;1.135;;NA
;Plant;C6;D03;MF;YES;NO;7.5;0;16;1.728;;NA
;Plant;C6;D03;MF;YES;NO;7.5;0;17;1.497;;NA
;Plant;C6;D03;MF;YES;NO;7.5;0;18;1.63;;NA
;Plant;C6;D03;MF;YES;NO;7.5;0;19;2.081;;NA
;Plant;C6;D03;MF;YES;NO;7.5;0;20;1.577;;NA
;Plant;C6;D03;MF;YES;NO;7.5;0;21;1.845;;NA
;Plant;C6;D03;MF;YES;NO;7.5;0;22;1.877;;NA
;Plant;C6;D03;MF;YES;NO;7.5;0;23;2.243;;NA
;Plant;C6;D03;MF;YES;NO;7.5;0;24;2.203;;NA
;Plant;C6;D03;MF;YES;NO;7.5;0;25;1.711;;NA
;Plant;C7;D03;MF;NO;YES;3.75;7.5;1;1.609;;NA
;Plant;C7;D03;MF;NO;YES;3.75;7.5;2;2.106;;NA
;Plant;C7;D03;MF;NO;YES;3.75;7.5;3;1.695;;NA
;Plant;C7;D03;MF;NO;YES;3.75;7.5;4;2.18;;NA
;Plant;C7;D03;MF;NO;YES;3.75;7.5;5;2.133;;NA
;Plant;C7;D03;MF;NO;YES;3.75;7.5;6;1.639;;NA
;Plant;C7;D03;MF;NO;YES;3.75;7.5;7;1.624;;NA
;Plant;C7;D03;MF;NO;YES;3.75;7.5;8;1.729;;NA
;Plant;C7;D03;MF;NO;YES;3.75;7.5;9;2.377;;NA
;Plant;C7;D03;MF;NO;YES;3.75;7.5;10;1.206;;NA
;Plant;C7;D03;MF;NO;YES;3.75;7.5;11;1.695;;NA
;Plant;C7;D03;MF;NO;YES;3.75;7.5;12;1.865;;NA
;Plant;C7;D03;MF;NO;YES;3.75;7.5;13;1.488;;NA
;Plant;C7;D03;MF;NO;YES;3.75;7.5;14;0.965;;NA
;Plant;C7;D03;MF;NO;YES;3.75;7.5;15;1.793;;NA
;Plant;C7;D03;MF;NO;YES;3.75;7.5;16;2.056;;NA
;Plant;C7;D03;MF;NO;YES;3.75;7.5;17;1.57;;NA
;Plant;C7;D03;MF;NO;YES;3.75;7.5;18;2.906;;NA
;Plant;C7;D03;MF;NO;YES;3.75;7.5;19;1.285;;NA
;Plant;C7;D03;MF;NO;YES;3.75;7.5;20;2.692;;NA
;Plant;C7;D03;MF;NO;YES;3.75;7.5;21;1.708;;NA
;Plant;C7;D03;MF;NO;YES;3.75;7.5;22;1.314;;NA
;Plant;C7;D03;MF;NO;YES;3.75;7.5;23;1.671;;NA
;Plant;C7;D03;MF;NO;YES;3.75;7.5;24;2.066;;NA
;Plant;C7;D03;MF;NO;YES;3.75;7.5;25;1.784;;NA
;Plant;C8;D03;MF;NO;YES;1.875;7.5;1;1.371;;NA
;Plant;C8;D03;MF;NO;YES;1.875;7.5;2;1.369;;NA
;Plant;C8;D03;MF;NO;YES;1.875;7.5;3;1.252;;NA
;Plant;C8;D03;MF;NO;YES;1.875;7.5;4;1.441;;NA
;Plant;C8;D03;MF;NO;YES;1.875;7.5;5;1.723;;NA
;Plant;C8;D03;MF;NO;YES;1.875;7.5;6;1.192;;NA
;Plant;C8;D03;MF;NO;YES;1.875;7.5;7;1.803;;NA
;Plant;C8;D03;MF;NO;YES;1.875;7.5;8;2.107;;NA
;Plant;C8;D03;MF;NO;YES;1.875;7.5;9;1.966;;NA
;Plant;C8;D03;MF;NO;YES;1.875;7.5;10;1.023;;NA
;Plant;C8;D03;MF;NO;YES;1.875;7.5;11;1.812;;NA
;Plant;C8;D03;MF;NO;YES;1.875;7.5;12;2.133;;NA
;Plant;C8;D03;MF;NO;YES;1.875;7.5;13;1.346;;NA
;Plant;C8;D03;MF;NO;YES;1.875;7.5;14;1.54;;NA
;Plant;C8;D03;MF;NO;YES;1.875;7.5;15;1.497;;NA
;Plant;C8;D03;MF;NO;YES;1.875;7.5;16;1.465;;NA
;Plant;C8;D03;MF;NO;YES;1.875;7.5;17;1.509;;NA
;Plant;C8;D03;MF;NO;YES;1.875;7.5;18;1.989;;NA
;Plant;C8;D03;MF;NO;YES;1.875;7.5;19;2.061;;NA
;Plant;C8;D03;MF;NO;YES;1.875;7.5;20;1.889;;NA
;Plant;C8;D03;MF;NO;YES;1.875;7.5;21;2.335;;NA
;Plant;C8;D03;MF;NO;YES;1.875;7.5;22;2.407;;NA
;Plant;C8;D03;MF;NO;YES;1.875;7.5;23;1.558;;NA
;Plant;C8;D03;MF;NO;YES;1.875;7.5;24;1.961;;NA
;Plant;C8;D03;MF;NO;YES;1.875;7.5;25;1.587;;NA
;Plant;C9;D03;MF;NO;YES;0.9375;7.5;1;1.128;;NA
;Plant;C9;D03;MF;NO;YES;0.9375;7.5;2;1.852;;NA
;Plant;C9;D03;MF;NO;YES;0.9375;7.5;3;1.748;;NA
;Plant;C9;D03;MF;NO;YES;0.9375;7.5;4;1.419;;NA
;Plant;C9;D03;MF;NO;YES;0.9375;7.5;5;2.202;;NA
;Plant;C9;D03;MF;NO;YES;0.9375;7.5;6;1.473;;NA
;Plant;C9;D03;MF;NO;YES;0.9375;7.5;7;3.108;;NA
;Plant;C9;D03;MF;NO;YES;0.9375;7.5;8;2.115;;NA
;Plant;C9;D03;MF;NO;YES;0.9375;7.5;9;1.691;;NA
;Plant;C9;D03;MF;NO;YES;0.9375;7.5;10;1.799;;NA
;Plant;C9;D03;MF;NO;YES;0.9375;7.5;11;2.727;;NA
;Plant;C9;D03;MF;NO;YES;0.9375;7.5;12;2.313;;NA
;Plant;C9;D03;MF;NO;YES;0.9375;7.5;13;2.676;;NA
;Plant;C9;D03;MF;NO;YES;0.9375;7.5;14;2.234;;NA
;Plant;C9;D03;MF;NO;YES;0.9375;7.5;15;2.053;;NA
;Plant;C9;D03;MF;NO;YES;0.9375;7.5;16;1.42;;NA
;Plant;C9;D03;MF;NO;YES;0.9375;7.5;17;1.552;;NA
;Plant;C9;D03;MF;NO;YES;0.9375;7.5;18;1.532;;NA
;Plant;C9;D03;MF;NO;YES;0.9375;7.5;19;3.005;;NA
;Plant;C9;D03;MF;NO;YES;0.9375;7.5;20;1.855;;NA
;Plant;C9;D03;MF;NO;YES;0.9375;7.5;21;1.818;;NA
;Plant;C9;D03;MF;NO;YES;0.9375;7.5;22;1.642;;NA
;Plant;C9;D03;MF;NO;YES;0.9375;7.5;23;2.814;;NA
;Plant;C9;D03;MF;NO;YES;0.9375;7.5;24;1.538;;NA
;Plant;C9;D03;MF;NO;YES;0.9375;7.5;25;1.321;;NA
;Plant;C10;D03;MF;NO;YES;0.001;7.5;1;1.42;;NA
;Plant;C10;D03;MF;NO;YES;0.001;7.5;2;1.994;;NA
;Plant;C10;D03;MF;NO;YES;0.001;7.5;3;2.288;;NA
;Plant;C10;D03;MF;NO;YES;0.001;7.5;4;1.448;;NA
;Plant;C10;D03;MF;NO;YES;0.001;7.5;5;1.291;;NA
;Plant;C10;D03;MF;NO;YES;0.001;7.5;6;1.754;;NA
;Plant;C10;D03;MF;NO;YES;0.001;7.5;7;1.654;;NA
;Plant;C10;D03;MF;NO;YES;0.001;7.5;8;1.771;;NA
;Plant;C10;D03;MF;NO;YES;0.001;7.5;9;1.743;;NA
;Plant;C10;D03;MF;NO;YES;0.001;7.5;10;2.02;;NA
;Plant;C10;D03;MF;NO;YES;0.001;7.5;11;2.731;;NA
;Plant;C10;D03;MF;NO;YES;0.001;7.5;12;1.534;;NA
;Plant;C10;D03;MF;NO;YES;0.001;7.5;13;2.124;;NA
;Plant;C10;D03;MF;NO;YES;0.001;7.5;14;1.865;;NA
;Plant;C10;D03;MF;NO;YES;0.001;7.5;15;2.412;;NA
;Plant;C10;D03;MF;NO;YES;0.001;7.5;16;1.842;;NA
;Plant;C10;D03;MF;NO;YES;0.001;7.5;17;1.796;;NA
;Plant;C10;D03;MF;NO;YES;0.001;7.5;18;1.711;;NA
;Plant;C10;D03;MF;NO;YES;0.001;7.5;19;1.788;;NA
;Plant;C10;D03;MF;NO;YES;0.001;7.5;20;1.695;;NA
;Plant;C10;D03;MF;NO;YES;0.001;7.5;21;1.772;;NA
;Plant;C10;D03;MF;NO;YES;0.001;7.5;22;1.724;;NA
;Plant;C10;D03;MF;NO;YES;0.001;7.5;23;1.403;;NA
;Plant;C10;D03;MF;NO;YES;0.001;7.5;24;2.16;;NA
;Plant;C10;D03;MF;NO;YES;0.001;7.5;25;1.666;;NA
;Plant;C11;D03;MF;NO;YES;0;7.5;1;2.036;;NA
;Plant;C11;D03;MF;NO;YES;0;7.5;2;1.549;;NA
;Plant;C11;D03;MF;NO;YES;0;7.5;3;1.48;;NA
;Plant;C11;D03;MF;NO;YES;0;7.5;4;1.471;;NA
;Plant;C11;D03;MF;NO;YES;0;7.5;5;1.802;;NA
;Plant;C11;D03;MF;NO;YES;0;7.5;6;1.98;;NA
;Plant;C11;D03;MF;NO;YES;0;7.5;7;1.713;;NA
;Plant;C11;D03;MF;NO;YES;0;7.5;8;1.127;;NA
;Plant;C11;D03;MF;NO;YES;0;7.5;9;2.158;;NA
;Plant;C11;D03;MF;NO;YES;0;7.5;10;1.525;;NA
;Plant;C11;D03;MF;NO;YES;0;7.5;11;2.101;;NA
;Plant;C11;D03;MF;NO;YES;0;7.5;12;1.491;;NA
;Plant;C11;D03;MF;NO;YES;0;7.5;13;1.718;;NA
;Plant;C11;D03;MF;NO;YES;0;7.5;14;2.09;;NA
;Plant;C11;D03;MF;NO;YES;0;7.5;15;1.852;;NA
;Plant;C11;D03;MF;NO;YES;0;7.5;16;2.152;;NA
;Plant;C11;D03;MF;NO;YES;0;7.5;17;1.869;;NA
;Plant;C11;D03;MF;NO;YES;0;7.5;18;2.234;;NA
;Plant;C11;D03;MF;NO;YES;0;7.5;19;1.532;;NA
;Plant;C11;D03;MF;NO;YES;0;7.5;20;1.649;;NA
;Plant;C11;D03;MF;NO;YES;0;7.5;21;1.552;;NA
;Plant;C11;D03;MF;NO;YES;0;7.5;22;1.441;;NA
;Plant;C11;D03;MF;NO;YES;0;7.5;23;1.545;;NA
;Plant;C11;D03;MF;NO;YES;0;7.5;24;1.871;;NA
;Plant;C11;D03;MF;NO;YES;0;7.5;25;1.461;;NA
;Plant;C12;D03;MF;NO;NO;0;0;1;1.525;;NA
;Plant;C12;D03;MF;NO;NO;0;0;2;1.624;;NA
;Plant;C12;D03;MF;NO;NO;0;0;3;1.821;;NA
;Plant;C12;D03;MF;NO;NO;0;0;4;1.709;;NA
;Plant;C12;D03;MF;NO;NO;0;0;5;1.363;;NA
;Plant;C12;D03;MF;NO;NO;0;0;6;1.847;;NA
;Plant;C12;D03;MF;NO;NO;0;0;7;1.651;;NA
;Plant;C12;D03;MF;NO;NO;0;0;8;1.539;;NA
;Plant;C12;D03;MF;NO;NO;0;0;9;1.206;;NA
;Plant;C12;D03;MF;NO;NO;0;0;10;1.949;;NA
;Plant;C12;D03;MF;NO;NO;0;0;11;1.729;;NA
;Plant;C12;D03;MF;NO;NO;0;0;12;1.624;;NA
;Plant;C12;D03;MF;NO;NO;0;0;13;1.69;;NA
;Plant;C12;D03;MF;NO;NO;0;0;14;1.356;;NA
;Plant;C12;D03;MF;NO;NO;0;0;15;1.03;;NA
;Plant;C12;D03;MF;NO;NO;0;0;16;1.604;;NA
;Plant;C12;D03;MF;NO;NO;0;0;17;1.423;;NA
;Plant;C12;D03;MF;NO;NO;0;0;18;1.441;;NA
;Plant;C12;D03;MF;NO;NO;0;0;19;1.615;;NA
;Plant;C12;D03;MF;NO;NO;0;0;20;0.994;;NA
;Plant;C12;D03;MF;NO;NO;0;0;21;1.176;;NA
;Plant;C12;D03;MF;NO;NO;0;0;22;2.057;;NA
;Plant;C12;D03;MF;NO;NO;0;0;23;1.536;;NA
;Plant;C12;D03;MF;NO;NO;0;0;24;1.161;;NA
;Plant;C12;D03;MF;NO;NO;0;0;25;1.847;;NA
;Plant;C1;D03;F16;YES;YES;7.5;7.5;1;1.977;;NA
;Plant;C1;D03;F16;YES;YES;7.5;7.5;2;2.189;;NA
;Plant;C1;D03;F16;YES;YES;7.5;7.5;3;1.928;;NA
;Plant;C1;D03;F16;YES;YES;7.5;7.5;4;1.632;;NA
;Plant;C1;D03;F16;YES;YES;7.5;7.5;5;4.004;;NA
;Plant;C1;D03;F16;YES;YES;7.5;7.5;6;1.524;;NA
;Plant;C1;D03;F16;YES;YES;7.5;7.5;7;3.331;;NA
;Plant;C1;D03;F16;YES;YES;7.5;7.5;8;1.514;;NA
;Plant;C1;D03;F16;YES;YES;7.5;7.5;9;1.575;;NA
;Plant;C1;D03;F16;YES;YES;7.5;7.5;10;1.3;;NA
;Plant;C1;D03;F16;YES;YES;7.5;7.5;11;1.904;;NA
;Plant;C1;D03;F16;YES;YES;7.5;7.5;12;1.616;;NA
;Plant;C1;D03;F16;YES;YES;7.5;7.5;13;1.913;;NA
;Plant;C1;D03;F16;YES;YES;7.5;7.5;14;2.04;;NA
;Plant;C1;D03;F16;YES;YES;7.5;7.5;15;1.953;;NA
;Plant;C1;D03;F16;YES;YES;7.5;7.5;16;0.865;;NA
;Plant;C1;D03;F16;YES;YES;7.5;7.5;17;1.673;;NA
;Plant;C1;D03;F16;YES;YES;7.5;7.5;18;1.274;;NA
;Plant;C1;D03;F16;YES;YES;7.5;7.5;19;1.452;;NA
;Plant;C1;D03;F16;YES;YES;7.5;7.5;20;1.384;;NA
;Plant;C1;D03;F16;YES;YES;7.5;7.5;21;1.709;;NA
;Plant;C1;D03;F16;YES;YES;7.5;7.5;22;1.131;;NA
;Plant;C1;D03;F16;YES;YES;7.5;7.5;23;2.12;;NA
;Plant;C1;D03;F16;YES;YES;7.5;7.5;24;1.733;;NA
;Plant;C1;D03;F16;YES;YES;7.5;7.5;25;1.737;;NA
;Plant;C2;D03;F16;YES;NO;7.5;3.75;1;1.748;;NA
;Plant;C2;D03;F16;YES;NO;7.5;3.75;2;1.805;;NA
;Plant;C2;D03;F16;YES;NO;7.5;3.75;3;1.297;;NA
;Plant;C2;D03;F16;YES;NO;7.5;3.75;4;2.059;;NA
;Plant;C2;D03;F16;YES;NO;7.5;3.75;5;1.75;;NA
;Plant;C2;D03;F16;YES;NO;7.5;3.75;6;1.305;;NA
;Plant;C2;D03;F16;YES;NO;7.5;3.75;7;1.692;;NA
;Plant;C2;D03;F16;YES;NO;7.5;3.75;8;2.112;;NA
;Plant;C2;D03;F16;YES;NO;7.5;3.75;9;1.163;;NA
;Plant;C2;D03;F16;YES;NO;7.5;3.75;10;1.798;;NA
;Plant;C2;D03;F16;YES;NO;7.5;3.75;11;2.136;;NA
;Plant;C2;D03;F16;YES;NO;7.5;3.75;12;1.74;;NA
;Plant;C2;D03;F16;YES;NO;7.5;3.75;13;0.929;;NA
;Plant;C2;D03;F16;YES;NO;7.5;3.75;14;1.951;;NA
;Plant;C2;D03;F16;YES;NO;7.5;3.75;15;1.478;;NA
;Plant;C2;D03;F16;YES;NO;7.5;3.75;16;1.975;;NA
;Plant;C2;D03;F16;YES;NO;7.5;3.75;17;1.442;;NA
;Plant;C2;D03;F16;YES;NO;7.5;3.75;18;1.375;;NA
;Plant;C2;D03;F16;YES;NO;7.5;3.75;19;1.508;;NA
;Plant;C2;D03;F16;YES;NO;7.5;3.75;20;1.85;;NA
;Plant;C2;D03;F16;YES;NO;7.5;3.75;21;1.741;;NA
;Plant;C2;D03;F16;YES;NO;7.5;3.75;22;1.422;;NA
;Plant;C2;D03;F16;YES;NO;7.5;3.75;23;1.715;;NA
;Plant;C2;D03;F16;YES;NO;7.5;3.75;24;1.103;;NA
;Plant;C2;D03;F16;YES;NO;7.5;3.75;25;1.377;;NA
;Plant;C3;D03;F16;YES;NO;7.5;1.875;1;1.898;;NA
;Plant;C3;D03;F16;YES;NO;7.5;1.875;2;2.09;;NA
;Plant;C3;D03;F16;YES;NO;7.5;1.875;3;1.426;;NA
;Plant;C3;D03;F16;YES;NO;7.5;1.875;4;1.4;;NA
;Plant;C3;D03;F16;YES;NO;7.5;1.875;5;1.082;;NA
;Plant;C3;D03;F16;YES;NO;7.5;1.875;6;1.111;;NA
;Plant;C3;D03;F16;YES;NO;7.5;1.875;7;1.418;;NA
;Plant;C3;D03;F16;YES;NO;7.5;1.875;8;1.239;;NA
;Plant;C3;D03;F16;YES;NO;7.5;1.875;9;1.469;;NA
;Plant;C3;D03;F16;YES;NO;7.5;1.875;10;2.116;;NA
;Plant;C3;D03;F16;YES;NO;7.5;1.875;11;1.552;;NA
;Plant;C3;D03;F16;YES;NO;7.5;1.875;12;2.254;;NA
;Plant;C3;D03;F16;YES;NO;7.5;1.875;13;1.412;;NA
;Plant;C3;D03;F16;YES;NO;7.5;1.875;14;1.475;;NA
;Plant;C3;D03;F16;YES;NO;7.5;1.875;15;1.966;;NA
;Plant;C3;D03;F16;YES;NO;7.5;1.875;16;1.723;;NA
;Plant;C3;D03;F16;YES;NO;7.5;1.875;17;1.941;;NA
;Plant;C3;D03;F16;YES;NO;7.5;1.875;18;1.416;;NA
;Plant;C3;D03;F16;YES;NO;7.5;1.875;19;1.41;;NA
;Plant;C3;D03;F16;YES;NO;7.5;1.875;20;1.084;;NA
;Plant;C3;D03;F16;YES;NO;7.5;1.875;21;1.46;;NA
;Plant;C3;D03;F16;YES;NO;7.5;1.875;22;1.73;;NA
;Plant;C3;D03;F16;YES;NO;7.5;1.875;23;1.522;;NA
;Plant;C3;D03;F16;YES;NO;7.5;1.875;24;1.654;;NA
;Plant;C3;D03;F16;YES;NO;7.5;1.875;25;1.368;;NA
;Plant;C4;D03;F16;YES;NO;7.5;0.9375;1;1.555;Hard to measure (Plate bad orientation);NA
;Plant;C4;D03;F16;YES;NO;7.5;0.9375;2;2.003;Hard to measure (Plate bad orientation);NA
;Plant;C4;D03;F16;YES;NO;7.5;0.9375;3;1.624;Hard to measure (Plate bad orientation);NA
;Plant;C4;D03;F16;YES;NO;7.5;0.9375;4;1.985;Hard to measure (Plate bad orientation);NA
;Plant;C4;D03;F16;YES;NO;7.5;0.9375;5;2.247;Hard to measure (Plate bad orientation);NA
;Plant;C4;D03;F16;YES;NO;7.5;0.9375;6;1.381;Hard to measure (Plate bad orientation);NA
;Plant;C4;D03;F16;YES;NO;7.5;0.9375;7;1.647;Hard to measure (Plate bad orientation);NA
;Plant;C4;D03;F16;YES;NO;7.5;0.9375;8;1.923;Hard to measure (Plate bad orientation);NA
;Plant;C4;D03;F16;YES;NO;7.5;0.9375;9;1.58;Hard to measure (Plate bad orientation);NA
;Plant;C4;D03;F16;YES;NO;7.5;0.9375;10;1.788;Hard to measure (Plate bad orientation);NA
;Plant;C4;D03;F16;YES;NO;7.5;0.9375;11;2.219;Hard to measure (Plate bad orientation);NA
;Plant;C4;D03;F16;YES;NO;7.5;0.9375;12;1.456;Hard to measure (Plate bad orientation);NA
;Plant;C4;D03;F16;YES;NO;7.5;0.9375;13;1.391;Hard to measure (Plate bad orientation);NA
;Plant;C4;D03;F16;YES;NO;7.5;0.9375;14;1.581;Hard to measure (Plate bad orientation);NA
;Plant;C4;D03;F16;YES;NO;7.5;0.9375;15;1.437;Hard to measure (Plate bad orientation);NA
;Plant;C4;D03;F16;YES;NO;7.5;0.9375;16;1.492;Hard to measure (Plate bad orientation);NA
;Plant;C4;D03;F16;YES;NO;7.5;0.9375;17;2.032;Hard to measure (Plate bad orientation);NA
;Plant;C4;D03;F16;YES;NO;7.5;0.9375;18;2.031;Hard to measure (Plate bad orientation);NA
;Plant;C4;D03;F16;YES;NO;7.5;0.9375;19;1.87;Hard to measure (Plate bad orientation);NA
;Plant;C4;D03;F16;YES;NO;7.5;0.9375;20;2.582;Hard to measure (Plate bad orientation);NA
;Plant;C4;D03;F16;YES;NO;7.5;0.9375;21;2.5;Hard to measure (Plate bad orientation);NA
;Plant;C4;D03;F16;YES;NO;7.5;0.9375;22;1.438;Hard to measure (Plate bad orientation);NA
;Plant;C4;D03;F16;YES;NO;7.5;0.9375;23;1.575;Hard to measure (Plate bad orientation);NA
;Plant;C4;D03;F16;YES;NO;7.5;0.9375;24;1.786;Hard to measure (Plate bad orientation);NA
;Plant;C4;D03;F16;YES;NO;7.5;0.9375;25;1.945;Hard to measure (Plate bad orientation);NA
;Plant;C5;D03;F16;YES;NO;7.5;0.001;1;1.458;;NA
;Plant;C5;D03;F16;YES;NO;7.5;0.001;2;1.857;;NA
;Plant;C5;D03;F16;YES;NO;7.5;0.001;3;2.044;;NA
;Plant;C5;D03;F16;YES;NO;7.5;0.001;4;1.96;;NA
;Plant;C5;D03;F16;YES;NO;7.5;0.001;5;1.932;;NA
;Plant;C5;D03;F16;YES;NO;7.5;0.001;6;2.129;;NA
;Plant;C5;D03;F16;YES;NO;7.5;0.001;7;2.433;;NA
;Plant;C5;D03;F16;YES;NO;7.5;0.001;8;1.86;;NA
;Plant;C5;D03;F16;YES;NO;7.5;0.001;9;1.733;;NA
;Plant;C5;D03;F16;YES;NO;7.5;0.001;10;1.945;;NA
;Plant;C5;D03;F16;YES;NO;7.5;0.001;11;1.984;;NA
;Plant;C5;D03;F16;YES;NO;7.5;0.001;12;2.044;;NA
;Plant;C5;D03;F16;YES;NO;7.5;0.001;13;2.092;;NA
;Plant;C5;D03;F16;YES;NO;7.5;0.001;14;2.238;;NA
;Plant;C5;D03;F16;YES;NO;7.5;0.001;15;2.476;;NA
;Plant;C5;D03;F16;YES;NO;7.5;0.001;16;2.222;;NA
;Plant;C5;D03;F16;YES;NO;7.5;0.001;17;1.751;;NA
;Plant;C5;D03;F16;YES;NO;7.5;0.001;18;1.546;;NA
;Plant;C5;D03;F16;YES;NO;7.5;0.001;19;2.164;;NA
;Plant;C5;D03;F16;YES;NO;7.5;0.001;20;2.494;;NA
;Plant;C5;D03;F16;YES;NO;7.5;0.001;21;2.257;;NA
;Plant;C5;D03;F16;YES;NO;7.5;0.001;22;2.221;;NA
;Plant;C5;D03;F16;YES;NO;7.5;0.001;23;3.588;;NA
;Plant;C5;D03;F16;YES;NO;7.5;0.001;24;2.083;;NA
;Plant;C5;D03;F16;YES;NO;7.5;0.001;25;1.725;;NA
;Plant;C6;D03;F16;YES;NO;7.5;0;1;1.941;;NA
;Plant;C6;D03;F16;YES;NO;7.5;0;2;2.2;;NA
;Plant;C6;D03;F16;YES;NO;7.5;0;3;2.655;;NA
;Plant;C6;D03;F16;YES;NO;7.5;0;4;2.137;;NA
;Plant;C6;D03;F16;YES;NO;7.5;0;5;2.281;;NA
;Plant;C6;D03;F16;YES;NO;7.5;0;6;2.063;;NA
;Plant;C6;D03;F16;YES;NO;7.5;0;7;2.143;;NA
;Plant;C6;D03;F16;YES;NO;7.5;0;8;1.867;;NA
;Plant;C6;D03;F16;YES;NO;7.5;0;9;2.225;;NA
;Plant;C6;D03;F16;YES;NO;7.5;0;10;1.256;;NA
;Plant;C6;D03;F16;YES;NO;7.5;0;11;2.035;;NA
;Plant;C6;D03;F16;YES;NO;7.5;0;12;2.583;;NA
;Plant;C6;D03;F16;YES;NO;7.5;0;13;2.306;;NA
;Plant;C6;D03;F16;YES;NO;7.5;0;14;1.771;;NA
;Plant;C6;D03;F16;YES;NO;7.5;0;15;1.941;;NA
;Plant;C6;D03;F16;YES;NO;7.5;0;16;3.604;;NA
;Plant;C6;D03;F16;YES;NO;7.5;0;17;2.25;;NA
;Plant;C6;D03;F16;YES;NO;7.5;0;18;2.427;;NA
;Plant;C6;D03;F16;YES;NO;7.5;0;19;1.646;;NA
;Plant;C6;D03;F16;YES;NO;7.5;0;20;1.95;;NA
;Plant;C6;D03;F16;YES;NO;7.5;0;21;1.714;;NA
;Plant;C6;D03;F16;YES;NO;7.5;0;22;1.948;;NA
;Plant;C6;D03;F16;YES;NO;7.5;0;23;2.591;;NA
;Plant;C6;D03;F16;YES;NO;7.5;0;24;2.492;;NA
;Plant;C6;D03;F16;YES;NO;7.5;0;25;2.019;;NA
;Plant;C7;D03;F16;NO;YES;3.75;7.5;1;1.578;;NA
;Plant;C7;D03;F16;NO;YES;3.75;7.5;2;1.171;;NA
;Plant;C7;D03;F16;NO;YES;3.75;7.5;3;1.323;;NA
;Plant;C7;D03;F16;NO;YES;3.75;7.5;4;1.04;;NA
;Plant;C7;D03;F16;NO;YES;3.75;7.5;5;1.657;;NA
;Plant;C7;D03;F16;NO;YES;3.75;7.5;6;1.409;;NA
;Plant;C7;D03;F16;NO;YES;3.75;7.5;7;1.657;;NA
;Plant;C7;D03;F16;NO;YES;3.75;7.5;8;1.943;;NA
;Plant;C7;D03;F16;NO;YES;3.75;7.5;9;1.211;;NA
;Plant;C7;D03;F16;NO;YES;3.75;7.5;10;1.777;;NA
;Plant;C7;D03;F16;NO;YES;3.75;7.5;11;1.411;;NA
;Plant;C7;D03;F16;NO;YES;3.75;7.5;12;1.076;;NA
;Plant;C7;D03;F16;NO;YES;3.75;7.5;13;1.492;;NA
;Plant;C7;D03;F16;NO;YES;3.75;7.5;14;0.789;;NA
;Plant;C7;D03;F16;NO;YES;3.75;7.5;15;1.039;;NA
;Plant;C7;D03;F16;NO;YES;3.75;7.5;16;2.379;;NA
;Plant;C7;D03;F16;NO;YES;3.75;7.5;17;1.768;;NA
;Plant;C7;D03;F16;NO;YES;3.75;7.5;18;1.211;;NA
;Plant;C7;D03;F16;NO;YES;3.75;7.5;19;2.014;;NA
;Plant;C7;D03;F16;NO;YES;3.75;7.5;20;1.716;;NA
;Plant;C7;D03;F16;NO;YES;3.75;7.5;21;1.493;;NA
;Plant;C7;D03;F16;NO;YES;3.75;7.5;22;1.792;;NA
;Plant;C7;D03;F16;NO;YES;3.75;7.5;23;1.368;;NA
;Plant;C7;D03;F16;NO;YES;3.75;7.5;24;1.875;;NA
;Plant;C7;D03;F16;NO;YES;3.75;7.5;25;0.77;;NA
;Plant;C8;D03;F16;NO;YES;1.875;7.5;1;1.573;;NA
;Plant;C8;D03;F16;NO;YES;1.875;7.5;2;1.537;;NA
;Plant;C8;D03;F16;NO;YES;1.875;7.5;3;1.609;;NA
;Plant;C8;D03;F16;NO;YES;1.875;7.5;4;1.586;;NA
;Plant;C8;D03;F16;NO;YES;1.875;7.5;5;1.769;;NA
;Plant;C8;D03;F16;NO;YES;1.875;7.5;6;1.858;;NA
;Plant;C8;D03;F16;NO;YES;1.875;7.5;7;0.94;;NA
;Plant;C8;D03;F16;NO;YES;1.875;7.5;8;2.109;;NA
;Plant;C8;D03;F16;NO;YES;1.875;7.5;9;0.4;;NA
;Plant;C8;D03;F16;NO;YES;1.875;7.5;10;1.39;;NA
;Plant;C8;D03;F16;NO;YES;1.875;7.5;11;1.467;;NA
;Plant;C8;D03;F16;NO;YES;1.875;7.5;12;1.765;;NA
;Plant;C8;D03;F16;NO;YES;1.875;7.5;13;1.604;;NA
;Plant;C8;D03;F16;NO;YES;1.875;7.5;14;1.053;;NA
;Plant;C8;D03;F16;NO;YES;1.875;7.5;15;1.738;;NA
;Plant;C8;D03;F16;NO;YES;1.875;7.5;16;0.94;;NA
;Plant;C8;D03;F16;NO;YES;1.875;7.5;17;1.139;;NA
;Plant;C8;D03;F16;NO;YES;1.875;7.5;18;1.154;;NA
;Plant;C8;D03;F16;NO;YES;1.875;7.5;19;1.075;;NA
;Plant;C8;D03;F16;NO;YES;1.875;7.5;20;1.823;;NA
;Plant;C8;D03;F16;NO;YES;1.875;7.5;21;1.079;;NA
;Plant;C8;D03;F16;NO;YES;1.875;7.5;22;1.402;;NA
;Plant;C8;D03;F16;NO;YES;1.875;7.5;23;0.855;;NA
;Plant;C8;D03;F16;NO;YES;1.875;7.5;24;1.594;;NA
;Plant;C8;D03;F16;NO;YES;1.875;7.5;25;1.494;;NA
;Plant;C9;D03;F16;NO;YES;0.9375;7.5;1;1.055;;NA
;Plant;C9;D03;F16;NO;YES;0.9375;7.5;2;1.343;;NA
;Plant;C9;D03;F16;NO;YES;0.9375;7.5;3;2.093;;NA
;Plant;C9;D03;F16;NO;YES;0.9375;7.5;4;1.815;;NA
;Plant;C9;D03;F16;NO;YES;0.9375;7.5;5;1.086;;NA
;Plant;C9;D03;F16;NO;YES;0.9375;7.5;6;1.595;;NA
;Plant;C9;D03;F16;NO;YES;0.9375;7.5;7;1.67;;NA
;Plant;C9;D03;F16;NO;YES;0.9375;7.5;8;0.983;;NA
;Plant;C9;D03;F16;NO;YES;0.9375;7.5;9;0.641;;NA
;Plant;C9;D03;F16;NO;YES;0.9375;7.5;10;1.74;;NA
;Plant;C9;D03;F16;NO;YES;0.9375;7.5;11;1.664;;NA
;Plant;C9;D03;F16;NO;YES;0.9375;7.5;12;1.576;;NA
;Plant;C9;D03;F16;NO;YES;0.9375;7.5;13;2.563;;NA
;Plant;C9;D03;F16;NO;YES;0.9375;7.5;14;1.709;;NA
;Plant;C9;D03;F16;NO;YES;0.9375;7.5;15;1.75;;NA
;Plant;C9;D03;F16;NO;YES;0.9375;7.5;16;1.575;;NA
;Plant;C9;D03;F16;NO;YES;0.9375;7.5;17;2.303;;NA
;Plant;C9;D03;F16;NO;YES;0.9375;7.5;18;2.089;;NA
;Plant;C9;D03;F16;NO;YES;0.9375;7.5;19;1.595;;NA
;Plant;C9;D03;F16;NO;YES;0.9375;7.5;20;1.727;;NA
;Plant;C9;D03;F16;NO;YES;0.9375;7.5;21;1.785;;NA
;Plant;C9;D03;F16;NO;YES;0.9375;7.5;22;1.663;;NA
;Plant;C9;D03;F16;NO;YES;0.9375;7.5;23;1.911;;NA
;Plant;C9;D03;F16;NO;YES;0.9375;7.5;24;1.76;;NA
;Plant;C9;D03;F16;NO;YES;0.9375;7.5;25;1.56;;NA
;Plant;C10;D03;F16;NO;YES;0.001;7.5;1;0.684;;NA
;Plant;C10;D03;F16;NO;YES;0.001;7.5;2;1.624;;NA
;Plant;C10;D03;F16;NO;YES;0.001;7.5;3;2.398;;NA
;Plant;C10;D03;F16;NO;YES;0.001;7.5;4;1.65;;NA
;Plant;C10;D03;F16;NO;YES;0.001;7.5;5;1.453;;NA
;Plant;C10;D03;F16;NO;YES;0.001;7.5;6;1.708;;NA
;Plant;C10;D03;F16;NO;YES;0.001;7.5;7;1.464;;NA
;Plant;C10;D03;F16;NO;YES;0.001;7.5;8;1.686;;NA
;Plant;C10;D03;F16;NO;YES;0.001;7.5;9;1.762;;NA
;Plant;C10;D03;F16;NO;YES;0.001;7.5;10;1.477;;NA
;Plant;C10;D03;F16;NO;YES;0.001;7.5;11;1.863;;NA
;Plant;C10;D03;F16;NO;YES;0.001;7.5;12;1.838;;NA
;Plant;C10;D03;F16;NO;YES;0.001;7.5;13;1.965;;NA
;Plant;C10;D03;F16;NO;YES;0.001;7.5;14;1.752;;NA
;Plant;C10;D03;F16;NO;YES;0.001;7.5;15;1.619;;NA
;Plant;C10;D03;F16;NO;YES;0.001;7.5;16;1.538;;NA
;Plant;C10;D03;F16;NO;YES;0.001;7.5;17;2.232;;NA
;Plant;C10;D03;F16;NO;YES;0.001;7.5;18;1.287;;NA
;Plant;C10;D03;F16;NO;YES;0.001;7.5;19;1.425;;NA
;Plant;C10;D03;F16;NO;YES;0.001;7.5;20;1.093;;NA
;Plant;C10;D03;F16;NO;YES;0.001;7.5;21;1.679;;NA
;Plant;C10;D03;F16;NO;YES;0.001;7.5;22;1.437;;NA
;Plant;C10;D03;F16;NO;YES;0.001;7.5;23;1.171;;NA
;Plant;C10;D03;F16;NO;YES;0.001;7.5;24;1.344;;NA
;Plant;C10;D03;F16;NO;YES;0.001;7.5;25;1.795;;NA
;Plant;C11;D03;F16;NO;YES;0;7.5;1;2.407;;NA
;Plant;C11;D03;F16;NO;YES;0;7.5;2;1.759;;NA
;Plant;C11;D03;F16;NO;YES;0;7.5;3;2.106;;NA
;Plant;C11;D03;F16;NO;YES;0;7.5;4;1.61;;NA
;Plant;C11;D03;F16;NO;YES;0;7.5;5;1.197;;NA
;Plant;C11;D03;F16;NO;YES;0;7.5;6;1.352;;NA
;Plant;C11;D03;F16;NO;YES;0;7.5;7;1.438;;NA
;Plant;C11;D03;F16;NO;YES;0;7.5;8;1.556;;NA
;Plant;C11;D03;F16;NO;YES;0;7.5;9;1.111;;NA
;Plant;C11;D03;F16;NO;YES;0;7.5;10;1.419;;NA
;Plant;C11;D03;F16;NO;YES;0;7.5;11;1.383;;NA
;Plant;C11;D03;F16;NO;YES;0;7.5;12;1.69;;NA
;Plant;C11;D03;F16;NO;YES;0;7.5;13;1.835;;NA
;Plant;C11;D03;F16;NO;YES;0;7.5;14;1.705;;NA
;Plant;C11;D03;F16;NO;YES;0;7.5;15;2.182;;NA
;Plant;C11;D03;F16;NO;YES;0;7.5;16;1.866;;NA
;Plant;C11;D03;F16;NO;YES;0;7.5;17;2.008;;NA
;Plant;C11;D03;F16;NO;YES;0;7.5;18;1.808;;NA
;Plant;C11;D03;F16;NO;YES;0;7.5;19;1.519;;NA
;Plant;C11;D03;F16;NO;YES;0;7.5;20;1.875;;NA
;Plant;C11;D03;F16;NO;YES;0;7.5;21;0.829;;NA
;Plant;C11;D03;F16;NO;YES;0;7.5;22;1.273;;NA
;Plant;C11;D03;F16;NO;YES;0;7.5;23;1.538;;NA
;Plant;C11;D03;F16;NO;YES;0;7.5;24;1.599;;NA
;Plant;C11;D03;F16;NO;YES;0;7.5;25;2.406;;NA
;Plant;C12;D03;F16;NO;NO;0;0;1;1.405;;NA
;Plant;C12;D03;F16;NO;NO;0;0;2;1.88;;NA
;Plant;C12;D03;F16;NO;NO;0;0;3;1.652;;NA
;Plant;C12;D03;F16;NO;NO;0;0;4;1.743;;NA
;Plant;C12;D03;F16;NO;NO;0;0;5;1.429;;NA
;Plant;C12;D03;F16;NO;NO;0;0;6;1.197;;NA
;Plant;C12;D03;F16;NO;NO;0;0;7;1.962;;NA
;Plant;C12;D03;F16;NO;NO;0;0;8;2.959;;NA
;Plant;C12;D03;F16;NO;NO;0;0;9;1.896;;NA
;Plant;C12;D03;F16;NO;NO;0;0;10;2.007;;NA
;Plant;C12;D03;F16;NO;NO;0;0;11;1.622;;NA
;Plant;C12;D03;F16;NO;NO;0;0;12;1.847;;NA
;Plant;C12;D03;F16;NO;NO;0;0;13;1.647;;NA
;Plant;C12;D03;F16;NO;NO;0;0;14;2.389;;NA
;Plant;C12;D03;F16;NO;NO;0;0;15;1.693;;NA
;Plant;C12;D03;F16;NO;NO;0;0;16;1.279;;NA
;Plant;C12;D03;F16;NO;NO;0;0;17;1.785;;NA
;Plant;C12;D03;F16;NO;NO;0;0;18;1.888;;NA
;Plant;C12;D03;F16;NO;NO;0;0;19;1.689;;NA
;Plant;C12;D03;F16;NO;NO;0;0;20;2.122;;NA
;Plant;C12;D03;F16;NO;NO;0;0;21;1.821;;NA
;Plant;C12;D03;F16;NO;NO;0;0;22;1.401;;NA
;Plant;C12;D03;F16;NO;NO;0;0;23;1.953;;NA
;Plant;C12;D03;F16;NO;NO;0;0;24;2.128;;NA
;Plant;C12;D03;F16;NO;NO;0;0;25;2.017;;NA
;Plant;C1;D07;MF;YES;YES;7.5;7.5;1;20.112;;NA
;Plant;C1;D07;MF;YES;YES;7.5;7.5;2;17.432;;NA
;Plant;C1;D07;MF;YES;YES;7.5;7.5;3;17.579;;NA
;Plant;C1;D07;MF;YES;YES;7.5;7.5;4;21.107;;NA
;Plant;C1;D07;MF;YES;YES;7.5;7.5;5;21.698;;NA
;Plant;C1;D07;MF;YES;YES;7.5;7.5;6;19.65;;NA
;Plant;C1;D07;MF;YES;YES;7.5;7.5;7;19.168;;NA
;Plant;C1;D07;MF;YES;YES;7.5;7.5;8;21.581;;NA
;Plant;C1;D07;MF;YES;YES;7.5;7.5;9;18.591;;NA
;Plant;C1;D07;MF;YES;YES;7.5;7.5;10;19.277;;NA
;Plant;C1;D07;MF;YES;YES;7.5;7.5;11;20.916;;NA
;Plant;C1;D07;MF;YES;YES;7.5;7.5;12;18.737;;NA
;Plant;C1;D07;MF;YES;YES;7.5;7.5;13;18.834;;NA
;Plant;C1;D07;MF;YES;YES;7.5;7.5;14;19.1;;NA
;Plant;C1;D07;MF;YES;YES;7.5;7.5;15;20.437;;NA
;Plant;C1;D07;MF;YES;YES;7.5;7.5;16;22.093;;NA
;Plant;C1;D07;MF;YES;YES;7.5;7.5;17;19.103;;NA
;Plant;C1;D07;MF;YES;YES;7.5;7.5;18;19.147;;NA
;Plant;C1;D07;MF;YES;YES;7.5;7.5;19;19.349;;NA
;Plant;C1;D07;MF;YES;YES;7.5;7.5;20;20.971;;NA
;Plant;C1;D07;MF;YES;YES;7.5;7.5;21;21.373;;NA
;Plant;C1;D07;MF;YES;YES;7.5;7.5;22;18.468;;NA
;Plant;C1;D07;MF;YES;YES;7.5;7.5;23;17.998;;NA
;Plant;C1;D07;MF;YES;YES;7.5;7.5;24;20.359;;NA
;Plant;C1;D07;MF;YES;YES;7.5;7.5;25;18.068;;NA
;Plant;C2;D07;MF;YES;NO;7.5;3.75;1;15.247;;NA
;Plant;C2;D07;MF;YES;NO;7.5;3.75;2;15.231;;NA
;Plant;C2;D07;MF;YES;NO;7.5;3.75;3;18.861;;NA
;Plant;C2;D07;MF;YES;NO;7.5;3.75;4;18.031;;NA
;Plant;C2;D07;MF;YES;NO;7.5;3.75;5;17.261;;NA
;Plant;C2;D07;MF;YES;NO;7.5;3.75;6;21.602;;NA
;Plant;C2;D07;MF;YES;NO;7.5;3.75;7;20.849;;NA
;Plant;C2;D07;MF;YES;NO;7.5;3.75;8;21.147;;NA
;Plant;C2;D07;MF;YES;NO;7.5;3.75;9;20.999;;NA
;Plant;C2;D07;MF;YES;NO;7.5;3.75;10;19.008;;NA
;Plant;C2;D07;MF;YES;NO;7.5;3.75;11;17.553;;NA
;Plant;C2;D07;MF;YES;NO;7.5;3.75;12;18.64;;NA
;Plant;C2;D07;MF;YES;NO;7.5;3.75;13;16.99;;NA
;Plant;C2;D07;MF;YES;NO;7.5;3.75;14;15.798;;NA
;Plant;C2;D07;MF;YES;NO;7.5;3.75;15;17.201;;NA
;Plant;C2;D07;MF;YES;NO;7.5;3.75;16;19.16;;NA
;Plant;C2;D07;MF;YES;NO;7.5;3.75;17;18.663;;NA
;Plant;C2;D07;MF;YES;NO;7.5;3.75;18;21.601;;NA
;Plant;C2;D07;MF;YES;NO;7.5;3.75;19;20.937;;NA
;Plant;C2;D07;MF;YES;NO;7.5;3.75;20;17.727;;NA
;Plant;C2;D07;MF;YES;NO;7.5;3.75;21;17.003;;NA
;Plant;C2;D07;MF;YES;NO;7.5;3.75;22;15.627;;NA
;Plant;C2;D07;MF;YES;NO;7.5;3.75;23;15.565;;NA
;Plant;C2;D07;MF;YES;NO;7.5;3.75;24;19.463;;NA
;Plant;C2;D07;MF;YES;NO;7.5;3.75;25;20.135;;NA
;Plant;C3;D07;MF;YES;NO;7.5;1.875;1;15.79;;NA
;Plant;C3;D07;MF;YES;NO;7.5;1.875;2;19.516;;NA
;Plant;C3;D07;MF;YES;NO;7.5;1.875;3;18.806;;NA
;Plant;C3;D07;MF;YES;NO;7.5;1.875;4;18.512;;NA
;Plant;C3;D07;MF;YES;NO;7.5;1.875;5;18.82;;NA
;Plant;C3;D07;MF;YES;NO;7.5;1.875;6;16.876;;NA
;Plant;C3;D07;MF;YES;NO;7.5;1.875;7;18.795;;NA
;Plant;C3;D07;MF;YES;NO;7.5;1.875;8;10.523;;NA
;Plant;C3;D07;MF;YES;NO;7.5;1.875;9;20.018;;NA
;Plant;C3;D07;MF;YES;NO;7.5;1.875;10;17.857;;NA
;Plant;C3;D07;MF;YES;NO;7.5;1.875;11;20.725;;NA
;Plant;C3;D07;MF;YES;NO;7.5;1.875;12;20.061;;NA
;Plant;C3;D07;MF;YES;NO;7.5;1.875;13;15.352;;NA
;Plant;C3;D07;MF;YES;NO;7.5;1.875;14;17.536;;NA
;Plant;C3;D07;MF;YES;NO;7.5;1.875;15;18.842;;NA
;Plant;C3;D07;MF;YES;NO;7.5;1.875;16;17.604;;NA
;Plant;C3;D07;MF;YES;NO;7.5;1.875;17;18.405;;NA
;Plant;C3;D07;MF;YES;NO;7.5;1.875;18;19.331;;NA
;Plant;C3;D07;MF;YES;NO;7.5;1.875;19;18.969;;NA
;Plant;C3;D07;MF;YES;NO;7.5;1.875;20;20.217;;NA
;Plant;C3;D07;MF;YES;NO;7.5;1.875;21;20.507;;NA
;Plant;C3;D07;MF;YES;NO;7.5;1.875;22;19.991;;NA
;Plant;C3;D07;MF;YES;NO;7.5;1.875;23;15.63;;NA
;Plant;C3;D07;MF;YES;NO;7.5;1.875;24;17.449;;NA
;Plant;C3;D07;MF;YES;NO;7.5;1.875;25;16.896;;NA
;Plant;C4;D07;MF;YES;NO;7.5;0.9375;1;21.288;;NA
;Plant;C4;D07;MF;YES;NO;7.5;0.9375;2;19.141;;NA
;Plant;C4;D07;MF;YES;NO;7.5;0.9375;3;18.878;;NA
;Plant;C4;D07;MF;YES;NO;7.5;0.9375;4;18.846;;NA
;Plant;C4;D07;MF;YES;NO;7.5;0.9375;5;15.681;;NA
;Plant;C4;D07;MF;YES;NO;7.5;0.9375;6;10.499;;NA
;Plant;C4;D07;MF;YES;NO;7.5;0.9375;7;17.121;;NA
;Plant;C4;D07;MF;YES;NO;7.5;0.9375;8;19.893;;NA
;Plant;C4;D07;MF;YES;NO;7.5;0.9375;9;20.114;;NA
;Plant;C4;D07;MF;YES;NO;7.5;0.9375;10;19.186;;NA
;Plant;C4;D07;MF;YES;NO;7.5;0.9375;11;19.027;;NA
;Plant;C4;D07;MF;YES;NO;7.5;0.9375;12;20.155;;NA
;Plant;C4;D07;MF;YES;NO;7.5;0.9375;13;17.794;;NA
;Plant;C4;D07;MF;YES;NO;7.5;0.9375;14;21.492;;NA
;Plant;C4;D07;MF;YES;NO;7.5;0.9375;15;18.832;;NA
;Plant;C4;D07;MF;YES;NO;7.5;0.9375;16;18.755;;NA
;Plant;C4;D07;MF;YES;NO;7.5;0.9375;17;17.557;;NA
;Plant;C4;D07;MF;YES;NO;7.5;0.9375;18;14.935;;NA
;Plant;C4;D07;MF;YES;NO;7.5;0.9375;19;18.818;;NA
;Plant;C4;D07;MF;YES;NO;7.5;0.9375;20;20.31;;NA
;Plant;C4;D07;MF;YES;NO;7.5;0.9375;21;17.336;;NA
;Plant;C4;D07;MF;YES;NO;7.5;0.9375;22;17.063;;NA
;Plant;C4;D07;MF;YES;NO;7.5;0.9375;23;19.634;;NA
;Plant;C4;D07;MF;YES;NO;7.5;0.9375;24;16.54;;NA
;Plant;C4;D07;MF;YES;NO;7.5;0.9375;25;18.769;;NA
;Plant;C5;D07;MF;YES;NO;7.5;0.001;1;18.882;;NA
;Plant;C5;D07;MF;YES;NO;7.5;0.001;2;20.839;;NA
;Plant;C5;D07;MF;YES;NO;7.5;0.001;3;20.491;;NA
;Plant;C5;D07;MF;YES;NO;7.5;0.001;4;15.91;;NA
;Plant;C5;D07;MF;YES;NO;7.5;0.001;5;17.021;;NA
;Plant;C5;D07;MF;YES;NO;7.5;0.001;6;15.296;;NA
;Plant;C5;D07;MF;YES;NO;7.5;0.001;7;20.473;;NA
;Plant;C5;D07;MF;YES;NO;7.5;0.001;8;18.498;;NA
;Plant;C5;D07;MF;YES;NO;7.5;0.001;9;16.958;;NA
;Plant;C5;D07;MF;YES;NO;7.5;0.001;10;16.748;;NA
;Plant;C5;D07;MF;YES;NO;7.5;0.001;11;18.582;;NA
;Plant;C5;D07;MF;YES;NO;7.5;0.001;12;10.903;;NA
;Plant;C5;D07;MF;YES;NO;7.5;0.001;13;18.154;;NA
;Plant;C5;D07;MF;YES;NO;7.5;0.001;14;14.936;;NA
;Plant;C5;D07;MF;YES;NO;7.5;0.001;15;19.41;;NA
;Plant;C5;D07;MF;YES;NO;7.5;0.001;16;21.263;;NA
;Plant;C5;D07;MF;YES;NO;7.5;0.001;17;11.512;;NA
;Plant;C5;D07;MF;YES;NO;7.5;0.001;18;21.466;;NA
;Plant;C5;D07;MF;YES;NO;7.5;0.001;19;19.282;;NA
;Plant;C5;D07;MF;YES;NO;7.5;0.001;20;16.109;;NA
;Plant;C5;D07;MF;YES;NO;7.5;0.001;21;10.281;;NA
;Plant;C5;D07;MF;YES;NO;7.5;0.001;22;18.217;;NA
;Plant;C5;D07;MF;YES;NO;7.5;0.001;23;21.288;;NA
;Plant;C5;D07;MF;YES;NO;7.5;0.001;24;14.664;;NA
;Plant;C5;D07;MF;YES;NO;7.5;0.001;25;15.253;;NA
;Plant;C6;D07;MF;YES;NO;7.5;0;1;21.684;;NA
;Plant;C6;D07;MF;YES;NO;7.5;0;2;16.615;;NA
;Plant;C6;D07;MF;YES;NO;7.5;0;3;15.745;;NA
;Plant;C6;D07;MF;YES;NO;7.5;0;4;18.342;;NA
;Plant;C6;D07;MF;YES;NO;7.5;0;5;16.261;;NA
;Plant;C6;D07;MF;YES;NO;7.5;0;6;18.307;;NA
;Plant;C6;D07;MF;YES;NO;7.5;0;7;19.037;;NA
;Plant;C6;D07;MF;YES;NO;7.5;0;8;18.085;;NA
;Plant;C6;D07;MF;YES;NO;7.5;0;9;16.033;;NA
;Plant;C6;D07;MF;YES;NO;7.5;0;10;18.168;;NA
;Plant;C6;D07;MF;YES;NO;7.5;0;11;17.589;;NA
;Plant;C6;D07;MF;YES;NO;7.5;0;12;14.446;;NA
;Plant;C6;D07;MF;YES;NO;7.5;0;13;15.996;;NA
;Plant;C6;D07;MF;YES;NO;7.5;0;14;17.771;;NA
;Plant;C6;D07;MF;YES;NO;7.5;0;15;14.719;;NA
;Plant;C6;D07;MF;YES;NO;7.5;0;16;17.776;;NA
;Plant;C6;D07;MF;YES;NO;7.5;0;17;17.539;;NA
;Plant;C6;D07;MF;YES;NO;7.5;0;18;17.295;;NA
;Plant;C6;D07;MF;YES;NO;7.5;0;19;12.569;;NA
;Plant;C6;D07;MF;YES;NO;7.5;0;20;19.484;;NA
;Plant;C6;D07;MF;YES;NO;7.5;0;21;15.468;;NA
;Plant;C6;D07;MF;YES;NO;7.5;0;22;19.307;;NA
;Plant;C6;D07;MF;YES;NO;7.5;0;23;18.888;;NA
;Plant;C6;D07;MF;YES;NO;7.5;0;24;15.477;;NA
;Plant;C6;D07;MF;YES;NO;7.5;0;25;18.541;;NA
;Plant;C7;D07;MF;NO;YES;3.75;7.5;1;19.794;;NA
;Plant;C7;D07;MF;NO;YES;3.75;7.5;2;19.756;;NA
;Plant;C7;D07;MF;NO;YES;3.75;7.5;3;19.525;;NA
;Plant;C7;D07;MF;NO;YES;3.75;7.5;4;18.442;;NA
;Plant;C7;D07;MF;NO;YES;3.75;7.5;5;22.825;;NA
;Plant;C7;D07;MF;NO;YES;3.75;7.5;6;19.711;;NA
;Plant;C7;D07;MF;NO;YES;3.75;7.5;7;19.754;;NA
;Plant;C7;D07;MF;NO;YES;3.75;7.5;8;18.728;;NA
;Plant;C7;D07;MF;NO;YES;3.75;7.5;9;20.733;;NA
;Plant;C7;D07;MF;NO;YES;3.75;7.5;10;19.056;;NA
;Plant;C7;D07;MF;NO;YES;3.75;7.5;11;17.875;;NA
;Plant;C7;D07;MF;NO;YES;3.75;7.5;12;20.526;;NA
;Plant;C7;D07;MF;NO;YES;3.75;7.5;13;21.008;;NA
;Plant;C7;D07;MF;NO;YES;3.75;7.5;14;19.761;;NA
;Plant;C7;D07;MF;NO;YES;3.75;7.5;15;19.546;;NA
;Plant;C7;D07;MF;NO;YES;3.75;7.5;16;19.935;;NA
;Plant;C7;D07;MF;NO;YES;3.75;7.5;17;17.732;;NA
;Plant;C7;D07;MF;NO;YES;3.75;7.5;18;17.385;;NA
;Plant;C7;D07;MF;NO;YES;3.75;7.5;19;21.324;;NA
;Plant;C7;D07;MF;NO;YES;3.75;7.5;20;19.634;;NA
;Plant;C7;D07;MF;NO;YES;3.75;7.5;21;19.234;;NA
;Plant;C7;D07;MF;NO;YES;3.75;7.5;22;21.471;;NA
;Plant;C7;D07;MF;NO;YES;3.75;7.5;23;23.963;;NA
;Plant;C7;D07;MF;NO;YES;3.75;7.5;24;17.969;;NA
;Plant;C7;D07;MF;NO;YES;3.75;7.5;25;22.097;;NA
;Plant;C8;D07;MF;NO;YES;1.875;7.5;1;20.321;;NA
;Plant;C8;D07;MF;NO;YES;1.875;7.5;2;19.819;;NA
;Plant;C8;D07;MF;NO;YES;1.875;7.5;3;22.506;;NA
;Plant;C8;D07;MF;NO;YES;1.875;7.5;4;21.484;;NA
;Plant;C8;D07;MF;NO;YES;1.875;7.5;5;20.974;;NA
;Plant;C8;D07;MF;NO;YES;1.875;7.5;6;20.224;;NA
;Plant;C8;D07;MF;NO;YES;1.875;7.5;7;20.037;;NA
;Plant;C8;D07;MF;NO;YES;1.875;7.5;8;17.982;;NA
;Plant;C8;D07;MF;NO;YES;1.875;7.5;9;23.111;;NA
;Plant;C8;D07;MF;NO;YES;1.875;7.5;10;22.009;;NA
;Plant;C8;D07;MF;NO;YES;1.875;7.5;11;19.686;;NA
;Plant;C8;D07;MF;NO;YES;1.875;7.5;12;21.147;;NA
;Plant;C8;D07;MF;NO;YES;1.875;7.5;13;21.611;;NA
;Plant;C8;D07;MF;NO;YES;1.875;7.5;14;18.697;;NA
;Plant;C8;D07;MF;NO;YES;1.875;7.5;15;20.124;;NA
;Plant;C8;D07;MF;NO;YES;1.875;7.5;16;19.72;;NA
;Plant;C8;D07;MF;NO;YES;1.875;7.5;17;18.25;;NA
;Plant;C8;D07;MF;NO;YES;1.875;7.5;18;19.601;;NA
;Plant;C8;D07;MF;NO;YES;1.875;7.5;19;17.542;;NA
;Plant;C8;D07;MF;NO;YES;1.875;7.5;20;11.409;;NA
;Plant;C8;D07;MF;NO;YES;1.875;7.5;21;23.405;;NA
;Plant;C8;D07;MF;NO;YES;1.875;7.5;22;19.428;;NA
;Plant;C8;D07;MF;NO;YES;1.875;7.5;23;19.607;;NA
;Plant;C8;D07;MF;NO;YES;1.875;7.5;24;18.917;;NA
;Plant;C8;D07;MF;NO;YES;1.875;7.5;25;20.575;;NA
;Plant;C9;D07;MF;NO;YES;0.9375;7.5;1;18.287;;NA
;Plant;C9;D07;MF;NO;YES;0.9375;7.5;2;18.206;;NA
;Plant;C9;D07;MF;NO;YES;0.9375;7.5;3;19.21;;NA
;Plant;C9;D07;MF;NO;YES;0.9375;7.5;4;20.477;;NA
;Plant;C9;D07;MF;NO;YES;0.9375;7.5;5;15.926;;NA
;Plant;C9;D07;MF;NO;YES;0.9375;7.5;6;20.228;;NA
;Plant;C9;D07;MF;NO;YES;0.9375;7.5;7;20.124;;NA
;Plant;C9;D07;MF;NO;YES;0.9375;7.5;8;18.359;;NA
;Plant;C9;D07;MF;NO;YES;0.9375;7.5;9;21.516;;NA
;Plant;C9;D07;MF;NO;YES;0.9375;7.5;10;18.783;;NA
;Plant;C9;D07;MF;NO;YES;0.9375;7.5;11;20.034;;NA
;Plant;C9;D07;MF;NO;YES;0.9375;7.5;12;22.025;;NA
;Plant;C9;D07;MF;NO;YES;0.9375;7.5;13;20.42;;NA
;Plant;C9;D07;MF;NO;YES;0.9375;7.5;14;15.953;;NA
;Plant;C9;D07;MF;NO;YES;0.9375;7.5;15;23.861;;NA
;Plant;C9;D07;MF;NO;YES;0.9375;7.5;16;21.185;;NA
;Plant;C9;D07;MF;NO;YES;0.9375;7.5;17;10.368;;NA
;Plant;C9;D07;MF;NO;YES;0.9375;7.5;18;21.762;;NA
;Plant;C9;D07;MF;NO;YES;0.9375;7.5;19;20.685;;NA
;Plant;C9;D07;MF;NO;YES;0.9375;7.5;20;18.549;;NA
;Plant;C9;D07;MF;NO;YES;0.9375;7.5;21;24.288;;NA
;Plant;C9;D07;MF;NO;YES;0.9375;7.5;22;22.954;;NA
;Plant;C9;D07;MF;NO;YES;0.9375;7.5;23;21.888;;NA
;Plant;C9;D07;MF;NO;YES;0.9375;7.5;24;21.328;;NA
;Plant;C9;D07;MF;NO;YES;0.9375;7.5;25;20.623;;NA
;Plant;C10;D07;MF;NO;YES;0.001;7.5;1;21.167;;NA
;Plant;C10;D07;MF;NO;YES;0.001;7.5;2;20.062;;NA
;Plant;C10;D07;MF;NO;YES;0.001;7.5;3;17.596;;NA
;Plant;C10;D07;MF;NO;YES;0.001;7.5;4;20.49;;NA
;Plant;C10;D07;MF;NO;YES;0.001;7.5;5;18.628;;NA
;Plant;C10;D07;MF;NO;YES;0.001;7.5;6;15.138;;NA
;Plant;C10;D07;MF;NO;YES;0.001;7.5;7;11.061;;NA
;Plant;C10;D07;MF;NO;YES;0.001;7.5;8;22.072;;NA
;Plant;C10;D07;MF;NO;YES;0.001;7.5;9;22.586;;NA
;Plant;C10;D07;MF;NO;YES;0.001;7.5;10;21.068;;NA
;Plant;C10;D07;MF;NO;YES;0.001;7.5;11;20.761;;NA
;Plant;C10;D07;MF;NO;YES;0.001;7.5;12;21.065;;NA
;Plant;C10;D07;MF;NO;YES;0.001;7.5;13;16.86;;NA
;Plant;C10;D07;MF;NO;YES;0.001;7.5;14;21.229;;NA
;Plant;C10;D07;MF;NO;YES;0.001;7.5;15;21.747;;NA
;Plant;C10;D07;MF;NO;YES;0.001;7.5;16;13.372;;NA
;Plant;C10;D07;MF;NO;YES;0.001;7.5;17;21.458;;NA
;Plant;C10;D07;MF;NO;YES;0.001;7.5;18;18.619;;NA
;Plant;C10;D07;MF;NO;YES;0.001;7.5;19;16.683;;NA
;Plant;C10;D07;MF;NO;YES;0.001;7.5;20;14.675;;NA
;Plant;C10;D07;MF;NO;YES;0.001;7.5;21;17.129;;NA
;Plant;C10;D07;MF;NO;YES;0.001;7.5;22;15.974;;NA
;Plant;C10;D07;MF;NO;YES;0.001;7.5;23;17.379;;NA
;Plant;C10;D07;MF;NO;YES;0.001;7.5;24;8.169;;NA
;Plant;C10;D07;MF;NO;YES;0.001;7.5;25;20.146;;NA
;Plant;C11;D07;MF;NO;YES;0;7.5;1;20.626;;NA
;Plant;C11;D07;MF;NO;YES;0;7.5;2;17.809;;NA
;Plant;C11;D07;MF;NO;YES;0;7.5;3;21.561;;NA
;Plant;C11;D07;MF;NO;YES;0;7.5;4;21.373;;NA
;Plant;C11;D07;MF;NO;YES;0;7.5;5;21.241;;NA
;Plant;C11;D07;MF;NO;YES;0;7.5;6;20.035;;NA
;Plant;C11;D07;MF;NO;YES;0;7.5;7;22.842;;NA
;Plant;C11;D07;MF;NO;YES;0;7.5;8;18.35;;NA
;Plant;C11;D07;MF;NO;YES;0;7.5;9;22.234;;NA
;Plant;C11;D07;MF;NO;YES;0;7.5;10;22.02;;NA
;Plant;C11;D07;MF;NO;YES;0;7.5;11;18.343;;NA
;Plant;C11;D07;MF;NO;YES;0;7.5;12;21.193;;NA
;Plant;C11;D07;MF;NO;YES;0;7.5;13;18.835;;NA
;Plant;C11;D07;MF;NO;YES;0;7.5;14;18.072;;NA
;Plant;C11;D07;MF;NO;YES;0;7.5;15;20.12;;NA
;Plant;C11;D07;MF;NO;YES;0;7.5;16;19.635;;NA
;Plant;C11;D07;MF;NO;YES;0;7.5;17;22.345;;NA
;Plant;C11;D07;MF;NO;YES;0;7.5;18;23.222;;NA
;Plant;C11;D07;MF;NO;YES;0;7.5;19;19.176;;NA
;Plant;C11;D07;MF;NO;YES;0;7.5;20;22.054;;NA
;Plant;C11;D07;MF;NO;YES;0;7.5;21;24.258;;NA
;Plant;C11;D07;MF;NO;YES;0;7.5;22;22.816;;NA
;Plant;C11;D07;MF;NO;YES;0;7.5;23;19.666;;NA
;Plant;C11;D07;MF;NO;YES;0;7.5;24;21.68;;NA
;Plant;C11;D07;MF;NO;YES;0;7.5;25;20.342;;NA
;Plant;C12;D07;MF;NO;NO;0;0;1;17.293;;NA
;Plant;C12;D07;MF;NO;NO;0;0;2;20.505;;NA
;Plant;C12;D07;MF;NO;NO;0;0;3;15.727;;NA
;Plant;C12;D07;MF;NO;NO;0;0;4;17.415;;NA
;Plant;C12;D07;MF;NO;NO;0;0;5;20.566;;NA
;Plant;C12;D07;MF;NO;NO;0;0;6;21.275;;NA
;Plant;C12;D07;MF;NO;NO;0;0;7;19.661;;NA
;Plant;C12;D07;MF;NO;NO;0;0;8;19.449;;NA
;Plant;C12;D07;MF;NO;NO;0;0;9;17.288;;NA
;Plant;C12;D07;MF;NO;NO;0;0;10;17.937;;NA
;Plant;C12;D07;MF;NO;NO;0;0;11;17.14;;NA
;Plant;C12;D07;MF;NO;NO;0;0;12;21.182;;NA
;Plant;C12;D07;MF;NO;NO;0;0;13;15.834;;NA
;Plant;C12;D07;MF;NO;NO;0;0;14;17.474;;NA
;Plant;C12;D07;MF;NO;NO;0;0;15;15.099;;NA
;Plant;C12;D07;MF;NO;NO;0;0;16;17.262;;NA
;Plant;C12;D07;MF;NO;NO;0;0;17;17.79;;NA
;Plant;C12;D07;MF;NO;NO;0;0;18;19.498;;NA
;Plant;C12;D07;MF;NO;NO;0;0;19;15.736;;NA
;Plant;C12;D07;MF;NO;NO;0;0;20;16.138;;NA
;Plant;C12;D07;MF;NO;NO;0;0;21;15.713;;NA
;Plant;C12;D07;MF;NO;NO;0;0;22;15.656;;NA
;Plant;C12;D07;MF;NO;NO;0;0;23;16.979;;NA
;Plant;C12;D07;MF;NO;NO;0;0;24;18.132;;NA
;Plant;C12;D07;MF;NO;NO;0;0;25;17.127;;NA
;Plant;C1;D07;F16;YES;YES;7.5;7.5;1;10.048;;NA
;Plant;C1;D07;F16;YES;YES;7.5;7.5;2;6.334;;NA
;Plant;C1;D07;F16;YES;YES;7.5;7.5;3;6.316;;NA
;Plant;C1;D07;F16;YES;YES;7.5;7.5;4;2.222;;NA
;Plant;C1;D07;F16;YES;YES;7.5;7.5;5;4.566;;NA
;Plant;C1;D07;F16;YES;YES;7.5;7.5;6;7.017;;NA
;Plant;C1;D07;F16;YES;YES;7.5;7.5;7;1.538;;NA
;Plant;C1;D07;F16;YES;YES;7.5;7.5;8;5.214;;NA
;Plant;C1;D07;F16;YES;YES;7.5;7.5;9;4.729;;NA
;Plant;C1;D07;F16;YES;YES;7.5;7.5;10;6.054;;NA
;Plant;C1;D07;F16;YES;YES;7.5;7.5;11;3.781;;NA
;Plant;C1;D07;F16;YES;YES;7.5;7.5;12;5.235;;NA
;Plant;C1;D07;F16;YES;YES;7.5;7.5;13;5.381;;NA
;Plant;C1;D07;F16;YES;YES;7.5;7.5;14;7.531;;NA
;Plant;C1;D07;F16;YES;YES;7.5;7.5;15;5.813;;NA
;Plant;C1;D07;F16;YES;YES;7.5;7.5;16;6.841;;NA
;Plant;C1;D07;F16;YES;YES;7.5;7.5;17;5.338;;NA
;Plant;C1;D07;F16;YES;YES;7.5;7.5;18;3.397;;NA
;Plant;C1;D07;F16;YES;YES;7.5;7.5;19;10.671;;NA
;Plant;C1;D07;F16;YES;YES;7.5;7.5;20;7.176;;NA
;Plant;C1;D07;F16;YES;YES;7.5;7.5;21;3.747;;NA
;Plant;C1;D07;F16;YES;YES;7.5;7.5;22;9.764;;NA
;Plant;C1;D07;F16;YES;YES;7.5;7.5;23;7.075;;NA
;Plant;C1;D07;F16;YES;YES;7.5;7.5;24;9.745;;NA
;Plant;C1;D07;F16;YES;YES;7.5;7.5;25;5.236;;NA
;Plant;C2;D07;F16;YES;NO;7.5;3.75;1;9.393;;NA
;Plant;C2;D07;F16;YES;NO;7.5;3.75;2;6.494;;NA
;Plant;C2;D07;F16;YES;NO;7.5;3.75;3;5.939;;NA
;Plant;C2;D07;F16;YES;NO;7.5;3.75;4;3.644;;NA
;Plant;C2;D07;F16;YES;NO;7.5;3.75;5;5.743;;NA
;Plant;C2;D07;F16;YES;NO;7.5;3.75;6;7.389;;NA
;Plant;C2;D07;F16;YES;NO;7.5;3.75;7;4.722;;NA
;Plant;C2;D07;F16;YES;NO;7.5;3.75;8;5.661;;NA
;Plant;C2;D07;F16;YES;NO;7.5;3.75;9;5.154;;NA
;Plant;C2;D07;F16;YES;NO;7.5;3.75;10;4.867;;NA
;Plant;C2;D07;F16;YES;NO;7.5;3.75;11;2.811;;NA
;Plant;C2;D07;F16;YES;NO;7.5;3.75;12;7.153;;NA
;Plant;C2;D07;F16;YES;NO;7.5;3.75;13;5.564;;NA
;Plant;C2;D07;F16;YES;NO;7.5;3.75;14;10.502;;NA
;Plant;C2;D07;F16;YES;NO;7.5;3.75;15;6.508;;NA
;Plant;C2;D07;F16;YES;NO;7.5;3.75;16;7.763;;NA
;Plant;C2;D07;F16;YES;NO;7.5;3.75;17;9.907;;NA
;Plant;C2;D07;F16;YES;NO;7.5;3.75;18;7.475;;NA
;Plant;C2;D07;F16;YES;NO;7.5;3.75;19;6.152;;NA
;Plant;C2;D07;F16;YES;NO;7.5;3.75;20;5.495;;NA
;Plant;C2;D07;F16;YES;NO;7.5;3.75;21;8.643;;NA
;Plant;C2;D07;F16;YES;NO;7.5;3.75;22;9.324;;NA
;Plant;C2;D07;F16;YES;NO;7.5;3.75;23;4.981;;NA
;Plant;C2;D07;F16;YES;NO;7.5;3.75;24;9.009;;NA
;Plant;C2;D07;F16;YES;NO;7.5;3.75;25;9.992;;NA
;Plant;C3;D07;F16;YES;NO;7.5;1.875;1;7.58;;NA
;Plant;C3;D07;F16;YES;NO;7.5;1.875;2;10.401;;NA
;Plant;C3;D07;F16;YES;NO;7.5;1.875;3;12.952;;NA
;Plant;C3;D07;F16;YES;NO;7.5;1.875;4;2.972;;NA
;Plant;C3;D07;F16;YES;NO;7.5;1.875;5;5.552;;NA
;Plant;C3;D07;F16;YES;NO;7.5;1.875;6;11.553;;NA
;Plant;C3;D07;F16;YES;NO;7.5;1.875;7;12.691;;NA
;Plant;C3;D07;F16;YES;NO;7.5;1.875;8;14.065;;NA
;Plant;C3;D07;F16;YES;NO;7.5;1.875;9;7.4;;NA
;Plant;C3;D07;F16;YES;NO;7.5;1.875;10;7.943;;NA
;Plant;C3;D07;F16;YES;NO;7.5;1.875;11;8.674;;NA
;Plant;C3;D07;F16;YES;NO;7.5;1.875;12;7.524;;NA
;Plant;C3;D07;F16;YES;NO;7.5;1.875;13;7.662;;NA
;Plant;C3;D07;F16;YES;NO;7.5;1.875;14;7.653;;NA
;Plant;C3;D07;F16;YES;NO;7.5;1.875;15;5.659;;NA
;Plant;C3;D07;F16;YES;NO;7.5;1.875;16;8.078;;NA
;Plant;C3;D07;F16;YES;NO;7.5;1.875;17;7.212;;NA
;Plant;C3;D07;F16;YES;NO;7.5;1.875;18;4.437;;NA
;Plant;C3;D07;F16;YES;NO;7.5;1.875;19;8.952;;NA
;Plant;C3;D07;F16;YES;NO;7.5;1.875;20;9.199;;NA
;Plant;C3;D07;F16;YES;NO;7.5;1.875;21;10.846;;NA
;Plant;C3;D07;F16;YES;NO;7.5;1.875;22;7.535;;NA
;Plant;C3;D07;F16;YES;NO;7.5;1.875;23;12.647;;NA
;Plant;C3;D07;F16;YES;NO;7.5;1.875;24;9.851;;NA
;Plant;C3;D07;F16;YES;NO;7.5;1.875;25;11.652;;NA
;Plant;C4;D07;F16;YES;NO;7.5;0.9375;1;7.232;;NA
;Plant;C4;D07;F16;YES;NO;7.5;0.9375;2;10.109;;NA
;Plant;C4;D07;F16;YES;NO;7.5;0.9375;3;10.424;;NA
;Plant;C4;D07;F16;YES;NO;7.5;0.9375;4;9.774;;NA
;Plant;C4;D07;F16;YES;NO;7.5;0.9375;5;7.674;;NA
;Plant;C4;D07;F16;YES;NO;7.5;0.9375;6;10.92;;NA
;Plant;C4;D07;F16;YES;NO;7.5;0.9375;7;9.335;;NA
;Plant;C4;D07;F16;YES;NO;7.5;0.9375;8;10.191;;NA
;Plant;C4;D07;F16;YES;NO;7.5;0.9375;9;10.741;;NA
;Plant;C4;D07;F16;YES;NO;7.5;0.9375;10;3.585;;NA
;Plant;C4;D07;F16;YES;NO;7.5;0.9375;11;14.036;;NA
;Plant;C4;D07;F16;YES;NO;7.5;0.9375;12;11.877;;NA
;Plant;C4;D07;F16;YES;NO;7.5;0.9375;13;11.366;;NA
;Plant;C4;D07;F16;YES;NO;7.5;0.9375;14;10.08;;NA
;Plant;C4;D07;F16;YES;NO;7.5;0.9375;15;11.197;;NA
;Plant;C4;D07;F16;YES;NO;7.5;0.9375;16;12.533;;NA
;Plant;C4;D07;F16;YES;NO;7.5;0.9375;17;9.108;;NA
;Plant;C4;D07;F16;YES;NO;7.5;0.9375;18;9.084;;NA
;Plant;C4;D07;F16;YES;NO;7.5;0.9375;19;8.957;;NA
;Plant;C4;D07;F16;YES;NO;7.5;0.9375;20;9.934;;NA
;Plant;C4;D07;F16;YES;NO;7.5;0.9375;21;8.588;;NA
;Plant;C4;D07;F16;YES;NO;7.5;0.9375;22;9.477;;NA
;Plant;C4;D07;F16;YES;NO;7.5;0.9375;23;13.721;;NA
;Plant;C4;D07;F16;YES;NO;7.5;0.9375;24;9.921;;NA
;Plant;C4;D07;F16;YES;NO;7.5;0.9375;25;8.878;;NA
;Plant;C5;D07;F16;YES;NO;7.5;0.001;1;9.352;;NA
;Plant;C5;D07;F16;YES;NO;7.5;0.001;2;10.948;;NA
;Plant;C5;D07;F16;YES;NO;7.5;0.001;3;13.597;;NA
;Plant;C5;D07;F16;YES;NO;7.5;0.001;4;13.141;;NA
;Plant;C5;D07;F16;YES;NO;7.5;0.001;5;11.487;;NA
;Plant;C5;D07;F16;YES;NO;7.5;0.001;6;5.469;;NA
;Plant;C5;D07;F16;YES;NO;7.5;0.001;7;11.464;;NA
;Plant;C5;D07;F16;YES;NO;7.5;0.001;8;11.32;;NA
;Plant;C5;D07;F16;YES;NO;7.5;0.001;9;10.268;;NA
;Plant;C5;D07;F16;YES;NO;7.5;0.001;10;7.595;;NA
;Plant;C5;D07;F16;YES;NO;7.5;0.001;11;10.667;;NA
;Plant;C5;D07;F16;YES;NO;7.5;0.001;12;7.189;;NA
;Plant;C5;D07;F16;YES;NO;7.5;0.001;13;15.371;;NA
;Plant;C5;D07;F16;YES;NO;7.5;0.001;14;7.2;;NA
;Plant;C5;D07;F16;YES;NO;7.5;0.001;15;10.119;;NA
;Plant;C5;D07;F16;YES;NO;7.5;0.001;16;13.59;;NA
;Plant;C5;D07;F16;YES;NO;7.5;0.001;17;12.033;;NA
;Plant;C5;D07;F16;YES;NO;7.5;0.001;18;10.616;;NA
;Plant;C5;D07;F16;YES;NO;7.5;0.001;19;14.898;;NA
;Plant;C5;D07;F16;YES;NO;7.5;0.001;20;7.822;;NA
;Plant;C5;D07;F16;YES;NO;7.5;0.001;21;10.676;;NA
;Plant;C5;D07;F16;YES;NO;7.5;0.001;22;10.946;;NA
;Plant;C5;D07;F16;YES;NO;7.5;0.001;23;11.76;;NA
;Plant;C5;D07;F16;YES;NO;7.5;0.001;24;11.487;;NA
;Plant;C5;D07;F16;YES;NO;7.5;0.001;25;12.448;;NA
;Plant;C6;D07;F16;YES;NO;7.5;0;1;12.408;;NA
;Plant;C6;D07;F16;YES;NO;7.5;0;2;11.003;;NA
;Plant;C6;D07;F16;YES;NO;7.5;0;3;14.233;;NA
;Plant;C6;D07;F16;YES;NO;7.5;0;4;12.73;;NA
;Plant;C6;D07;F16;YES;NO;7.5;0;5;14.331;;NA
;Plant;C6;D07;F16;YES;NO;7.5;0;6;11.518;;NA
;Plant;C6;D07;F16;YES;NO;7.5;0;7;11.619;;NA
;Plant;C6;D07;F16;YES;NO;7.5;0;8;9.776;;NA
;Plant;C6;D07;F16;YES;NO;7.5;0;9;13.812;;NA
;Plant;C6;D07;F16;YES;NO;7.5;0;10;14.985;;NA
;Plant;C6;D07;F16;YES;NO;7.5;0;11;9.187;;NA
;Plant;C6;D07;F16;YES;NO;7.5;0;12;6.283;;NA
;Plant;C6;D07;F16;YES;NO;7.5;0;13;11.606;;NA
;Plant;C6;D07;F16;YES;NO;7.5;0;14;12.971;;NA
;Plant;C6;D07;F16;YES;NO;7.5;0;15;11.342;;NA
;Plant;C6;D07;F16;YES;NO;7.5;0;16;13.772;;NA
;Plant;C6;D07;F16;YES;NO;7.5;0;17;10.891;;NA
;Plant;C6;D07;F16;YES;NO;7.5;0;18;12.472;;NA
;Plant;C6;D07;F16;YES;NO;7.5;0;19;12.704;;NA
;Plant;C6;D07;F16;YES;NO;7.5;0;20;13.442;;NA
;Plant;C6;D07;F16;YES;NO;7.5;0;21;10.687;;NA
;Plant;C6;D07;F16;YES;NO;7.5;0;22;10.992;;NA
;Plant;C6;D07;F16;YES;NO;7.5;0;23;11.942;;NA
;Plant;C6;D07;F16;YES;NO;7.5;0;24;12.477;;NA
;Plant;C6;D07;F16;YES;NO;7.5;0;25;9.166;;NA
;Plant;C7;D07;F16;NO;YES;3.75;7.5;1;7.155;;NA
;Plant;C7;D07;F16;NO;YES;3.75;7.5;2;7.478;;NA
;Plant;C7;D07;F16;NO;YES;3.75;7.5;3;2.873;;NA
;Plant;C7;D07;F16;NO;YES;3.75;7.5;4;1.913;;NA
;Plant;C7;D07;F16;NO;YES;3.75;7.5;5;3.023;;NA
;Plant;C7;D07;F16;NO;YES;3.75;7.5;6;4.778;;NA
;Plant;C7;D07;F16;NO;YES;3.75;7.5;7;4.431;;NA
;Plant;C7;D07;F16;NO;YES;3.75;7.5;8;2.258;;NA
;Plant;C7;D07;F16;NO;YES;3.75;7.5;9;5.684;;NA
;Plant;C7;D07;F16;NO;YES;3.75;7.5;10;7.313;;NA
;Plant;C7;D07;F16;NO;YES;3.75;7.5;11;11.687;;NA
;Plant;C7;D07;F16;NO;YES;3.75;7.5;12;1.454;;NA
;Plant;C7;D07;F16;NO;YES;3.75;7.5;13;2.557;;NA
;Plant;C7;D07;F16;NO;YES;3.75;7.5;14;2.239;;NA
;Plant;C7;D07;F16;NO;YES;3.75;7.5;15;2.953;;NA
;Plant;C7;D07;F16;NO;YES;3.75;7.5;16;5.823;;NA
;Plant;C7;D07;F16;NO;YES;3.75;7.5;17;1.637;;NA
;Plant;C7;D07;F16;NO;YES;3.75;7.5;18;4.464;;NA
;Plant;C7;D07;F16;NO;YES;3.75;7.5;19;2.929;;NA
;Plant;C7;D07;F16;NO;YES;3.75;7.5;20;2.552;;NA
;Plant;C7;D07;F16;NO;YES;3.75;7.5;21;6.827;;NA
;Plant;C7;D07;F16;NO;YES;3.75;7.5;22;2.178;;NA
;Plant;C7;D07;F16;NO;YES;3.75;7.5;23;4.369;;NA
;Plant;C7;D07;F16;NO;YES;3.75;7.5;24;6.198;;NA
;Plant;C7;D07;F16;NO;YES;3.75;7.5;25;6.565;;NA
;Plant;C8;D07;F16;NO;YES;1.875;7.5;1;4.031;;NA
;Plant;C8;D07;F16;NO;YES;1.875;7.5;2;2.223;;NA
;Plant;C8;D07;F16;NO;YES;1.875;7.5;3;4.454;;NA
;Plant;C8;D07;F16;NO;YES;1.875;7.5;4;5.49;;NA
;Plant;C8;D07;F16;NO;YES;1.875;7.5;5;6.488;;NA
;Plant;C8;D07;F16;NO;YES;1.875;7.5;6;7.062;;NA
;Plant;C8;D07;F16;NO;YES;1.875;7.5;7;6.07;;NA
;Plant;C8;D07;F16;NO;YES;1.875;7.5;8;2.788;;NA
;Plant;C8;D07;F16;NO;YES;1.875;7.5;9;2.09;;NA
;Plant;C8;D07;F16;NO;YES;1.875;7.5;10;1.538;;NA
;Plant;C8;D07;F16;NO;YES;1.875;7.5;11;1.327;;NA
;Plant;C8;D07;F16;NO;YES;1.875;7.5;12;1.457;;NA
;Plant;C8;D07;F16;NO;YES;1.875;7.5;13;1.572;;NA
;Plant;C8;D07;F16;NO;YES;1.875;7.5;14;1.457;;NA
;Plant;C8;D07;F16;NO;YES;1.875;7.5;15;3.216;;NA
;Plant;C8;D07;F16;NO;YES;1.875;7.5;16;1.278;;NA
;Plant;C8;D07;F16;NO;YES;1.875;7.5;17;1.203;;NA
;Plant;C8;D07;F16;NO;YES;1.875;7.5;18;1.809;;NA
;Plant;C8;D07;F16;NO;YES;1.875;7.5;19;2.408;;NA
;Plant;C8;D07;F16;NO;YES;1.875;7.5;20;2.023;;NA
;Plant;C8;D07;F16;NO;YES;1.875;7.5;21;1.339;;NA
;Plant;C8;D07;F16;NO;YES;1.875;7.5;22;1.733;;NA
;Plant;C8;D07;F16;NO;YES;1.875;7.5;23;1.798;;NA
;Plant;C8;D07;F16;NO;YES;1.875;7.5;24;3.163;;NA
;Plant;C8;D07;F16;NO;YES;1.875;7.5;25;3.708;;NA
;Plant;C9;D07;F16;NO;YES;0.9375;7.5;1;2.107;;NA
;Plant;C9;D07;F16;NO;YES;0.9375;7.5;2;1.712;;NA
;Plant;C9;D07;F16;NO;YES;0.9375;7.5;3;2.584;;NA
;Plant;C9;D07;F16;NO;YES;0.9375;7.5;4;3.689;;NA
;Plant;C9;D07;F16;NO;YES;0.9375;7.5;5;2.014;;NA
;Plant;C9;D07;F16;NO;YES;0.9375;7.5;6;1.116;;NA
;Plant;C9;D07;F16;NO;YES;0.9375;7.5;7;2.726;;NA
;Plant;C9;D07;F16;NO;YES;0.9375;7.5;8;2.143;;NA
;Plant;C9;D07;F16;NO;YES;0.9375;7.5;9;2.76;;NA
;Plant;C9;D07;F16;NO;YES;0.9375;7.5;10;3.09;;NA
;Plant;C9;D07;F16;NO;YES;0.9375;7.5;11;2.953;;NA
;Plant;C9;D07;F16;NO;YES;0.9375;7.5;12;3.342;;NA
;Plant;C9;D07;F16;NO;YES;0.9375;7.5;13;2.883;;NA
;Plant;C9;D07;F16;NO;YES;0.9375;7.5;14;1.928;;NA
;Plant;C9;D07;F16;NO;YES;0.9375;7.5;15;3.448;;NA
;Plant;C9;D07;F16;NO;YES;0.9375;7.5;16;10.922;;NA
;Plant;C9;D07;F16;NO;YES;0.9375;7.5;17;5.587;;NA
;Plant;C9;D07;F16;NO;YES;0.9375;7.5;18;3.398;;NA
;Plant;C9;D07;F16;NO;YES;0.9375;7.5;19;1.763;;NA
;Plant;C9;D07;F16;NO;YES;0.9375;7.5;20;2.53;;NA
;Plant;C9;D07;F16;NO;YES;0.9375;7.5;21;1.131;;NA
;Plant;C9;D07;F16;NO;YES;0.9375;7.5;22;2.273;;NA
;Plant;C9;D07;F16;NO;YES;0.9375;7.5;23;3.584;;NA
;Plant;C9;D07;F16;NO;YES;0.9375;7.5;24;7.477;;NA
;Plant;C9;D07;F16;NO;YES;0.9375;7.5;25;2.242;;NA
;Plant;C10;D07;F16;NO;YES;0.001;7.5;1;1.026;;NA
;Plant;C10;D07;F16;NO;YES;0.001;7.5;2;1.88;;NA
;Plant;C10;D07;F16;NO;YES;0.001;7.5;3;3.5;;NA
;Plant;C10;D07;F16;NO;YES;0.001;7.5;4;2.179;;NA
;Plant;C10;D07;F16;NO;YES;0.001;7.5;5;2.175;;NA
;Plant;C10;D07;F16;NO;YES;0.001;7.5;6;1.409;;NA
;Plant;C10;D07;F16;NO;YES;0.001;7.5;7;8.562;;NA
;Plant;C10;D07;F16;NO;YES;0.001;7.5;8;1.595;;NA
;Plant;C10;D07;F16;NO;YES;0.001;7.5;9;1.282;;NA
;Plant;C10;D07;F16;NO;YES;0.001;7.5;10;2.16;;NA
;Plant;C10;D07;F16;NO;YES;0.001;7.5;11;2.638;;NA
;Plant;C10;D07;F16;NO;YES;0.001;7.5;12;1.933;;NA
;Plant;C10;D07;F16;NO;YES;0.001;7.5;13;2.095;;NA
;Plant;C10;D07;F16;NO;YES;0.001;7.5;14;1.738;;NA
;Plant;C10;D07;F16;NO;YES;0.001;7.5;15;3.747;;NA
;Plant;C10;D07;F16;NO;YES;0.001;7.5;16;2.436;;NA
;Plant;C10;D07;F16;NO;YES;0.001;7.5;17;3.806;;NA
;Plant;C10;D07;F16;NO;YES;0.001;7.5;18;2.792;;NA
;Plant;C10;D07;F16;NO;YES;0.001;7.5;19;3.735;;NA
;Plant;C10;D07;F16;NO;YES;0.001;7.5;20;1.632;;NA
;Plant;C10;D07;F16;NO;YES;0.001;7.5;21;1.328;;NA
;Plant;C10;D07;F16;NO;YES;0.001;7.5;22;2.009;;NA
;Plant;C10;D07;F16;NO;YES;0.001;7.5;23;2.361;;NA
;Plant;C10;D07;F16;NO;YES;0.001;7.5;24;1.609;;NA
;Plant;C10;D07;F16;NO;YES;0.001;7.5;25;1.381;;NA
;Plant;C11;D07;F16;NO;YES;0;7.5;1;4.973;;NA
;Plant;C11;D07;F16;NO;YES;0;7.5;2;2.586;;NA
;Plant;C11;D07;F16;NO;YES;0;7.5;3;5.362;;NA
;Plant;C11;D07;F16;NO;YES;0;7.5;4;1.273;;NA
;Plant;C11;D07;F16;NO;YES;0;7.5;5;1.87;;NA
;Plant;C11;D07;F16;NO;YES;0;7.5;6;1.81;;NA
;Plant;C11;D07;F16;NO;YES;0;7.5;7;3.648;;NA
;Plant;C11;D07;F16;NO;YES;0;7.5;8;2.107;;NA
;Plant;C11;D07;F16;NO;YES;0;7.5;9;2.55;;NA
;Plant;C11;D07;F16;NO;YES;0;7.5;10;1.709;;NA
;Plant;C11;D07;F16;NO;YES;0;7.5;11;1.664;;NA
;Plant;C11;D07;F16;NO;YES;0;7.5;12;1.658;;NA
;Plant;C11;D07;F16;NO;YES;0;7.5;13;2.055;;NA
;Plant;C11;D07;F16;NO;YES;0;7.5;14;4.619;;NA
;Plant;C11;D07;F16;NO;YES;0;7.5;15;2.06;;NA
;Plant;C11;D07;F16;NO;YES;0;7.5;16;2.117;;NA
;Plant;C11;D07;F16;NO;YES;0;7.5;17;2.531;;NA
;Plant;C11;D07;F16;NO;YES;0;7.5;18;3.602;;NA
;Plant;C11;D07;F16;NO;YES;0;7.5;19;2.62;;NA
;Plant;C11;D07;F16;NO;YES;0;7.5;20;3.56;;NA
;Plant;C11;D07;F16;NO;YES;0;7.5;21;2.777;;NA
;Plant;C11;D07;F16;NO;YES;0;7.5;22;1.495;;NA
;Plant;C11;D07;F16;NO;YES;0;7.5;23;1.95;;NA
;Plant;C11;D07;F16;NO;YES;0;7.5;24;1.101;;NA
;Plant;C11;D07;F16;NO;YES;0;7.5;25;1.94;;NA
;Plant;C12;D07;F16;NO;NO;0;0;1;7.291;;NA
;Plant;C12;D07;F16;NO;NO;0;0;2;10.159;;NA
;Plant;C12;D07;F16;NO;NO;0;0;3;5.939;;NA
;Plant;C12;D07;F16;NO;NO;0;0;4;2.991;;NA
;Plant;C12;D07;F16;NO;NO;0;0;5;5.26;;NA
;Plant;C12;D07;F16;NO;NO;0;0;6;3.311;;NA
;Plant;C12;D07;F16;NO;NO;0;0;7;8.425;;NA
;Plant;C12;D07;F16;NO;NO;0;0;8;3.043;;NA
;Plant;C12;D07;F16;NO;NO;0;0;9;4.085;;NA
;Plant;C12;D07;F16;NO;NO;0;0;10;3.455;;NA
;Plant;C12;D07;F16;NO;NO;0;0;11;3.721;;NA
;Plant;C12;D07;F16;NO;NO;0;0;12;5.494;;NA
;Plant;C12;D07;F16;NO;NO;0;0;13;3.035;;NA
;Plant;C12;D07;F16;NO;NO;0;0;14;3.1;;NA
;Plant;C12;D07;F16;NO;NO;0;0;15;3.214;;NA
;Plant;C12;D07;F16;NO;NO;0;0;16;3.075;;NA
;Plant;C12;D07;F16;NO;NO;0;0;17;8.863;;NA
;Plant;C12;D07;F16;NO;NO;0;0;18;3.262;;NA
;Plant;C12;D07;F16;NO;NO;0;0;19;3.641;;NA
;Plant;C12;D07;F16;NO;NO;0;0;20;3.733;;NA
;Plant;C12;D07;F16;NO;NO;0;0;21;2.753;;NA
;Plant;C12;D07;F16;NO;NO;0;0;22;2.811;;NA
;Plant;C12;D07;F16;NO;NO;0;0;23;8.403;;NA
;Plant;C12;D07;F16;NO;NO;0;0;24;10.625;;NA
;Plant;C12;D07;F16;NO;NO;0;0;25;5.03;;NA
;Plant;C1;D14;MF;YES;YES;7.5;7.5;1;46.789;;NA
;Plant;C1;D14;MF;YES;YES;7.5;7.5;2;45.835;;NA
;Plant;C1;D14;MF;YES;YES;7.5;7.5;3;46.129;;NA
;Plant;C1;D14;MF;YES;YES;7.5;7.5;4;49.505;;NA
;Plant;C1;D14;MF;YES;YES;7.5;7.5;5;49.212;;NA
;Plant;C1;D14;MF;YES;YES;7.5;7.5;6;43.829;;NA
;Plant;C1;D14;MF;YES;YES;7.5;7.5;7;48.735;;NA
;Plant;C1;D14;MF;YES;YES;7.5;7.5;8;44.62;;NA
;Plant;C1;D14;MF;YES;YES;7.5;7.5;9;43.636;;NA
;Plant;C1;D14;MF;YES;YES;7.5;7.5;10;43.945;;NA
;Plant;C1;D14;MF;YES;YES;7.5;7.5;11;47.72;;NA
;Plant;C1;D14;MF;YES;YES;7.5;7.5;12;46.556;;NA
;Plant;C1;D14;MF;YES;YES;7.5;7.5;13;50.688;;NA
;Plant;C1;D14;MF;YES;YES;7.5;7.5;14;34.237;;NA
;Plant;C1;D14;MF;YES;YES;7.5;7.5;15;45.845;;NA
;Plant;C1;D14;MF;YES;YES;7.5;7.5;16;44.458;;NA
;Plant;C1;D14;MF;YES;YES;7.5;7.5;17;46.776;;NA
;Plant;C1;D14;MF;YES;YES;7.5;7.5;18;46.973;;NA
;Plant;C1;D14;MF;YES;YES;7.5;7.5;19;45.679;;NA
;Plant;C1;D14;MF;YES;YES;7.5;7.5;20;43.733;;NA
;Plant;C1;D14;MF;YES;YES;7.5;7.5;21;31.808;;NA
;Plant;C1;D14;MF;YES;YES;7.5;7.5;22;39.392;;NA
;Plant;C1;D14;MF;YES;YES;7.5;7.5;23;29.626;;NA
;Plant;C1;D14;MF;YES;YES;7.5;7.5;24;38.886;;NA
;Plant;C1;D14;MF;YES;YES;7.5;7.5;25;44.437;;NA
;Plant;C2;D14;MF;YES;NO;7.5;3.75;1;43.423;;NA
;Plant;C2;D14;MF;YES;NO;7.5;3.75;2;48.828;;NA
;Plant;C2;D14;MF;YES;NO;7.5;3.75;3;41.171;;NA
;Plant;C2;D14;MF;YES;NO;7.5;3.75;4;39.178;;NA
;Plant;C2;D14;MF;YES;NO;7.5;3.75;5;42.404;;NA
;Plant;C2;D14;MF;YES;NO;7.5;3.75;6;44.939;;NA
;Plant;C2;D14;MF;YES;NO;7.5;3.75;7;41.045;;NA
;Plant;C2;D14;MF;YES;NO;7.5;3.75;8;44.293;;NA
;Plant;C2;D14;MF;YES;NO;7.5;3.75;9;40.704;;NA
;Plant;C2;D14;MF;YES;NO;7.5;3.75;10;41.946;;NA
;Plant;C2;D14;MF;YES;NO;7.5;3.75;11;46.408;;NA
;Plant;C2;D14;MF;YES;NO;7.5;3.75;12;41.306;;NA
;Plant;C2;D14;MF;YES;NO;7.5;3.75;13;42.869;;NA
;Plant;C2;D14;MF;YES;NO;7.5;3.75;14;42.329;;NA
;Plant;C2;D14;MF;YES;NO;7.5;3.75;15;42.559;;NA
;Plant;C2;D14;MF;YES;NO;7.5;3.75;16;48.833;;NA
;Plant;C2;D14;MF;YES;NO;7.5;3.75;17;46.036;;NA
;Plant;C2;D14;MF;YES;NO;7.5;3.75;18;44.069;;NA
;Plant;C2;D14;MF;YES;NO;7.5;3.75;19;44.45;;NA
;Plant;C2;D14;MF;YES;NO;7.5;3.75;20;44.731;;NA
;Plant;C2;D14;MF;YES;NO;7.5;3.75;21;46.52;;NA
;Plant;C2;D14;MF;YES;NO;7.5;3.75;22;43.852;;NA
;Plant;C2;D14;MF;YES;NO;7.5;3.75;23;46.566;;NA
;Plant;C2;D14;MF;YES;NO;7.5;3.75;24;30.706;;NA
;Plant;C2;D14;MF;YES;NO;7.5;3.75;25;47.243;;NA
;Plant;C3;D14;MF;YES;NO;7.5;1.875;1;45.003;;NA
;Plant;C3;D14;MF;YES;NO;7.5;1.875;2;42.425;;NA
;Plant;C3;D14;MF;YES;NO;7.5;1.875;3;49.612;;NA
;Plant;C3;D14;MF;YES;NO;7.5;1.875;4;47.129;;NA
;Plant;C3;D14;MF;YES;NO;7.5;1.875;5;49.557;;NA
;Plant;C3;D14;MF;YES;NO;7.5;1.875;6;46.669;;NA
;Plant;C3;D14;MF;YES;NO;7.5;1.875;7;51.838;;NA
;Plant;C3;D14;MF;YES;NO;7.5;1.875;8;46.869;;NA
;Plant;C3;D14;MF;YES;NO;7.5;1.875;9;36.876;;NA
;Plant;C3;D14;MF;YES;NO;7.5;1.875;10;44.059;;NA
;Plant;C3;D14;MF;YES;NO;7.5;1.875;11;48.212;;NA
;Plant;C3;D14;MF;YES;NO;7.5;1.875;12;45.441;;NA
;Plant;C3;D14;MF;YES;NO;7.5;1.875;13;41.895;;NA
;Plant;C3;D14;MF;YES;NO;7.5;1.875;14;43.346;;NA
;Plant;C3;D14;MF;YES;NO;7.5;1.875;15;48.045;;NA
;Plant;C3;D14;MF;YES;NO;7.5;1.875;16;49.081;;NA
;Plant;C3;D14;MF;YES;NO;7.5;1.875;17;48.618;;NA
;Plant;C3;D14;MF;YES;NO;7.5;1.875;18;40.489;;NA
;Plant;C3;D14;MF;YES;NO;7.5;1.875;19;43.041;;NA
;Plant;C3;D14;MF;YES;NO;7.5;1.875;20;51.145;;NA
;Plant;C3;D14;MF;YES;NO;7.5;1.875;21;49.188;;NA
;Plant;C3;D14;MF;YES;NO;7.5;1.875;22;47.154;;NA
;Plant;C3;D14;MF;YES;NO;7.5;1.875;23;46.157;;NA
;Plant;C3;D14;MF;YES;NO;7.5;1.875;24;47.402;;NA
;Plant;C3;D14;MF;YES;NO;7.5;1.875;25;44.47;;NA
;Plant;C4;D14;MF;YES;NO;7.5;0.9375;1;49.806;;NA
;Plant;C4;D14;MF;YES;NO;7.5;0.9375;2;49.183;;NA
;Plant;C4;D14;MF;YES;NO;7.5;0.9375;3;46.149;;NA
;Plant;C4;D14;MF;YES;NO;7.5;0.9375;4;45.048;;NA
;Plant;C4;D14;MF;YES;NO;7.5;0.9375;5;45.849;;NA
;Plant;C4;D14;MF;YES;NO;7.5;0.9375;6;18.035;;NA
;Plant;C4;D14;MF;YES;NO;7.5;0.9375;7;41.286;;NA
;Plant;C4;D14;MF;YES;NO;7.5;0.9375;8;46.965;;NA
;Plant;C4;D14;MF;YES;NO;7.5;0.9375;9;49.892;;NA
;Plant;C4;D14;MF;YES;NO;7.5;0.9375;10;43.836;;NA
;Plant;C4;D14;MF;YES;NO;7.5;0.9375;11;44.479;;NA
;Plant;C4;D14;MF;YES;NO;7.5;0.9375;12;54.934;;NA
;Plant;C4;D14;MF;YES;NO;7.5;0.9375;13;49.141;;NA
;Plant;C4;D14;MF;YES;NO;7.5;0.9375;14;49.467;;NA
;Plant;C4;D14;MF;YES;NO;7.5;0.9375;15;46.699;;NA
;Plant;C4;D14;MF;YES;NO;7.5;0.9375;16;47.203;;NA
;Plant;C4;D14;MF;YES;NO;7.5;0.9375;17;48.189;;NA
;Plant;C4;D14;MF;YES;NO;7.5;0.9375;18;50.129;;NA
;Plant;C4;D14;MF;YES;NO;7.5;0.9375;19;46.107;;NA
;Plant;C4;D14;MF;YES;NO;7.5;0.9375;20;46.462;;NA
;Plant;C4;D14;MF;YES;NO;7.5;0.9375;21;47.088;;NA
;Plant;C4;D14;MF;YES;NO;7.5;0.9375;22;48.974;;NA
;Plant;C4;D14;MF;YES;NO;7.5;0.9375;23;42.449;;NA
;Plant;C4;D14;MF;YES;NO;7.5;0.9375;24;41.816;;NA
;Plant;C4;D14;MF;YES;NO;7.5;0.9375;25;49.332;;NA
;Plant;C5;D14;MF;YES;NO;7.5;0.001;1;43.775;;NA
;Plant;C5;D14;MF;YES;NO;7.5;0.001;2;56.985;;NA
;Plant;C5;D14;MF;YES;NO;7.5;0.001;3;47.1;;NA
;Plant;C5;D14;MF;YES;NO;7.5;0.001;4;60.352;;NA
;Plant;C5;D14;MF;YES;NO;7.5;0.001;5;63.568;;NA
;Plant;C5;D14;MF;YES;NO;7.5;0.001;6;59.435;;NA
;Plant;C5;D14;MF;YES;NO;7.5;0.001;7;61.974;;NA
;Plant;C5;D14;MF;YES;NO;7.5;0.001;8;57.712;;NA
;Plant;C5;D14;MF;YES;NO;7.5;0.001;9;61.561;;NA
;Plant;C5;D14;MF;YES;NO;7.5;0.001;10;60.589;;NA
;Plant;C5;D14;MF;YES;NO;7.5;0.001;11;59.681;;NA
;Plant;C5;D14;MF;YES;NO;7.5;0.001;12;49.304;;NA
;Plant;C5;D14;MF;YES;NO;7.5;0.001;13;61.115;;NA
;Plant;C5;D14;MF;YES;NO;7.5;0.001;14;51.529;;NA
;Plant;C5;D14;MF;YES;NO;7.5;0.001;15;59.904;;NA
;Plant;C5;D14;MF;YES;NO;7.5;0.001;16;41.297;;NA
;Plant;C5;D14;MF;YES;NO;7.5;0.001;17;46.351;;NA
;Plant;C5;D14;MF;YES;NO;7.5;0.001;18;56.129;;NA
;Plant;C5;D14;MF;YES;NO;7.5;0.001;19;63.384;;NA
;Plant;C5;D14;MF;YES;NO;7.5;0.001;20;65.303;;NA
;Plant;C5;D14;MF;YES;NO;7.5;0.001;21;62.233;;NA
;Plant;C5;D14;MF;YES;NO;7.5;0.001;22;41.979;;NA
;Plant;C5;D14;MF;YES;NO;7.5;0.001;23;62.039;;NA
;Plant;C5;D14;MF;YES;NO;7.5;0.001;24;62.119;;NA
;Plant;C5;D14;MF;YES;NO;7.5;0.001;25;54.896;;NA
;Plant;C6;D14;MF;YES;NO;7.5;0;1;38.91;;NA
;Plant;C6;D14;MF;YES;NO;7.5;0;2;42.638;;NA
;Plant;C6;D14;MF;YES;NO;7.5;0;3;49.958;;NA
;Plant;C6;D14;MF;YES;NO;7.5;0;4;28.586;;NA
;Plant;C6;D14;MF;YES;NO;7.5;0;5;47.316;;NA
;Plant;C6;D14;MF;YES;NO;7.5;0;6;42.735;;NA
;Plant;C6;D14;MF;YES;NO;7.5;0;7;47.175;;NA
;Plant;C6;D14;MF;YES;NO;7.5;0;8;40.216;;NA
;Plant;C6;D14;MF;YES;NO;7.5;0;9;39.174;;NA
;Plant;C6;D14;MF;YES;NO;7.5;0;10;45.131;;NA
;Plant;C6;D14;MF;YES;NO;7.5;0;11;43.445;;NA
;Plant;C6;D14;MF;YES;NO;7.5;0;12;40.723;;NA
;Plant;C6;D14;MF;YES;NO;7.5;0;13;41.75;;NA
;Plant;C6;D14;MF;YES;NO;7.5;0;14;29.475;;NA
;Plant;C6;D14;MF;YES;NO;7.5;0;15;45.578;;NA
;Plant;C6;D14;MF;YES;NO;7.5;0;16;49.755;;NA
;Plant;C6;D14;MF;YES;NO;7.5;0;17;38.085;;NA
;Plant;C6;D14;MF;YES;NO;7.5;0;18;39.235;;NA
;Plant;C6;D14;MF;YES;NO;7.5;0;19;43.491;;NA
;Plant;C6;D14;MF;YES;NO;7.5;0;20;41.779;;NA
;Plant;C6;D14;MF;YES;NO;7.5;0;21;43.68;;NA
;Plant;C6;D14;MF;YES;NO;7.5;0;22;42.981;;NA
;Plant;C6;D14;MF;YES;NO;7.5;0;23;44.247;;NA
;Plant;C6;D14;MF;YES;NO;7.5;0;24;43.277;;NA
;Plant;C6;D14;MF;YES;NO;7.5;0;25;40.21;;NA
;Plant;C7;D14;MF;NO;YES;3.75;7.5;1;51.498;;NA
;Plant;C7;D14;MF;NO;YES;3.75;7.5;2;51.808;;NA
;Plant;C7;D14;MF;NO;YES;3.75;7.5;3;47.735;;NA
;Plant;C7;D14;MF;NO;YES;3.75;7.5;4;52.721;;NA
;Plant;C7;D14;MF;NO;YES;3.75;7.5;5;49.282;;NA
;Plant;C7;D14;MF;NO;YES;3.75;7.5;6;55.976;;NA
;Plant;C7;D14;MF;NO;YES;3.75;7.5;7;53.27;;NA
;Plant;C7;D14;MF;NO;YES;3.75;7.5;8;56.4;;NA
;Plant;C7;D14;MF;NO;YES;3.75;7.5;9;51.47;;NA
;Plant;C7;D14;MF;NO;YES;3.75;7.5;10;50.059;;NA
;Plant;C7;D14;MF;NO;YES;3.75;7.5;11;54.621;;NA
;Plant;C7;D14;MF;NO;YES;3.75;7.5;12;62.436;;NA
;Plant;C7;D14;MF;NO;YES;3.75;7.5;13;52.593;;NA
;Plant;C7;D14;MF;NO;YES;3.75;7.5;14;51.765;;NA
;Plant;C7;D14;MF;NO;YES;3.75;7.5;15;45.844;;NA
;Plant;C7;D14;MF;NO;YES;3.75;7.5;16;53.985;;NA
;Plant;C7;D14;MF;NO;YES;3.75;7.5;17;45.889;;NA
;Plant;C7;D14;MF;NO;YES;3.75;7.5;18;67.995;;NA
;Plant;C7;D14;MF;NO;YES;3.75;7.5;19;48.798;;NA
;Plant;C7;D14;MF;NO;YES;3.75;7.5;20;55.157;;NA
;Plant;C7;D14;MF;NO;YES;3.75;7.5;21;53.413;;NA
;Plant;C7;D14;MF;NO;YES;3.75;7.5;22;50.233;;NA
;Plant;C7;D14;MF;NO;YES;3.75;7.5;23;56.038;;NA
;Plant;C7;D14;MF;NO;YES;3.75;7.5;24;55.206;;NA
;Plant;C7;D14;MF;NO;YES;3.75;7.5;25;50.68;;NA
;Plant;C8;D14;MF;NO;YES;1.875;7.5;1;52.309;;NA
;Plant;C8;D14;MF;NO;YES;1.875;7.5;2;59.568;;NA
;Plant;C8;D14;MF;NO;YES;1.875;7.5;3;54.64;;NA
;Plant;C8;D14;MF;NO;YES;1.875;7.5;4;51.462;;NA
;Plant;C8;D14;MF;NO;YES;1.875;7.5;5;52.454;;NA
;Plant;C8;D14;MF;NO;YES;1.875;7.5;6;56.152;;NA
;Plant;C8;D14;MF;NO;YES;1.875;7.5;7;59.402;;NA
;Plant;C8;D14;MF;NO;YES;1.875;7.5;8;56.188;;NA
;Plant;C8;D14;MF;NO;YES;1.875;7.5;9;59.899;;NA
;Plant;C8;D14;MF;NO;YES;1.875;7.5;10;49.656;;NA
;Plant;C8;D14;MF;NO;YES;1.875;7.5;11;49.344;;NA
;Plant;C8;D14;MF;NO;YES;1.875;7.5;12;55.776;;NA
;Plant;C8;D14;MF;NO;YES;1.875;7.5;13;56.555;;NA
;Plant;C8;D14;MF;NO;YES;1.875;7.5;14;53.911;;NA
;Plant;C8;D14;MF;NO;YES;1.875;7.5;15;32.224;;NA
;Plant;C8;D14;MF;NO;YES;1.875;7.5;16;53.918;;NA
;Plant;C8;D14;MF;NO;YES;1.875;7.5;17;60.122;;NA
;Plant;C8;D14;MF;NO;YES;1.875;7.5;18;46.592;;NA
;Plant;C8;D14;MF;NO;YES;1.875;7.5;19;51.412;;NA
;Plant;C8;D14;MF;NO;YES;1.875;7.5;20;51.503;;NA
;Plant;C8;D14;MF;NO;YES;1.875;7.5;21;48.142;;NA
;Plant;C8;D14;MF;NO;YES;1.875;7.5;22;54.542;;NA
;Plant;C8;D14;MF;NO;YES;1.875;7.5;23;56.037;;NA
;Plant;C8;D14;MF;NO;YES;1.875;7.5;24;47.305;;NA
;Plant;C8;D14;MF;NO;YES;1.875;7.5;25;58.19;;NA
;Plant;C9;D14;MF;NO;YES;0.9375;7.5;1;55.863;;NA
;Plant;C9;D14;MF;NO;YES;0.9375;7.5;2;49.586;;NA
;Plant;C9;D14;MF;NO;YES;0.9375;7.5;3;48.326;;NA
;Plant;C9;D14;MF;NO;YES;0.9375;7.5;4;53.417;;NA
;Plant;C9;D14;MF;NO;YES;0.9375;7.5;5;47.996;;NA
;Plant;C9;D14;MF;NO;YES;0.9375;7.5;6;53.505;;NA
;Plant;C9;D14;MF;NO;YES;0.9375;7.5;7;54.265;;NA
;Plant;C9;D14;MF;NO;YES;0.9375;7.5;8;47.776;;NA
;Plant;C9;D14;MF;NO;YES;0.9375;7.5;9;40.73;;NA
;Plant;C9;D14;MF;NO;YES;0.9375;7.5;10;52.338;;NA
;Plant;C9;D14;MF;NO;YES;0.9375;7.5;11;53.518;;NA
;Plant;C9;D14;MF;NO;YES;0.9375;7.5;12;57.698;;NA
;Plant;C9;D14;MF;NO;YES;0.9375;7.5;13;47.464;;NA
;Plant;C9;D14;MF;NO;YES;0.9375;7.5;14;52.606;;NA
;Plant;C9;D14;MF;NO;YES;0.9375;7.5;15;58.502;;NA
;Plant;C9;D14;MF;NO;YES;0.9375;7.5;16;54.708;;NA
;Plant;C9;D14;MF;NO;YES;0.9375;7.5;17;54.813;;NA
;Plant;C9;D14;MF;NO;YES;0.9375;7.5;18;55.007;;NA
;Plant;C9;D14;MF;NO;YES;0.9375;7.5;19;57.387;;NA
;Plant;C9;D14;MF;NO;YES;0.9375;7.5;20;61.732;;NA
;Plant;C9;D14;MF;NO;YES;0.9375;7.5;21;53.481;;NA
;Plant;C9;D14;MF;NO;YES;0.9375;7.5;22;55.422;;NA
;Plant;C9;D14;MF;NO;YES;0.9375;7.5;23;59.597;;NA
;Plant;C9;D14;MF;NO;YES;0.9375;7.5;24;60.372;;NA
;Plant;C9;D14;MF;NO;YES;0.9375;7.5;25;56.837;;NA
;Plant;C10;D14;MF;NO;YES;0.001;7.5;1;67.341;;NA
;Plant;C10;D14;MF;NO;YES;0.001;7.5;2;65.552;;NA
;Plant;C10;D14;MF;NO;YES;0.001;7.5;3;31.869;;NA
;Plant;C10;D14;MF;NO;YES;0.001;7.5;4;57.293;;NA
;Plant;C10;D14;MF;NO;YES;0.001;7.5;5;73.875;;NA
;Plant;C10;D14;MF;NO;YES;0.001;7.5;6;54.32;;NA
;Plant;C10;D14;MF;NO;YES;0.001;7.5;7;71.201;;NA
;Plant;C10;D14;MF;NO;YES;0.001;7.5;8;57.963;;NA
;Plant;C10;D14;MF;NO;YES;0.001;7.5;9;72.864;;NA
;Plant;C10;D14;MF;NO;YES;0.001;7.5;10;65.591;;NA
;Plant;C10;D14;MF;NO;YES;0.001;7.5;11;57.689;;NA
;Plant;C10;D14;MF;NO;YES;0.001;7.5;12;51.154;;NA
;Plant;C10;D14;MF;NO;YES;0.001;7.5;13;41.702;;NA
;Plant;C10;D14;MF;NO;YES;0.001;7.5;14;65.357;;NA
;Plant;C10;D14;MF;NO;YES;0.001;7.5;15;46.561;;NA
;Plant;C10;D14;MF;NO;YES;0.001;7.5;16;52.607;;NA
;Plant;C10;D14;MF;NO;YES;0.001;7.5;17;60.996;;NA
;Plant;C10;D14;MF;NO;YES;0.001;7.5;18;37.649;;NA
;Plant;C10;D14;MF;NO;YES;0.001;7.5;19;54.408;;NA
;Plant;C10;D14;MF;NO;YES;0.001;7.5;20;57.593;;NA
;Plant;C10;D14;MF;NO;YES;0.001;7.5;21;65.322;;NA
;Plant;C10;D14;MF;NO;YES;0.001;7.5;22;48.223;;NA
;Plant;C10;D14;MF;NO;YES;0.001;7.5;23;63.007;;NA
;Plant;C10;D14;MF;NO;YES;0.001;7.5;24;70.341;;NA
;Plant;C10;D14;MF;NO;YES;0.001;7.5;25;61.599;;NA
;Plant;C11;D14;MF;NO;YES;0;7.5;1;52.461;;NA
;Plant;C11;D14;MF;NO;YES;0;7.5;2;46.369;;NA
;Plant;C11;D14;MF;NO;YES;0;7.5;3;55.459;;NA
;Plant;C11;D14;MF;NO;YES;0;7.5;4;50.038;;NA
;Plant;C11;D14;MF;NO;YES;0;7.5;5;52.718;;NA
;Plant;C11;D14;MF;NO;YES;0;7.5;6;53.083;;NA
;Plant;C11;D14;MF;NO;YES;0;7.5;7;52.057;;NA
;Plant;C11;D14;MF;NO;YES;0;7.5;8;50.402;;NA
;Plant;C11;D14;MF;NO;YES;0;7.5;9;50.934;;NA
;Plant;C11;D14;MF;NO;YES;0;7.5;10;54.146;;NA
;Plant;C11;D14;MF;NO;YES;0;7.5;11;52.728;;NA
;Plant;C11;D14;MF;NO;YES;0;7.5;12;54.936;;NA
;Plant;C11;D14;MF;NO;YES;0;7.5;13;55.107;;NA
;Plant;C11;D14;MF;NO;YES;0;7.5;14;53.809;;NA
;Plant;C11;D14;MF;NO;YES;0;7.5;15;42.328;;NA
;Plant;C11;D14;MF;NO;YES;0;7.5;16;46.726;;NA
;Plant;C11;D14;MF;NO;YES;0;7.5;17;49.545;;NA
;Plant;C11;D14;MF;NO;YES;0;7.5;18;45.413;;NA
;Plant;C11;D14;MF;NO;YES;0;7.5;19;47.771;;NA
;Plant;C11;D14;MF;NO;YES;0;7.5;20;38.888;;NA
;Plant;C11;D14;MF;NO;YES;0;7.5;21;55.252;;NA
;Plant;C11;D14;MF;NO;YES;0;7.5;22;49.428;;NA
;Plant;C11;D14;MF;NO;YES;0;7.5;23;57.495;;NA
;Plant;C11;D14;MF;NO;YES;0;7.5;24;48.141;;NA
;Plant;C11;D14;MF;NO;YES;0;7.5;25;56.233;;NA
;Plant;C12;D14;MF;NO;NO;0;0;1;49.816;;NA
;Plant;C12;D14;MF;NO;NO;0;0;2;41.13;;NA
;Plant;C12;D14;MF;NO;NO;0;0;3;45.21;;NA
;Plant;C12;D14;MF;NO;NO;0;0;4;46.924;;NA
;Plant;C12;D14;MF;NO;NO;0;0;5;39.746;;NA
;Plant;C12;D14;MF;NO;NO;0;0;6;43.426;;NA
;Plant;C12;D14;MF;NO;NO;0;0;7;39.452;;NA
;Plant;C12;D14;MF;NO;NO;0;0;8;44.616;;NA
;Plant;C12;D14;MF;NO;NO;0;0;9;44.801;;NA
;Plant;C12;D14;MF;NO;NO;0;0;10;52.259;;NA
;Plant;C12;D14;MF;NO;NO;0;0;11;48.624;;NA
;Plant;C12;D14;MF;NO;NO;0;0;12;49.652;;NA
;Plant;C12;D14;MF;NO;NO;0;0;13;49.135;;NA
;Plant;C12;D14;MF;NO;NO;0;0;14;47.486;;NA
;Plant;C12;D14;MF;NO;NO;0;0;15;43.965;;NA
;Plant;C12;D14;MF;NO;NO;0;0;16;38.257;;NA
;Plant;C12;D14;MF;NO;NO;0;0;17;54.264;;NA
;Plant;C12;D14;MF;NO;NO;0;0;18;48.271;;NA
;Plant;C12;D14;MF;NO;NO;0;0;19;42.421;;NA
;Plant;C12;D14;MF;NO;NO;0;0;20;51.379;;NA
;Plant;C12;D14;MF;NO;NO;0;0;21;51.531;;NA
;Plant;C12;D14;MF;NO;NO;0;0;22;46.837;;NA
;Plant;C12;D14;MF;NO;NO;0;0;23;48.502;;NA
;Plant;C12;D14;MF;NO;NO;0;0;24;53.058;;NA
;Plant;C12;D14;MF;NO;NO;0;0;25;49.4;;NA
;Plant;C1;D14;F16;YES;YES;7.5;7.5;1;25.915;;NA
;Plant;C1;D14;F16;YES;YES;7.5;7.5;2;26.899;;NA
;Plant;C1;D14;F16;YES;YES;7.5;7.5;3;29.138;;NA
;Plant;C1;D14;F16;YES;YES;7.5;7.5;4;21.733;;NA
;Plant;C1;D14;F16;YES;YES;7.5;7.5;5;22.83;;NA
;Plant;C1;D14;F16;YES;YES;7.5;7.5;6;8.951;;NA
;Plant;C1;D14;F16;YES;YES;7.5;7.5;7;35.943;;NA
;Plant;C1;D14;F16;YES;YES;7.5;7.5;8;14.984;;NA
;Plant;C1;D14;F16;YES;YES;7.5;7.5;9;21.691;;NA
;Plant;C1;D14;F16;YES;YES;7.5;7.5;10;16.595;;NA
;Plant;C1;D14;F16;YES;YES;7.5;7.5;11;31.586;;NA
;Plant;C1;D14;F16;YES;YES;7.5;7.5;12;32.75;;NA
;Plant;C1;D14;F16;YES;YES;7.5;7.5;13;18.759;;NA
;Plant;C1;D14;F16;YES;YES;7.5;7.5;14;22.729;;NA
;Plant;C1;D14;F16;YES;YES;7.5;7.5;15;24.314;;NA
;Plant;C1;D14;F16;YES;YES;7.5;7.5;16;27.982;;NA
;Plant;C1;D14;F16;YES;YES;7.5;7.5;17;24.363;;NA
;Plant;C1;D14;F16;YES;YES;7.5;7.5;18;23.653;;NA
;Plant;C1;D14;F16;YES;YES;7.5;7.5;19;18.095;;NA
;Plant;C1;D14;F16;YES;YES;7.5;7.5;20;28.061;;NA
;Plant;C1;D14;F16;YES;YES;7.5;7.5;21;21.399;;NA
;Plant;C1;D14;F16;YES;YES;7.5;7.5;22;22.844;;NA
;Plant;C1;D14;F16;YES;YES;7.5;7.5;23;22.859;;NA
;Plant;C1;D14;F16;YES;YES;7.5;7.5;24;35.336;;NA
;Plant;C1;D14;F16;YES;YES;7.5;7.5;25;20.536;;NA
;Plant;C2;D14;F16;YES;NO;7.5;3.75;1;24.218;;NA
;Plant;C2;D14;F16;YES;NO;7.5;3.75;2;29.42;;NA
;Plant;C2;D14;F16;YES;NO;7.5;3.75;3;25.009;;NA
;Plant;C2;D14;F16;YES;NO;7.5;3.75;4;26.469;;NA
;Plant;C2;D14;F16;YES;NO;7.5;3.75;5;27.641;;NA
;Plant;C2;D14;F16;YES;NO;7.5;3.75;6;24.469;;NA
;Plant;C2;D14;F16;YES;NO;7.5;3.75;7;28.026;;NA
;Plant;C2;D14;F16;YES;NO;7.5;3.75;8;23.389;;NA
;Plant;C2;D14;F16;YES;NO;7.5;3.75;9;10.092;;NA
;Plant;C2;D14;F16;YES;NO;7.5;3.75;10;14.816;;NA
;Plant;C2;D14;F16;YES;NO;7.5;3.75;11;33.917;;NA
;Plant;C2;D14;F16;YES;NO;7.5;3.75;12;27.207;;NA
;Plant;C2;D14;F16;YES;NO;7.5;3.75;13;10.42;;NA
;Plant;C2;D14;F16;YES;NO;7.5;3.75;14;26.616;;NA
;Plant;C2;D14;F16;YES;NO;7.5;3.75;15;22.622;;NA
;Plant;C2;D14;F16;YES;NO;7.5;3.75;16;16.392;;NA
;Plant;C2;D14;F16;YES;NO;7.5;3.75;17;17.481;;NA
;Plant;C2;D14;F16;YES;NO;7.5;3.75;18;15.316;;NA
;Plant;C2;D14;F16;YES;NO;7.5;3.75;19;25.945;;NA
;Plant;C2;D14;F16;YES;NO;7.5;3.75;20;25.262;;NA
;Plant;C2;D14;F16;YES;NO;7.5;3.75;21;24.766;;NA
;Plant;C2;D14;F16;YES;NO;7.5;3.75;22;28.099;;NA
;Plant;C2;D14;F16;YES;NO;7.5;3.75;23;29.093;;NA
;Plant;C2;D14;F16;YES;NO;7.5;3.75;24;29.302;;NA
;Plant;C2;D14;F16;YES;NO;7.5;3.75;25;26.942;;NA
;Plant;C3;D14;F16;YES;NO;7.5;1.875;1;20.772;;NA
;Plant;C3;D14;F16;YES;NO;7.5;1.875;2;25.091;;NA
;Plant;C3;D14;F16;YES;NO;7.5;1.875;3;23.868;;NA
;Plant;C3;D14;F16;YES;NO;7.5;1.875;4;28.528;;NA
;Plant;C3;D14;F16;YES;NO;7.5;1.875;5;30.544;;NA
;Plant;C3;D14;F16;YES;NO;7.5;1.875;6;35.224;;NA
;Plant;C3;D14;F16;YES;NO;7.5;1.875;7;27.251;;NA
;Plant;C3;D14;F16;YES;NO;7.5;1.875;8;38.657;;NA
;Plant;C3;D14;F16;YES;NO;7.5;1.875;9;23.322;;NA
;Plant;C3;D14;F16;YES;NO;7.5;1.875;10;26.039;;NA
;Plant;C3;D14;F16;YES;NO;7.5;1.875;11;23.597;;NA
;Plant;C3;D14;F16;YES;NO;7.5;1.875;12;22.924;;NA
;Plant;C3;D14;F16;YES;NO;7.5;1.875;13;22.91;;NA
;Plant;C3;D14;F16;YES;NO;7.5;1.875;14;20.611;;NA
;Plant;C3;D14;F16;YES;NO;7.5;1.875;15;23.887;;NA
;Plant;C3;D14;F16;YES;NO;7.5;1.875;16;24.171;;NA
;Plant;C3;D14;F16;YES;NO;7.5;1.875;17;21.125;;NA
;Plant;C3;D14;F16;YES;NO;7.5;1.875;18;19.591;;NA
;Plant;C3;D14;F16;YES;NO;7.5;1.875;19;21.177;;NA
;Plant;C3;D14;F16;YES;NO;7.5;1.875;20;18.691;;NA
;Plant;C3;D14;F16;YES;NO;7.5;1.875;21;23.718;;NA
;Plant;C3;D14;F16;YES;NO;7.5;1.875;22;20.847;;NA
;Plant;C3;D14;F16;YES;NO;7.5;1.875;23;17.571;;NA
;Plant;C3;D14;F16;YES;NO;7.5;1.875;24;21.698;;NA
;Plant;C3;D14;F16;YES;NO;7.5;1.875;25;24.435;;NA
;Plant;C4;D14;F16;YES;NO;7.5;0.9375;1;23.428;;NA
;Plant;C4;D14;F16;YES;NO;7.5;0.9375;2;28.193;;NA
;Plant;C4;D14;F16;YES;NO;7.5;0.9375;3;29.515;;NA
;Plant;C4;D14;F16;YES;NO;7.5;0.9375;4;28.209;;NA
;Plant;C4;D14;F16;YES;NO;7.5;0.9375;5;22.621;;NA
;Plant;C4;D14;F16;YES;NO;7.5;0.9375;6;27.328;;NA
;Plant;C4;D14;F16;YES;NO;7.5;0.9375;7;23.162;;NA
;Plant;C4;D14;F16;YES;NO;7.5;0.9375;8;28.523;;NA
;Plant;C4;D14;F16;YES;NO;7.5;0.9375;9;24.937;;NA
;Plant;C4;D14;F16;YES;NO;7.5;0.9375;10;26.842;;NA
;Plant;C4;D14;F16;YES;NO;7.5;0.9375;11;22.2;;NA
;Plant;C4;D14;F16;YES;NO;7.5;0.9375;12;23.547;;NA
;Plant;C4;D14;F16;YES;NO;7.5;0.9375;13;25.002;;NA
;Plant;C4;D14;F16;YES;NO;7.5;0.9375;14;15.304;;NA
;Plant;C4;D14;F16;YES;NO;7.5;0.9375;15;26.462;;NA
;Plant;C4;D14;F16;YES;NO;7.5;0.9375;16;29.181;;NA
;Plant;C4;D14;F16;YES;NO;7.5;0.9375;17;21.613;;NA
;Plant;C4;D14;F16;YES;NO;7.5;0.9375;18;23.705;;NA
;Plant;C4;D14;F16;YES;NO;7.5;0.9375;19;23.571;;NA
;Plant;C4;D14;F16;YES;NO;7.5;0.9375;20;29.657;;NA
;Plant;C4;D14;F16;YES;NO;7.5;0.9375;21;24.47;;NA
;Plant;C4;D14;F16;YES;NO;7.5;0.9375;22;20.01;;NA
;Plant;C4;D14;F16;YES;NO;7.5;0.9375;23;22.858;;NA
;Plant;C4;D14;F16;YES;NO;7.5;0.9375;24;23.005;;NA
;Plant;C4;D14;F16;YES;NO;7.5;0.9375;25;30.092;;NA
;Plant;C5;D14;F16;YES;NO;7.5;0.001;1;21.861;;NA
;Plant;C5;D14;F16;YES;NO;7.5;0.001;2;24.716;;NA
;Plant;C5;D14;F16;YES;NO;7.5;0.001;3;25.582;;NA
;Plant;C5;D14;F16;YES;NO;7.5;0.001;4;29.036;;NA
;Plant;C5;D14;F16;YES;NO;7.5;0.001;5;20.624;;NA
;Plant;C5;D14;F16;YES;NO;7.5;0.001;6;23.116;;NA
;Plant;C5;D14;F16;YES;NO;7.5;0.001;7;19.358;;NA
;Plant;C5;D14;F16;YES;NO;7.5;0.001;8;19.694;;NA
;Plant;C5;D14;F16;YES;NO;7.5;0.001;9;21.999;;NA
;Plant;C5;D14;F16;YES;NO;7.5;0.001;10;27.639;;NA
;Plant;C5;D14;F16;YES;NO;7.5;0.001;11;24.142;;NA
;Plant;C5;D14;F16;YES;NO;7.5;0.001;12;20.938;;NA
;Plant;C5;D14;F16;YES;NO;7.5;0.001;13;22.15;;NA
;Plant;C5;D14;F16;YES;NO;7.5;0.001;14;22.68;;NA
;Plant;C5;D14;F16;YES;NO;7.5;0.001;15;17.258;;NA
;Plant;C5;D14;F16;YES;NO;7.5;0.001;16;24.69;;NA
;Plant;C5;D14;F16;YES;NO;7.5;0.001;17;19.018;;NA
;Plant;C5;D14;F16;YES;NO;7.5;0.001;18;23.044;;NA
;Plant;C5;D14;F16;YES;NO;7.5;0.001;19;20.745;;NA
;Plant;C5;D14;F16;YES;NO;7.5;0.001;20;31.006;;NA
;Plant;C5;D14;F16;YES;NO;7.5;0.001;21;18.165;;NA
;Plant;C5;D14;F16;YES;NO;7.5;0.001;22;25.249;;NA
;Plant;C5;D14;F16;YES;NO;7.5;0.001;23;27.916;;NA
;Plant;C5;D14;F16;YES;NO;7.5;0.001;24;28.466;;NA
;Plant;C5;D14;F16;YES;NO;7.5;0.001;25;30.647;;NA
;Plant;C6;D14;F16;YES;NO;7.5;0;1;31.194;;NA
;Plant;C6;D14;F16;YES;NO;7.5;0;2;24.538;;NA
;Plant;C6;D14;F16;YES;NO;7.5;0;3;29.321;;NA
;Plant;C6;D14;F16;YES;NO;7.5;0;4;28.795;;NA
;Plant;C6;D14;F16;YES;NO;7.5;0;5;35.536;;NA
;Plant;C6;D14;F16;YES;NO;7.5;0;6;30.998;;NA
;Plant;C6;D14;F16;YES;NO;7.5;0;7;39.727;;NA
;Plant;C6;D14;F16;YES;NO;7.5;0;8;23.041;;NA
;Plant;C6;D14;F16;YES;NO;7.5;0;9;28.391;;NA
;Plant;C6;D14;F16;YES;NO;7.5;0;10;30.861;;NA
;Plant;C6;D14;F16;YES;NO;7.5;0;11;15.583;;NA
;Plant;C6;D14;F16;YES;NO;7.5;0;12;13.105;;NA
;Plant;C6;D14;F16;YES;NO;7.5;0;13;32.174;;NA
;Plant;C6;D14;F16;YES;NO;7.5;0;14;32.083;;NA
;Plant;C6;D14;F16;YES;NO;7.5;0;15;31.543;;NA
;Plant;C6;D14;F16;YES;NO;7.5;0;16;29.102;;NA
;Plant;C6;D14;F16;YES;NO;7.5;0;17;30.428;;NA
;Plant;C6;D14;F16;YES;NO;7.5;0;18;30.093;;NA
;Plant;C6;D14;F16;YES;NO;7.5;0;19;27.811;;NA
;Plant;C6;D14;F16;YES;NO;7.5;0;20;20.763;;NA
;Plant;C6;D14;F16;YES;NO;7.5;0;21;24.266;;NA
;Plant;C6;D14;F16;YES;NO;7.5;0;22;0;;NA
;Plant;C6;D14;F16;YES;NO;7.5;0;23;34.098;;NA
;Plant;C6;D14;F16;YES;NO;7.5;0;24;26.07;;NA
;Plant;C6;D14;F16;YES;NO;7.5;0;25;20.666;;NA
;Plant;C7;D14;F16;NO;YES;3.75;7.5;1;19.885;;NA
;Plant;C7;D14;F16;NO;YES;3.75;7.5;2;31.842;;NA
;Plant;C7;D14;F16;NO;YES;3.75;7.5;3;15.939;;NA
;Plant;C7;D14;F16;NO;YES;3.75;7.5;4;7.235;;NA
;Plant;C7;D14;F16;NO;YES;3.75;7.5;5;11.029;;NA
;Plant;C7;D14;F16;NO;YES;3.75;7.5;6;20.425;;NA
;Plant;C7;D14;F16;NO;YES;3.75;7.5;7;20.424;;NA
;Plant;C7;D14;F16;NO;YES;3.75;7.5;8;24.806;;NA
;Plant;C7;D14;F16;NO;YES;3.75;7.5;9;17.17;;NA
;Plant;C7;D14;F16;NO;YES;3.75;7.5;10;25.359;;NA
;Plant;C7;D14;F16;NO;YES;3.75;7.5;11;23.473;;NA
;Plant;C7;D14;F16;NO;YES;3.75;7.5;12;28.778;;NA
;Plant;C7;D14;F16;NO;YES;3.75;7.5;13;23.807;;NA
;Plant;C7;D14;F16;NO;YES;3.75;7.5;14;25.283;;NA
;Plant;C7;D14;F16;NO;YES;3.75;7.5;15;16.554;;NA
;Plant;C7;D14;F16;NO;YES;3.75;7.5;16;23.3;;NA
;Plant;C7;D14;F16;NO;YES;3.75;7.5;17;23.679;;NA
;Plant;C7;D14;F16;NO;YES;3.75;7.5;18;14.813;;NA
;Plant;C7;D14;F16;NO;YES;3.75;7.5;19;19.449;;NA
;Plant;C7;D14;F16;NO;YES;3.75;7.5;20;27.592;;NA
;Plant;C7;D14;F16;NO;YES;3.75;7.5;21;13.514;;NA
;Plant;C7;D14;F16;NO;YES;3.75;7.5;22;28.66;;NA
;Plant;C7;D14;F16;NO;YES;3.75;7.5;23;20.515;;NA
;Plant;C7;D14;F16;NO;YES;3.75;7.5;24;15.426;;NA
;Plant;C7;D14;F16;NO;YES;3.75;7.5;25;23.647;;NA
;Plant;C8;D14;F16;NO;YES;1.875;7.5;1;18.832;;NA
;Plant;C8;D14;F16;NO;YES;1.875;7.5;2;12.819;;NA
;Plant;C8;D14;F16;NO;YES;1.875;7.5;3;9.744;;NA
;Plant;C8;D14;F16;NO;YES;1.875;7.5;4;18.762;;NA
;Plant;C8;D14;F16;NO;YES;1.875;7.5;5;11.868;;NA
;Plant;C8;D14;F16;NO;YES;1.875;7.5;6;9.36;;NA
;Plant;C8;D14;F16;NO;YES;1.875;7.5;7;10.445;;NA
;Plant;C8;D14;F16;NO;YES;1.875;7.5;8;16.693;;NA
;Plant;C8;D14;F16;NO;YES;1.875;7.5;9;5.368;;NA
;Plant;C8;D14;F16;NO;YES;1.875;7.5;10;12.975;;NA
;Plant;C8;D14;F16;NO;YES;1.875;7.5;11;24.752;;NA
;Plant;C8;D14;F16;NO;YES;1.875;7.5;12;20.86;;NA
;Plant;C8;D14;F16;NO;YES;1.875;7.5;13;10.961;;NA
;Plant;C8;D14;F16;NO;YES;1.875;7.5;14;17.127;;NA
;Plant;C8;D14;F16;NO;YES;1.875;7.5;15;13.406;;NA
;Plant;C8;D14;F16;NO;YES;1.875;7.5;16;11.657;;NA
;Plant;C8;D14;F16;NO;YES;1.875;7.5;17;16.719;;NA
;Plant;C8;D14;F16;NO;YES;1.875;7.5;18;15.871;;NA
;Plant;C8;D14;F16;NO;YES;1.875;7.5;19;20.226;;NA
;Plant;C8;D14;F16;NO;YES;1.875;7.5;20;19.674;;NA
;Plant;C8;D14;F16;NO;YES;1.875;7.5;21;28.656;;NA
;Plant;C8;D14;F16;NO;YES;1.875;7.5;22;18.416;;NA
;Plant;C8;D14;F16;NO;YES;1.875;7.5;23;11.657;;NA
;Plant;C8;D14;F16;NO;YES;1.875;7.5;24;13.474;;NA
;Plant;C8;D14;F16;NO;YES;1.875;7.5;25;14.832;;NA
;Plant;C9;D14;F16;NO;YES;0.9375;7.5;1;10.369;;NA
;Plant;C9;D14;F16;NO;YES;0.9375;7.5;2;13.338;;NA
;Plant;C9;D14;F16;NO;YES;0.9375;7.5;3;22.73;;NA
;Plant;C9;D14;F16;NO;YES;0.9375;7.5;4;30.015;;NA
;Plant;C9;D14;F16;NO;YES;0.9375;7.5;5;12.366;;NA
;Plant;C9;D14;F16;NO;YES;0.9375;7.5;6;15.789;;NA
;Plant;C9;D14;F16;NO;YES;0.9375;7.5;7;7.895;;NA
;Plant;C9;D14;F16;NO;YES;0.9375;7.5;8;24.366;;NA
;Plant;C9;D14;F16;NO;YES;0.9375;7.5;9;19.602;;NA
;Plant;C9;D14;F16;NO;YES;0.9375;7.5;10;27.355;;NA
;Plant;C9;D14;F16;NO;YES;0.9375;7.5;11;14.699;;NA
;Plant;C9;D14;F16;NO;YES;0.9375;7.5;12;5.532;;NA
;Plant;C9;D14;F16;NO;YES;0.9375;7.5;13;27.648;;NA
;Plant;C9;D14;F16;NO;YES;0.9375;7.5;14;8.034;;NA
;Plant;C9;D14;F16;NO;YES;0.9375;7.5;15;7.898;;NA
;Plant;C9;D14;F16;NO;YES;0.9375;7.5;16;27.572;;NA
;Plant;C9;D14;F16;NO;YES;0.9375;7.5;17;18.404;;NA
;Plant;C9;D14;F16;NO;YES;0.9375;7.5;18;17.985;;NA
;Plant;C9;D14;F16;NO;YES;0.9375;7.5;19;15.313;;NA
;Plant;C9;D14;F16;NO;YES;0.9375;7.5;20;30.605;;NA
;Plant;C9;D14;F16;NO;YES;0.9375;7.5;21;15.034;;NA
;Plant;C9;D14;F16;NO;YES;0.9375;7.5;22;16.936;;NA
;Plant;C9;D14;F16;NO;YES;0.9375;7.5;23;20.272;;NA
;Plant;C9;D14;F16;NO;YES;0.9375;7.5;24;22.119;;NA
;Plant;C9;D14;F16;NO;YES;0.9375;7.5;25;10.049;;NA
;Plant;C10;D14;F16;NO;YES;0.001;7.5;1;17.909;;NA
;Plant;C10;D14;F16;NO;YES;0.001;7.5;2;5.19;;NA
;Plant;C10;D14;F16;NO;YES;0.001;7.5;3;25.442;;NA
;Plant;C10;D14;F16;NO;YES;0.001;7.5;4;16.054;;NA
;Plant;C10;D14;F16;NO;YES;0.001;7.5;5;13.976;;NA
;Plant;C10;D14;F16;NO;YES;0.001;7.5;6;10.447;;NA
;Plant;C10;D14;F16;NO;YES;0.001;7.5;7;7.438;;NA
;Plant;C10;D14;F16;NO;YES;0.001;7.5;8;9.997;;NA
;Plant;C10;D14;F16;NO;YES;0.001;7.5;9;11.69;;NA
;Plant;C10;D14;F16;NO;YES;0.001;7.5;10;21.567;;NA
;Plant;C10;D14;F16;NO;YES;0.001;7.5;11;13.065;;NA
;Plant;C10;D14;F16;NO;YES;0.001;7.5;12;17.255;;NA
;Plant;C10;D14;F16;NO;YES;0.001;7.5;13;16.491;;NA
;Plant;C10;D14;F16;NO;YES;0.001;7.5;14;6.969;;NA
;Plant;C10;D14;F16;NO;YES;0.001;7.5;15;15.752;;NA
;Plant;C10;D14;F16;NO;YES;0.001;7.5;16;22.313;;NA
;Plant;C10;D14;F16;NO;YES;0.001;7.5;17;22.839;;NA
;Plant;C10;D14;F16;NO;YES;0.001;7.5;18;14.922;;NA
;Plant;C10;D14;F16;NO;YES;0.001;7.5;19;17.783;;NA
;Plant;C10;D14;F16;NO;YES;0.001;7.5;20;4.117;;NA
;Plant;C10;D14;F16;NO;YES;0.001;7.5;21;7.233;;NA
;Plant;C10;D14;F16;NO;YES;0.001;7.5;22;13.709;;NA
;Plant;C10;D14;F16;NO;YES;0.001;7.5;23;15.516;;NA
;Plant;C10;D14;F16;NO;YES;0.001;7.5;24;15.562;;NA
;Plant;C10;D14;F16;NO;YES;0.001;7.5;25;19.523;;NA
;Plant;C11;D14;F16;NO;YES;0;7.5;1;13.791;;NA
;Plant;C11;D14;F16;NO;YES;0;7.5;2;17.986;;NA
;Plant;C11;D14;F16;NO;YES;0;7.5;3;15.88;;NA
;Plant;C11;D14;F16;NO;YES;0;7.5;4;16.521;;NA
;Plant;C11;D14;F16;NO;YES;0;7.5;5;13.949;;NA
;Plant;C11;D14;F16;NO;YES;0;7.5;6;20.449;;NA
;Plant;C11;D14;F16;NO;YES;0;7.5;7;10;;NA
;Plant;C11;D14;F16;NO;YES;0;7.5;8;13.191;;NA
;Plant;C11;D14;F16;NO;YES;0;7.5;9;13.649;;NA
;Plant;C11;D14;F16;NO;YES;0;7.5;10;8.92;;NA
;Plant;C11;D14;F16;NO;YES;0;7.5;11;29.586;;NA
;Plant;C11;D14;F16;NO;YES;0;7.5;12;19.252;;NA
;Plant;C11;D14;F16;NO;YES;0;7.5;13;20.223;;NA
;Plant;C11;D14;F16;NO;YES;0;7.5;14;15.539;;NA
;Plant;C11;D14;F16;NO;YES;0;7.5;15;19.952;;NA
;Plant;C11;D14;F16;NO;YES;0;7.5;16;2.286;;NA
;Plant;C11;D14;F16;NO;YES;0;7.5;17;8.627;;NA
;Plant;C11;D14;F16;NO;YES;0;7.5;18;3.608;;NA
;Plant;C11;D14;F16;NO;YES;0;7.5;19;23.589;;NA
;Plant;C11;D14;F16;NO;YES;0;7.5;20;12.839;;NA
;Plant;C11;D14;F16;NO;YES;0;7.5;21;2.051;;NA
;Plant;C11;D14;F16;NO;YES;0;7.5;22;14.866;;NA
;Plant;C11;D14;F16;NO;YES;0;7.5;23;3.053;;NA
;Plant;C11;D14;F16;NO;YES;0;7.5;24;2.35;;NA
;Plant;C11;D14;F16;NO;YES;0;7.5;25;14.056;;NA
;Plant;C12;D14;F16;NO;NO;0;0;1;25.775;;NA
;Plant;C12;D14;F16;NO;NO;0;0;2;32.882;;NA
;Plant;C12;D14;F16;NO;NO;0;0;3;11.909;;NA
;Plant;C12;D14;F16;NO;NO;0;0;4;16.841;;NA
;Plant;C12;D14;F16;NO;NO;0;0;5;20.053;;NA
;Plant;C12;D14;F16;NO;NO;0;0;6;5.066;;NA
;Plant;C12;D14;F16;NO;NO;0;0;7;9.326;;NA
;Plant;C12;D14;F16;NO;NO;0;0;8;30.193;;NA
;Plant;C12;D14;F16;NO;NO;0;0;9;34.176;;NA
;Plant;C12;D14;F16;NO;NO;0;0;10;12.482;;NA
;Plant;C12;D14;F16;NO;NO;0;0;11;16.634;;NA
;Plant;C12;D14;F16;NO;NO;0;0;12;24.14;;NA
;Plant;C12;D14;F16;NO;NO;0;0;13;13.855;;NA
;Plant;C12;D14;F16;NO;NO;0;0;14;12.171;;NA
;Plant;C12;D14;F16;NO;NO;0;0;15;14.633;;NA
;Plant;C12;D14;F16;NO;NO;0;0;16;19.001;;NA
;Plant;C12;D14;F16;NO;NO;0;0;17;3.057;;NA
;Plant;C12;D14;F16;NO;NO;0;0;18;14.945;;NA
;Plant;C12;D14;F16;NO;NO;0;0;19;12.898;;NA
;Plant;C12;D14;F16;NO;NO;0;0;20;10.677;;NA
;Plant;C12;D14;F16;NO;NO;0;0;21;23.673;;NA
;Plant;C12;D14;F16;NO;NO;0;0;22;20.45;;NA
;Plant;C12;D14;F16;NO;NO;0;0;23;14.06;;NA
;Plant;C12;D14;F16;NO;NO;0;0;24;11.083;;NA
;Plant;C12;D14;F16;NO;NO;0;0;25;14.919;;NA
;Fungi;C1;D03;F16;YES;YES;7.5;7.5;1;NA;;266.679
;Fungi;C1;D03;F16;YES;YES;7.5;7.5;2;NA;;312.847
;Fungi;C1;D03;F16;YES;YES;7.5;7.5;3;NA;;303.11
;Fungi;C2;D03;F16;YES;NO;7.5;3.75;1;NA;;277.498
;Fungi;C2;D03;F16;YES;NO;7.5;3.75;2;NA;;253.903
;Fungi;C2;D03;F16;YES;NO;7.5;3.75;3;NA;;277.089
;Fungi;C3;D03;F16;YES;NO;7.5;1.875;1;NA;;275.613
;Fungi;C3;D03;F16;YES;NO;7.5;1.875;2;NA;;294.424
;Fungi;C3;D03;F16;YES;NO;7.5;1.875;3;NA;;293.226
;Fungi;C4;D03;F16;YES;NO;7.5;0.9375;1;NA;;233.835
;Fungi;C4;D03;F16;YES;NO;7.5;0.9375;2;NA;;226.297
;Fungi;C4;D03;F16;YES;NO;7.5;0.9375;3;NA;;172.655
;Fungi;C5;D03;F16;YES;NO;7.5;0.001;1;NA;;198.778
;Fungi;C5;D03;F16;YES;NO;7.5;0.001;2;NA;;184.534
;Fungi;C5;D03;F16;YES;NO;7.5;0.001;3;NA;;181.531
;Fungi;C6;D03;F16;YES;NO;7.5;0;1;NA;;161.559
;Fungi;C6;D03;F16;YES;NO;7.5;0;2;NA;;195.228
;Fungi;C6;D03;F16;YES;NO;7.5;0;3;NA;;185.045
;Fungi;C7;D03;F16;NO;YES;3.75;7.5;1;NA;;251.265
;Fungi;C7;D03;F16;NO;YES;3.75;7.5;2;NA;;279.419
;Fungi;C7;D03;F16;NO;YES;3.75;7.5;3;NA;;265.598
;Fungi;C8;D03;F16;NO;YES;1.875;7.5;1;NA;;298.281
;Fungi;C8;D03;F16;NO;YES;1.875;7.5;2;NA;;309.414
;Fungi;C8;D03;F16;NO;YES;1.875;7.5;3;NA;;301.101
;Fungi;C9;D03;F16;NO;YES;0.9375;7.5;1;NA;;319.897
;Fungi;C9;D03;F16;NO;YES;0.9375;7.5;2;NA;;328.422
;Fungi;C9;D03;F16;NO;YES;0.9375;7.5;3;NA;;300.611
;Fungi;C10;D03;F16;NO;YES;0.001;7.5;1;NA;;320.802
;Fungi;C10;D03;F16;NO;YES;0.001;7.5;2;NA;;310.743
;Fungi;C10;D03;F16;NO;YES;0.001;7.5;3;NA;;337.137
;Fungi;C11;D03;F16;NO;YES;0;7.5;1;NA;;312.584
;Fungi;C11;D03;F16;NO;YES;0;7.5;2;NA;;296.849
;Fungi;C11;D03;F16;NO;YES;0;7.5;3;NA;;325.536
;Fungi;C12;D03;F16;NO;NO;0;0;1;NA;;286.578
;Fungi;C12;D03;F16;NO;NO;0;0;2;NA;;267.147
;Fungi;C12;D03;F16;NO;NO;0;0;3;NA;;244.976
;Fungi;C1;D07;F16;YES;YES;7.5;7.5;1;NA;;1765.995
;Fungi;C1;D07;F16;YES;YES;7.5;7.5;2;NA;;1783.315
;Fungi;C1;D07;F16;YES;YES;7.5;7.5;3;NA;;1810.943
;Fungi;C2;D07;F16;YES;NO;7.5;3.75;1;NA;;1677.487
;Fungi;C2;D07;F16;YES;NO;7.5;3.75;2;NA;;1724.056
;Fungi;C2;D07;F16;YES;NO;7.5;3.75;3;NA;;1706.217
;Fungi;C3;D07;F16;YES;NO;7.5;1.875;1;NA;;1780.839
;Fungi;C3;D07;F16;YES;NO;7.5;1.875;2;NA;;1819.841
;Fungi;C3;D07;F16;YES;NO;7.5;1.875;3;NA;;1840.141
;Fungi;C4;D07;F16;YES;NO;7.5;0.9375;1;NA;;1610.777
;Fungi;C4;D07;F16;YES;NO;7.5;0.9375;2;NA;;1421.276
;Fungi;C4;D07;F16;YES;NO;7.5;0.9375;3;NA;;1403.495
;Fungi;C5;D07;F16;YES;NO;7.5;0.001;1;NA;;1315.659
;Fungi;C5;D07;F16;YES;NO;7.5;0.001;2;NA;;1317.12
;Fungi;C5;D07;F16;YES;NO;7.5;0.001;3;NA;;1286.592
;Fungi;C6;D07;F16;YES;NO;7.5;0;1;NA;;1214.988
;Fungi;C6;D07;F16;YES;NO;7.5;0;2;NA;;1279.835
;Fungi;C6;D07;F16;YES;NO;7.5;0;3;NA;;1228.597
;Fungi;C7;D07;F16;NO;YES;3.75;7.5;1;NA;;1781.357
;Fungi;C7;D07;F16;NO;YES;3.75;7.5;2;NA;;1822.003
;Fungi;C7;D07;F16;NO;YES;3.75;7.5;3;NA;;1798.313
;Fungi;C8;D07;F16;NO;YES;1.875;7.5;1;NA;;1917.181
;Fungi;C8;D07;F16;NO;YES;1.875;7.5;2;NA;;2014.623
;Fungi;C8;D07;F16;NO;YES;1.875;7.5;3;NA;;2067.169
;Fungi;C9;D07;F16;NO;YES;0.9375;7.5;1;NA;;1984.702
;Fungi;C9;D07;F16;NO;YES;0.9375;7.5;2;NA;;1995.192
;Fungi;C9;D07;F16;NO;YES;0.9375;7.5;3;NA;;1951.595
;Fungi;C10;D07;F16;NO;YES;0.001;7.5;1;NA;;2064.232
;Fungi;C10;D07;F16;NO;YES;0.001;7.5;2;NA;;2015.602
;Fungi;C10;D07;F16;NO;YES;0.001;7.5;3;NA;;2225.141
;Fungi;C11;D07;F16;NO;YES;0;7.5;1;NA;;2090.654
;Fungi;C11;D07;F16;NO;YES;0;7.5;2;NA;;2118.531
;Fungi;C11;D07;F16;NO;YES;0;7.5;3;NA;;1910.27
;Fungi;C12;D07;F16;NO;NO;0;0;1;NA;;1954.722
;Fungi;C12;D07;F16;NO;NO;0;0;2;NA;;2007.406
;Fungi;C12;D07;F16;NO;NO;0;0;3;NA;;1990.312