Rep,Pathogens,Disease,Disease.2,Experiment,Treatment,Date,Foliar.Disk,Sporulation
1,P.viticola,Downy mildew,P.viticola (Downy mildew),R1,TNT,02.12.25,D1,80
2,P.viticola,Downy mildew,P.viticola (Downy mildew),R1,TNT,02.12.25,D1,80
3,P.viticola,Downy mildew,P.viticola (Downy mildew),R1,TNT,02.12.25,D1,90
4,P.viticola,Downy mildew,P.viticola (Downy mildew),R1,TNT,02.12.25,D2,80
5,P.viticola,Downy mildew,P.viticola (Downy mildew),R1,TNT,02.12.25,D2,70
6,P.viticola,Downy mildew,P.viticola (Downy mildew),R1,TNT,02.12.25,D2,60
7,P.viticola,Downy mildew,P.viticola (Downy mildew),R1,TNT,02.12.25,D3,100
8,P.viticola,Downy mildew,P.viticola (Downy mildew),R1,TNT,02.12.25,D3,100
9,P.viticola,Downy mildew,P.viticola (Downy mildew),R1,TNT,02.12.25,D3,100
10,P.viticola,Downy mildew,P.viticola (Downy mildew),R1,TNT,02.12.25,D4,100
11,P.viticola,Downy mildew,P.viticola (Downy mildew),R1,TNT,02.12.25,D4,100
12,P.viticola,Downy mildew,P.viticola (Downy mildew),R1,TNT,02.12.25,D4,100
13,P.viticola,Downy mildew,P.viticola (Downy mildew),R1,TNT,02.12.25,D5,100
14,P.viticola,Downy mildew,P.viticola (Downy mildew),R1,TNT,02.12.25,D5,100
15,P.viticola,Downy mildew,P.viticola (Downy mildew),R1,TNT,02.12.25,D5,100
16,P.viticola,Downy mildew,P.viticola (Downy mildew),R1,TNT,02.12.25,D6,100
17,P.viticola,Downy mildew,P.viticola (Downy mildew),R1,TNT,02.12.25,D6,100
18,P.viticola,Downy mildew,P.viticola (Downy mildew),R1,TNT,02.12.25,D6,100
19,P.viticola,Downy mildew,P.viticola (Downy mildew),R1,TNT,02.12.25,D7,100
20,P.viticola,Downy mildew,P.viticola (Downy mildew),R1,TNT,02.12.25,D7,100
21,P.viticola,Downy mildew,P.viticola (Downy mildew),R1,TNT,02.12.25,D7,100
22,P.viticola,Downy mildew,P.viticola (Downy mildew),R1,TNT,02.12.25,D8,100
23,P.viticola,Downy mildew,P.viticola (Downy mildew),R1,TNT,02.12.25,D8,100
24,P.viticola,Downy mildew,P.viticola (Downy mildew),R1,TNT,02.12.25,D8,100
25,P.viticola,Downy mildew,P.viticola (Downy mildew),R1,TNT,02.12.25,D9,100
26,P.viticola,Downy mildew,P.viticola (Downy mildew),R1,TNT,02.12.25,D9,100
27,P.viticola,Downy mildew,P.viticola (Downy mildew),R1,TNT,02.12.25,D9,100
28,P.viticola,Downy mildew,P.viticola (Downy mildew),R1,1.9mM,02.12.25,D1,100
29,P.viticola,Downy mildew,P.viticola (Downy mildew),R1,1.9mM,02.12.25,D1,100
30,P.viticola,Downy mildew,P.viticola (Downy mildew),R1,1.9mM,02.12.25,D1,100
31,P.viticola,Downy mildew,P.viticola (Downy mildew),R1,1.9mM,02.12.25,D2,100
32,P.viticola,Downy mildew,P.viticola (Downy mildew),R1,1.9mM,02.12.25,D2,100
33,P.viticola,Downy mildew,P.viticola (Downy mildew),R1,1.9mM,02.12.25,D2,100
34,P.viticola,Downy mildew,P.viticola (Downy mildew),R1,1.9mM,02.12.25,D3,100
35,P.viticola,Downy mildew,P.viticola (Downy mildew),R1,1.9mM,02.12.25,D3,100
36,P.viticola,Downy mildew,P.viticola (Downy mildew),R1,1.9mM,02.12.25,D3,100
37,P.viticola,Downy mildew,P.viticola (Downy mildew),R1,1.9mM,02.12.25,D4,100
38,P.viticola,Downy mildew,P.viticola (Downy mildew),R1,1.9mM,02.12.25,D4,100
39,P.viticola,Downy mildew,P.viticola (Downy mildew),R1,1.9mM,02.12.25,D4,100
40,P.viticola,Downy mildew,P.viticola (Downy mildew),R1,1.9mM,02.12.25,D5,100
41,P.viticola,Downy mildew,P.viticola (Downy mildew),R1,1.9mM,02.12.25,D5,100
42,P.viticola,Downy mildew,P.viticola (Downy mildew),R1,1.9mM,02.12.25,D5,100
43,P.viticola,Downy mildew,P.viticola (Downy mildew),R1,1.9mM,02.12.25,D6,100
44,P.viticola,Downy mildew,P.viticola (Downy mildew),R1,1.9mM,02.12.25,D6,100
45,P.viticola,Downy mildew,P.viticola (Downy mildew),R1,1.9mM,02.12.25,D6,100
46,P.viticola,Downy mildew,P.viticola (Downy mildew),R1,1.9mM,02.12.25,D7,100
47,P.viticola,Downy mildew,P.viticola (Downy mildew),R1,1.9mM,02.12.25,D7,100
48,P.viticola,Downy mildew,P.viticola (Downy mildew),R1,1.9mM,02.12.25,D7,100
49,P.viticola,Downy mildew,P.viticola (Downy mildew),R1,1.9mM,02.12.25,D8,100
50,P.viticola,Downy mildew,P.viticola (Downy mildew),R1,1.9mM,02.12.25,D8,100
51,P.viticola,Downy mildew,P.viticola (Downy mildew),R1,1.9mM,02.12.25,D8,100
52,P.viticola,Downy mildew,P.viticola (Downy mildew),R1,1.9mM,02.12.25,D9,100
53,P.viticola,Downy mildew,P.viticola (Downy mildew),R1,1.9mM,02.12.25,D9,100
54,P.viticola,Downy mildew,P.viticola (Downy mildew),R1,1.9mM,02.12.25,D9,100
55,P.viticola,Downy mildew,P.viticola (Downy mildew),R1,3.75mM,02.12.25,D1,30
56,P.viticola,Downy mildew,P.viticola (Downy mildew),R1,3.75mM,02.12.25,D1,15
57,P.viticola,Downy mildew,P.viticola (Downy mildew),R1,3.75mM,02.12.25,D1,10
58,P.viticola,Downy mildew,P.viticola (Downy mildew),R1,3.75mM,02.12.25,D2,100
59,P.viticola,Downy mildew,P.viticola (Downy mildew),R1,3.75mM,02.12.25,D2,100
60,P.viticola,Downy mildew,P.viticola (Downy mildew),R1,3.75mM,02.12.25,D2,100
61,P.viticola,Downy mildew,P.viticola (Downy mildew),R1,3.75mM,02.12.25,D3,100
62,P.viticola,Downy mildew,P.viticola (Downy mildew),R1,3.75mM,02.12.25,D3,100
63,P.viticola,Downy mildew,P.viticola (Downy mildew),R1,3.75mM,02.12.25,D3,100
64,P.viticola,Downy mildew,P.viticola (Downy mildew),R1,3.75mM,02.12.25,D4,100
65,P.viticola,Downy mildew,P.viticola (Downy mildew),R1,3.75mM,02.12.25,D4,100
66,P.viticola,Downy mildew,P.viticola (Downy mildew),R1,3.75mM,02.12.25,D4,100
67,P.viticola,Downy mildew,P.viticola (Downy mildew),R1,3.75mM,02.12.25,D5,100
68,P.viticola,Downy mildew,P.viticola (Downy mildew),R1,3.75mM,02.12.25,D5,100
69,P.viticola,Downy mildew,P.viticola (Downy mildew),R1,3.75mM,02.12.25,D5,100
70,P.viticola,Downy mildew,P.viticola (Downy mildew),R1,3.75mM,02.12.25,D6,100
71,P.viticola,Downy mildew,P.viticola (Downy mildew),R1,3.75mM,02.12.25,D6,100
72,P.viticola,Downy mildew,P.viticola (Downy mildew),R1,3.75mM,02.12.25,D6,100
73,P.viticola,Downy mildew,P.viticola (Downy mildew),R1,3.75mM,02.12.25,D7,100
74,P.viticola,Downy mildew,P.viticola (Downy mildew),R1,3.75mM,02.12.25,D7,100
75,P.viticola,Downy mildew,P.viticola (Downy mildew),R1,3.75mM,02.12.25,D7,100
76,P.viticola,Downy mildew,P.viticola (Downy mildew),R1,3.75mM,02.12.25,D8,100
77,P.viticola,Downy mildew,P.viticola (Downy mildew),R1,3.75mM,02.12.25,D8,100
78,P.viticola,Downy mildew,P.viticola (Downy mildew),R1,3.75mM,02.12.25,D8,100
79,P.viticola,Downy mildew,P.viticola (Downy mildew),R1,3.75mM,02.12.25,D9,100
80,P.viticola,Downy mildew,P.viticola (Downy mildew),R1,3.75mM,02.12.25,D9,100
81,P.viticola,Downy mildew,P.viticola (Downy mildew),R1,3.75mM,02.12.25,D9,100
82,P.viticola,Downy mildew,P.viticola (Downy mildew),R1,7.5mM,02.12.25,D1,60
83,P.viticola,Downy mildew,P.viticola (Downy mildew),R1,7.5mM,02.12.25,D1,40
84,P.viticola,Downy mildew,P.viticola (Downy mildew),R1,7.5mM,02.12.25,D1,20
85,P.viticola,Downy mildew,P.viticola (Downy mildew),R1,7.5mM,02.12.25,D2,100
86,P.viticola,Downy mildew,P.viticola (Downy mildew),R1,7.5mM,02.12.25,D2,100
87,P.viticola,Downy mildew,P.viticola (Downy mildew),R1,7.5mM,02.12.25,D2,100
88,P.viticola,Downy mildew,P.viticola (Downy mildew),R1,7.5mM,02.12.25,D3,100
89,P.viticola,Downy mildew,P.viticola (Downy mildew),R1,7.5mM,02.12.25,D3,100
90,P.viticola,Downy mildew,P.viticola (Downy mildew),R1,7.5mM,02.12.25,D3,100
91,P.viticola,Downy mildew,P.viticola (Downy mildew),R1,7.5mM,02.12.25,D4,100
92,P.viticola,Downy mildew,P.viticola (Downy mildew),R1,7.5mM,02.12.25,D4,100
93,P.viticola,Downy mildew,P.viticola (Downy mildew),R1,7.5mM,02.12.25,D4,100
94,P.viticola,Downy mildew,P.viticola (Downy mildew),R1,7.5mM,02.12.25,D5,100
95,P.viticola,Downy mildew,P.viticola (Downy mildew),R1,7.5mM,02.12.25,D5,100
96,P.viticola,Downy mildew,P.viticola (Downy mildew),R1,7.5mM,02.12.25,D5,100
97,P.viticola,Downy mildew,P.viticola (Downy mildew),R1,7.5mM,02.12.25,D6,100
98,P.viticola,Downy mildew,P.viticola (Downy mildew),R1,7.5mM,02.12.25,D6,100
99,P.viticola,Downy mildew,P.viticola (Downy mildew),R1,7.5mM,02.12.25,D6,100
100,P.viticola,Downy mildew,P.viticola (Downy mildew),R1,7.5mM,02.12.25,D7,100
101,P.viticola,Downy mildew,P.viticola (Downy mildew),R1,7.5mM,02.12.25,D7,100
102,P.viticola,Downy mildew,P.viticola (Downy mildew),R1,7.5mM,02.12.25,D7,100
103,P.viticola,Downy mildew,P.viticola (Downy mildew),R1,7.5mM,02.12.25,D8,100
104,P.viticola,Downy mildew,P.viticola (Downy mildew),R1,7.5mM,02.12.25,D8,100
105,P.viticola,Downy mildew,P.viticola (Downy mildew),R1,7.5mM,02.12.25,D8,100
106,P.viticola,Downy mildew,P.viticola (Downy mildew),R1,7.5mM,02.12.25,D9,100
107,P.viticola,Downy mildew,P.viticola (Downy mildew),R1,7.5mM,02.12.25,D9,100
108,P.viticola,Downy mildew,P.viticola (Downy mildew),R1,7.5mM,02.12.25,D9,100
109,P.viticola,Downy mildew,P.viticola (Downy mildew),R1,15mM,02.12.25,D1,10
110,P.viticola,Downy mildew,P.viticola (Downy mildew),R1,15mM,02.12.25,D1,30
111,P.viticola,Downy mildew,P.viticola (Downy mildew),R1,15mM,02.12.25,D1,30
112,P.viticola,Downy mildew,P.viticola (Downy mildew),R1,15mM,02.12.25,D2,100
113,P.viticola,Downy mildew,P.viticola (Downy mildew),R1,15mM,02.12.25,D2,100
114,P.viticola,Downy mildew,P.viticola (Downy mildew),R1,15mM,02.12.25,D2,100
115,P.viticola,Downy mildew,P.viticola (Downy mildew),R1,15mM,02.12.25,D3,100
116,P.viticola,Downy mildew,P.viticola (Downy mildew),R1,15mM,02.12.25,D3,100
117,P.viticola,Downy mildew,P.viticola (Downy mildew),R1,15mM,02.12.25,D3,100
118,P.viticola,Downy mildew,P.viticola (Downy mildew),R1,15mM,02.12.25,D4,100
119,P.viticola,Downy mildew,P.viticola (Downy mildew),R1,15mM,02.12.25,D4,100
120,P.viticola,Downy mildew,P.viticola (Downy mildew),R1,15mM,02.12.25,D4,100
121,P.viticola,Downy mildew,P.viticola (Downy mildew),R1,15mM,02.12.25,D5,100
122,P.viticola,Downy mildew,P.viticola (Downy mildew),R1,15mM,02.12.25,D5,100
123,P.viticola,Downy mildew,P.viticola (Downy mildew),R1,15mM,02.12.25,D5,100
124,P.viticola,Downy mildew,P.viticola (Downy mildew),R1,15mM,02.12.25,D6,100
125,P.viticola,Downy mildew,P.viticola (Downy mildew),R1,15mM,02.12.25,D6,100
126,P.viticola,Downy mildew,P.viticola (Downy mildew),R1,15mM,02.12.25,D6,100
127,P.viticola,Downy mildew,P.viticola (Downy mildew),R1,15mM,02.12.25,D7,100
128,P.viticola,Downy mildew,P.viticola (Downy mildew),R1,15mM,02.12.25,D7,100
129,P.viticola,Downy mildew,P.viticola (Downy mildew),R1,15mM,02.12.25,D7,100
130,P.viticola,Downy mildew,P.viticola (Downy mildew),R1,15mM,02.12.25,D8,100
131,P.viticola,Downy mildew,P.viticola (Downy mildew),R1,15mM,02.12.25,D8,100
132,P.viticola,Downy mildew,P.viticola (Downy mildew),R1,15mM,02.12.25,D8,100
133,P.viticola,Downy mildew,P.viticola (Downy mildew),R1,15mM,02.12.25,D9,100
134,P.viticola,Downy mildew,P.viticola (Downy mildew),R1,15mM,02.12.25,D9,100
135,P.viticola,Downy mildew,P.viticola (Downy mildew),R1,15mM,02.12.25,D9,100
136,P.viticola,Downy mildew,P.viticola (Downy mildew),R1,30mM,02.12.25,D1,15
137,P.viticola,Downy mildew,P.viticola (Downy mildew),R1,30mM,02.12.25,D1,10
138,P.viticola,Downy mildew,P.viticola (Downy mildew),R1,30mM,02.12.25,D1,10
139,P.viticola,Downy mildew,P.viticola (Downy mildew),R1,30mM,02.12.25,D2,100
140,P.viticola,Downy mildew,P.viticola (Downy mildew),R1,30mM,02.12.25,D2,100
141,P.viticola,Downy mildew,P.viticola (Downy mildew),R1,30mM,02.12.25,D2,100
142,P.viticola,Downy mildew,P.viticola (Downy mildew),R1,30mM,02.12.25,D3,100
143,P.viticola,Downy mildew,P.viticola (Downy mildew),R1,30mM,02.12.25,D3,100
144,P.viticola,Downy mildew,P.viticola (Downy mildew),R1,30mM,02.12.25,D3,100
145,P.viticola,Downy mildew,P.viticola (Downy mildew),R1,30mM,02.12.25,D4,100
146,P.viticola,Downy mildew,P.viticola (Downy mildew),R1,30mM,02.12.25,D4,100
147,P.viticola,Downy mildew,P.viticola (Downy mildew),R1,30mM,02.12.25,D4,100
148,P.viticola,Downy mildew,P.viticola (Downy mildew),R1,30mM,02.12.25,D5,100
149,P.viticola,Downy mildew,P.viticola (Downy mildew),R1,30mM,02.12.25,D5,100
150,P.viticola,Downy mildew,P.viticola (Downy mildew),R1,30mM,02.12.25,D5,100
151,P.viticola,Downy mildew,P.viticola (Downy mildew),R1,30mM,02.12.25,D6,100
152,P.viticola,Downy mildew,P.viticola (Downy mildew),R1,30mM,02.12.25,D6,100
153,P.viticola,Downy mildew,P.viticola (Downy mildew),R1,30mM,02.12.25,D6,100
154,P.viticola,Downy mildew,P.viticola (Downy mildew),R1,30mM,02.12.25,D7,100
155,P.viticola,Downy mildew,P.viticola (Downy mildew),R1,30mM,02.12.25,D7,100
156,P.viticola,Downy mildew,P.viticola (Downy mildew),R1,30mM,02.12.25,D7,100
157,P.viticola,Downy mildew,P.viticola (Downy mildew),R1,30mM,02.12.25,D8,100
158,P.viticola,Downy mildew,P.viticola (Downy mildew),R1,30mM,02.12.25,D8,100
159,P.viticola,Downy mildew,P.viticola (Downy mildew),R1,30mM,02.12.25,D8,100
160,P.viticola,Downy mildew,P.viticola (Downy mildew),R1,30mM,02.12.25,D9,100
161,P.viticola,Downy mildew,P.viticola (Downy mildew),R1,30mM,02.12.25,D9,100
162,P.viticola,Downy mildew,P.viticola (Downy mildew),R1,30mM,02.12.25,D9,100
163,P.viticola,Downy mildew,P.viticola (Downy mildew),R1,75mM,02.12.25,D1,40
164,P.viticola,Downy mildew,P.viticola (Downy mildew),R1,75mM,02.12.25,D1,20
165,P.viticola,Downy mildew,P.viticola (Downy mildew),R1,75mM,02.12.25,D1,0
166,P.viticola,Downy mildew,P.viticola (Downy mildew),R1,75mM,02.12.25,D2,100
167,P.viticola,Downy mildew,P.viticola (Downy mildew),R1,75mM,02.12.25,D2,100
168,P.viticola,Downy mildew,P.viticola (Downy mildew),R1,75mM,02.12.25,D2,100
169,P.viticola,Downy mildew,P.viticola (Downy mildew),R1,75mM,02.12.25,D3,100
170,P.viticola,Downy mildew,P.viticola (Downy mildew),R1,75mM,02.12.25,D3,100
171,P.viticola,Downy mildew,P.viticola (Downy mildew),R1,75mM,02.12.25,D3,100
172,P.viticola,Downy mildew,P.viticola (Downy mildew),R1,75mM,02.12.25,D4,100
173,P.viticola,Downy mildew,P.viticola (Downy mildew),R1,75mM,02.12.25,D4,100
174,P.viticola,Downy mildew,P.viticola (Downy mildew),R1,75mM,02.12.25,D4,100
175,P.viticola,Downy mildew,P.viticola (Downy mildew),R1,75mM,02.12.25,D5,100
176,P.viticola,Downy mildew,P.viticola (Downy mildew),R1,75mM,02.12.25,D5,100
177,P.viticola,Downy mildew,P.viticola (Downy mildew),R1,75mM,02.12.25,D5,100
178,P.viticola,Downy mildew,P.viticola (Downy mildew),R1,75mM,02.12.25,D6,100
179,P.viticola,Downy mildew,P.viticola (Downy mildew),R1,75mM,02.12.25,D6,100
180,P.viticola,Downy mildew,P.viticola (Downy mildew),R1,75mM,02.12.25,D6,100
181,P.viticola,Downy mildew,P.viticola (Downy mildew),R1,75mM,02.12.25,D7,100
182,P.viticola,Downy mildew,P.viticola (Downy mildew),R1,75mM,02.12.25,D7,100
183,P.viticola,Downy mildew,P.viticola (Downy mildew),R1,75mM,02.12.25,D7,100
184,P.viticola,Downy mildew,P.viticola (Downy mildew),R1,75mM,02.12.25,D8,100
185,P.viticola,Downy mildew,P.viticola (Downy mildew),R1,75mM,02.12.25,D8,100
186,P.viticola,Downy mildew,P.viticola (Downy mildew),R1,75mM,02.12.25,D8,100
187,P.viticola,Downy mildew,P.viticola (Downy mildew),R1,75mM,02.12.25,D9,100
188,P.viticola,Downy mildew,P.viticola (Downy mildew),R1,75mM,02.12.25,D9,100
189,P.viticola,Downy mildew,P.viticola (Downy mildew),R1,75mM,02.12.25,D9,100
190,P.viticola,Downy mildew,P.viticola (Downy mildew),R2,TNT,04.12.25,D1,100
191,P.viticola,Downy mildew,P.viticola (Downy mildew),R2,TNT,04.12.25,D1,100
192,P.viticola,Downy mildew,P.viticola (Downy mildew),R2,TNT,04.12.25,D1,100
193,P.viticola,Downy mildew,P.viticola (Downy mildew),R2,TNT,04.12.25,D2,100
194,P.viticola,Downy mildew,P.viticola (Downy mildew),R2,TNT,04.12.25,D2,100
195,P.viticola,Downy mildew,P.viticola (Downy mildew),R2,TNT,04.12.25,D2,100
196,P.viticola,Downy mildew,P.viticola (Downy mildew),R2,TNT,04.12.25,D3,100
197,P.viticola,Downy mildew,P.viticola (Downy mildew),R2,TNT,04.12.25,D3,100
198,P.viticola,Downy mildew,P.viticola (Downy mildew),R2,TNT,04.12.25,D3,100
199,P.viticola,Downy mildew,P.viticola (Downy mildew),R2,TNT,04.12.25,D4,100
200,P.viticola,Downy mildew,P.viticola (Downy mildew),R2,TNT,04.12.25,D4,100
201,P.viticola,Downy mildew,P.viticola (Downy mildew),R2,TNT,04.12.25,D4,100
202,P.viticola,Downy mildew,P.viticola (Downy mildew),R2,TNT,04.12.25,D5,100
203,P.viticola,Downy mildew,P.viticola (Downy mildew),R2,TNT,04.12.25,D5,100
204,P.viticola,Downy mildew,P.viticola (Downy mildew),R2,TNT,04.12.25,D5,100
205,P.viticola,Downy mildew,P.viticola (Downy mildew),R2,TNT,04.12.25,D6,100
206,P.viticola,Downy mildew,P.viticola (Downy mildew),R2,TNT,04.12.25,D6,100
207,P.viticola,Downy mildew,P.viticola (Downy mildew),R2,TNT,04.12.25,D6,100
208,P.viticola,Downy mildew,P.viticola (Downy mildew),R2,TNT,04.12.25,D7,100
209,P.viticola,Downy mildew,P.viticola (Downy mildew),R2,TNT,04.12.25,D7,100
210,P.viticola,Downy mildew,P.viticola (Downy mildew),R2,TNT,04.12.25,D7,100
211,P.viticola,Downy mildew,P.viticola (Downy mildew),R2,TNT,04.12.25,D8,100
212,P.viticola,Downy mildew,P.viticola (Downy mildew),R2,TNT,04.12.25,D8,100
213,P.viticola,Downy mildew,P.viticola (Downy mildew),R2,TNT,04.12.25,D8,100
214,P.viticola,Downy mildew,P.viticola (Downy mildew),R2,TNT,04.12.25,D9,100
215,P.viticola,Downy mildew,P.viticola (Downy mildew),R2,TNT,04.12.25,D9,100
216,P.viticola,Downy mildew,P.viticola (Downy mildew),R2,TNT,04.12.25,D9,100
217,P.viticola,Downy mildew,P.viticola (Downy mildew),R2,1.9mM,04.12.25,D1,80
218,P.viticola,Downy mildew,P.viticola (Downy mildew),R2,1.9mM,04.12.25,D1,80
219,P.viticola,Downy mildew,P.viticola (Downy mildew),R2,1.9mM,04.12.25,D1,80
220,P.viticola,Downy mildew,P.viticola (Downy mildew),R2,1.9mM,04.12.25,D2,100
221,P.viticola,Downy mildew,P.viticola (Downy mildew),R2,1.9mM,04.12.25,D2,100
222,P.viticola,Downy mildew,P.viticola (Downy mildew),R2,1.9mM,04.12.25,D2,100
223,P.viticola,Downy mildew,P.viticola (Downy mildew),R2,1.9mM,04.12.25,D3,100
224,P.viticola,Downy mildew,P.viticola (Downy mildew),R2,1.9mM,04.12.25,D3,100
225,P.viticola,Downy mildew,P.viticola (Downy mildew),R2,1.9mM,04.12.25,D3,100
226,P.viticola,Downy mildew,P.viticola (Downy mildew),R2,1.9mM,04.12.25,D4,100
227,P.viticola,Downy mildew,P.viticola (Downy mildew),R2,1.9mM,04.12.25,D4,100
228,P.viticola,Downy mildew,P.viticola (Downy mildew),R2,1.9mM,04.12.25,D4,100
229,P.viticola,Downy mildew,P.viticola (Downy mildew),R2,1.9mM,04.12.25,D5,100
230,P.viticola,Downy mildew,P.viticola (Downy mildew),R2,1.9mM,04.12.25,D5,100
231,P.viticola,Downy mildew,P.viticola (Downy mildew),R2,1.9mM,04.12.25,D5,100
232,P.viticola,Downy mildew,P.viticola (Downy mildew),R2,1.9mM,04.12.25,D6,100
233,P.viticola,Downy mildew,P.viticola (Downy mildew),R2,1.9mM,04.12.25,D6,100
234,P.viticola,Downy mildew,P.viticola (Downy mildew),R2,1.9mM,04.12.25,D6,100
235,P.viticola,Downy mildew,P.viticola (Downy mildew),R2,1.9mM,04.12.25,D7,100
236,P.viticola,Downy mildew,P.viticola (Downy mildew),R2,1.9mM,04.12.25,D7,100
237,P.viticola,Downy mildew,P.viticola (Downy mildew),R2,1.9mM,04.12.25,D7,100
238,P.viticola,Downy mildew,P.viticola (Downy mildew),R2,1.9mM,04.12.25,D8,100
239,P.viticola,Downy mildew,P.viticola (Downy mildew),R2,1.9mM,04.12.25,D8,100
240,P.viticola,Downy mildew,P.viticola (Downy mildew),R2,1.9mM,04.12.25,D8,100
241,P.viticola,Downy mildew,P.viticola (Downy mildew),R2,1.9mM,04.12.25,D9,100
242,P.viticola,Downy mildew,P.viticola (Downy mildew),R2,1.9mM,04.12.25,D9,100
243,P.viticola,Downy mildew,P.viticola (Downy mildew),R2,1.9mM,04.12.25,D9,100
244,P.viticola,Downy mildew,P.viticola (Downy mildew),R2,3.75mM,04.12.25,D1,100
245,P.viticola,Downy mildew,P.viticola (Downy mildew),R2,3.75mM,04.12.25,D1,100
246,P.viticola,Downy mildew,P.viticola (Downy mildew),R2,3.75mM,04.12.25,D1,100
247,P.viticola,Downy mildew,P.viticola (Downy mildew),R2,3.75mM,04.12.25,D2,100
248,P.viticola,Downy mildew,P.viticola (Downy mildew),R2,3.75mM,04.12.25,D2,100
249,P.viticola,Downy mildew,P.viticola (Downy mildew),R2,3.75mM,04.12.25,D2,100
250,P.viticola,Downy mildew,P.viticola (Downy mildew),R2,3.75mM,04.12.25,D3,100
251,P.viticola,Downy mildew,P.viticola (Downy mildew),R2,3.75mM,04.12.25,D3,100
252,P.viticola,Downy mildew,P.viticola (Downy mildew),R2,3.75mM,04.12.25,D3,100
253,P.viticola,Downy mildew,P.viticola (Downy mildew),R2,3.75mM,04.12.25,D4,100
254,P.viticola,Downy mildew,P.viticola (Downy mildew),R2,3.75mM,04.12.25,D4,100
255,P.viticola,Downy mildew,P.viticola (Downy mildew),R2,3.75mM,04.12.25,D4,100
256,P.viticola,Downy mildew,P.viticola (Downy mildew),R2,3.75mM,04.12.25,D5,100
257,P.viticola,Downy mildew,P.viticola (Downy mildew),R2,3.75mM,04.12.25,D5,100
258,P.viticola,Downy mildew,P.viticola (Downy mildew),R2,3.75mM,04.12.25,D5,100
259,P.viticola,Downy mildew,P.viticola (Downy mildew),R2,3.75mM,04.12.25,D6,100
260,P.viticola,Downy mildew,P.viticola (Downy mildew),R2,3.75mM,04.12.25,D6,100
261,P.viticola,Downy mildew,P.viticola (Downy mildew),R2,3.75mM,04.12.25,D6,100
262,P.viticola,Downy mildew,P.viticola (Downy mildew),R2,3.75mM,04.12.25,D7,100
263,P.viticola,Downy mildew,P.viticola (Downy mildew),R2,3.75mM,04.12.25,D7,100
264,P.viticola,Downy mildew,P.viticola (Downy mildew),R2,3.75mM,04.12.25,D7,100
265,P.viticola,Downy mildew,P.viticola (Downy mildew),R2,3.75mM,04.12.25,D8,100
266,P.viticola,Downy mildew,P.viticola (Downy mildew),R2,3.75mM,04.12.25,D8,100
267,P.viticola,Downy mildew,P.viticola (Downy mildew),R2,3.75mM,04.12.25,D8,100
268,P.viticola,Downy mildew,P.viticola (Downy mildew),R2,3.75mM,04.12.25,D9,100
269,P.viticola,Downy mildew,P.viticola (Downy mildew),R2,3.75mM,04.12.25,D9,100
270,P.viticola,Downy mildew,P.viticola (Downy mildew),R2,3.75mM,04.12.25,D9,100
271,P.viticola,Downy mildew,P.viticola (Downy mildew),R2,7.5mM,04.12.25,D1,80
272,P.viticola,Downy mildew,P.viticola (Downy mildew),R2,7.5mM,04.12.25,D1,80
273,P.viticola,Downy mildew,P.viticola (Downy mildew),R2,7.5mM,04.12.25,D1,80
274,P.viticola,Downy mildew,P.viticola (Downy mildew),R2,7.5mM,04.12.25,D2,80
275,P.viticola,Downy mildew,P.viticola (Downy mildew),R2,7.5mM,04.12.25,D2,100
276,P.viticola,Downy mildew,P.viticola (Downy mildew),R2,7.5mM,04.12.25,D2,100
277,P.viticola,Downy mildew,P.viticola (Downy mildew),R2,7.5mM,04.12.25,D3,100
278,P.viticola,Downy mildew,P.viticola (Downy mildew),R2,7.5mM,04.12.25,D3,100
279,P.viticola,Downy mildew,P.viticola (Downy mildew),R2,7.5mM,04.12.25,D3,100
280,P.viticola,Downy mildew,P.viticola (Downy mildew),R2,7.5mM,04.12.25,D4,100
281,P.viticola,Downy mildew,P.viticola (Downy mildew),R2,7.5mM,04.12.25,D4,100
282,P.viticola,Downy mildew,P.viticola (Downy mildew),R2,7.5mM,04.12.25,D4,100
283,P.viticola,Downy mildew,P.viticola (Downy mildew),R2,7.5mM,04.12.25,D5,100
284,P.viticola,Downy mildew,P.viticola (Downy mildew),R2,7.5mM,04.12.25,D5,100
285,P.viticola,Downy mildew,P.viticola (Downy mildew),R2,7.5mM,04.12.25,D5,100
286,P.viticola,Downy mildew,P.viticola (Downy mildew),R2,7.5mM,04.12.25,D6,100
287,P.viticola,Downy mildew,P.viticola (Downy mildew),R2,7.5mM,04.12.25,D6,100
288,P.viticola,Downy mildew,P.viticola (Downy mildew),R2,7.5mM,04.12.25,D6,100
289,P.viticola,Downy mildew,P.viticola (Downy mildew),R2,7.5mM,04.12.25,D7,100
290,P.viticola,Downy mildew,P.viticola (Downy mildew),R2,7.5mM,04.12.25,D7,100
291,P.viticola,Downy mildew,P.viticola (Downy mildew),R2,7.5mM,04.12.25,D7,100
292,P.viticola,Downy mildew,P.viticola (Downy mildew),R2,7.5mM,04.12.25,D8,100
293,P.viticola,Downy mildew,P.viticola (Downy mildew),R2,7.5mM,04.12.25,D8,100
294,P.viticola,Downy mildew,P.viticola (Downy mildew),R2,7.5mM,04.12.25,D8,100
295,P.viticola,Downy mildew,P.viticola (Downy mildew),R2,7.5mM,04.12.25,D9,100
296,P.viticola,Downy mildew,P.viticola (Downy mildew),R2,7.5mM,04.12.25,D9,100
297,P.viticola,Downy mildew,P.viticola (Downy mildew),R2,7.5mM,04.12.25,D9,100
298,P.viticola,Downy mildew,P.viticola (Downy mildew),R2,15mM,04.12.25,D1,80
299,P.viticola,Downy mildew,P.viticola (Downy mildew),R2,15mM,04.12.25,D1,80
300,P.viticola,Downy mildew,P.viticola (Downy mildew),R2,15mM,04.12.25,D1,80
301,P.viticola,Downy mildew,P.viticola (Downy mildew),R2,15mM,04.12.25,D2,80
302,P.viticola,Downy mildew,P.viticola (Downy mildew),R2,15mM,04.12.25,D2,80
303,P.viticola,Downy mildew,P.viticola (Downy mildew),R2,15mM,04.12.25,D2,80
304,P.viticola,Downy mildew,P.viticola (Downy mildew),R2,15mM,04.12.25,D3,100
305,P.viticola,Downy mildew,P.viticola (Downy mildew),R2,15mM,04.12.25,D3,100
306,P.viticola,Downy mildew,P.viticola (Downy mildew),R2,15mM,04.12.25,D3,100
307,P.viticola,Downy mildew,P.viticola (Downy mildew),R2,15mM,04.12.25,D4,100
308,P.viticola,Downy mildew,P.viticola (Downy mildew),R2,15mM,04.12.25,D4,100
309,P.viticola,Downy mildew,P.viticola (Downy mildew),R2,15mM,04.12.25,D4,100
310,P.viticola,Downy mildew,P.viticola (Downy mildew),R2,15mM,04.12.25,D5,100
311,P.viticola,Downy mildew,P.viticola (Downy mildew),R2,15mM,04.12.25,D5,100
312,P.viticola,Downy mildew,P.viticola (Downy mildew),R2,15mM,04.12.25,D5,100
313,P.viticola,Downy mildew,P.viticola (Downy mildew),R2,15mM,04.12.25,D6,100
314,P.viticola,Downy mildew,P.viticola (Downy mildew),R2,15mM,04.12.25,D6,100
315,P.viticola,Downy mildew,P.viticola (Downy mildew),R2,15mM,04.12.25,D6,100
316,P.viticola,Downy mildew,P.viticola (Downy mildew),R2,15mM,04.12.25,D7,100
317,P.viticola,Downy mildew,P.viticola (Downy mildew),R2,15mM,04.12.25,D7,100
318,P.viticola,Downy mildew,P.viticola (Downy mildew),R2,15mM,04.12.25,D7,100
319,P.viticola,Downy mildew,P.viticola (Downy mildew),R2,15mM,04.12.25,D8,100
320,P.viticola,Downy mildew,P.viticola (Downy mildew),R2,15mM,04.12.25,D8,100
321,P.viticola,Downy mildew,P.viticola (Downy mildew),R2,15mM,04.12.25,D8,100
322,P.viticola,Downy mildew,P.viticola (Downy mildew),R2,15mM,04.12.25,D9,100
323,P.viticola,Downy mildew,P.viticola (Downy mildew),R2,15mM,04.12.25,D9,100
324,P.viticola,Downy mildew,P.viticola (Downy mildew),R2,15mM,04.12.25,D9,100
325,P.viticola,Downy mildew,P.viticola (Downy mildew),R2,30mM,04.12.25,D1,70
326,P.viticola,Downy mildew,P.viticola (Downy mildew),R2,30mM,04.12.25,D1,70
327,P.viticola,Downy mildew,P.viticola (Downy mildew),R2,30mM,04.12.25,D1,80
328,P.viticola,Downy mildew,P.viticola (Downy mildew),R2,30mM,04.12.25,D2,80
329,P.viticola,Downy mildew,P.viticola (Downy mildew),R2,30mM,04.12.25,D2,100
330,P.viticola,Downy mildew,P.viticola (Downy mildew),R2,30mM,04.12.25,D2,100
331,P.viticola,Downy mildew,P.viticola (Downy mildew),R2,30mM,04.12.25,D3,100
332,P.viticola,Downy mildew,P.viticola (Downy mildew),R2,30mM,04.12.25,D3,100
333,P.viticola,Downy mildew,P.viticola (Downy mildew),R2,30mM,04.12.25,D3,100
334,P.viticola,Downy mildew,P.viticola (Downy mildew),R2,30mM,04.12.25,D4,100
335,P.viticola,Downy mildew,P.viticola (Downy mildew),R2,30mM,04.12.25,D4,100
336,P.viticola,Downy mildew,P.viticola (Downy mildew),R2,30mM,04.12.25,D4,100
337,P.viticola,Downy mildew,P.viticola (Downy mildew),R2,30mM,04.12.25,D5,100
338,P.viticola,Downy mildew,P.viticola (Downy mildew),R2,30mM,04.12.25,D5,100
339,P.viticola,Downy mildew,P.viticola (Downy mildew),R2,30mM,04.12.25,D5,100
340,P.viticola,Downy mildew,P.viticola (Downy mildew),R2,30mM,04.12.25,D6,100
341,P.viticola,Downy mildew,P.viticola (Downy mildew),R2,30mM,04.12.25,D6,100
342,P.viticola,Downy mildew,P.viticola (Downy mildew),R2,30mM,04.12.25,D6,100
343,P.viticola,Downy mildew,P.viticola (Downy mildew),R2,30mM,04.12.25,D7,100
344,P.viticola,Downy mildew,P.viticola (Downy mildew),R2,30mM,04.12.25,D7,100
345,P.viticola,Downy mildew,P.viticola (Downy mildew),R2,30mM,04.12.25,D7,100
346,P.viticola,Downy mildew,P.viticola (Downy mildew),R2,30mM,04.12.25,D8,100
347,P.viticola,Downy mildew,P.viticola (Downy mildew),R2,30mM,04.12.25,D8,100
348,P.viticola,Downy mildew,P.viticola (Downy mildew),R2,30mM,04.12.25,D8,100
349,P.viticola,Downy mildew,P.viticola (Downy mildew),R2,30mM,04.12.25,D9,100
350,P.viticola,Downy mildew,P.viticola (Downy mildew),R2,30mM,04.12.25,D9,100
351,P.viticola,Downy mildew,P.viticola (Downy mildew),R2,30mM,04.12.25,D9,100
352,P.viticola,Downy mildew,P.viticola (Downy mildew),R2,75mM,04.12.25,D1,70
353,P.viticola,Downy mildew,P.viticola (Downy mildew),R2,75mM,04.12.25,D1,80
354,P.viticola,Downy mildew,P.viticola (Downy mildew),R2,75mM,04.12.25,D1,80
355,P.viticola,Downy mildew,P.viticola (Downy mildew),R2,75mM,04.12.25,D2,100
356,P.viticola,Downy mildew,P.viticola (Downy mildew),R2,75mM,04.12.25,D2,100
357,P.viticola,Downy mildew,P.viticola (Downy mildew),R2,75mM,04.12.25,D2,100
358,P.viticola,Downy mildew,P.viticola (Downy mildew),R2,75mM,04.12.25,D3,100
359,P.viticola,Downy mildew,P.viticola (Downy mildew),R2,75mM,04.12.25,D3,100
360,P.viticola,Downy mildew,P.viticola (Downy mildew),R2,75mM,04.12.25,D3,100
361,P.viticola,Downy mildew,P.viticola (Downy mildew),R2,75mM,04.12.25,D4,100
362,P.viticola,Downy mildew,P.viticola (Downy mildew),R2,75mM,04.12.25,D4,100
363,P.viticola,Downy mildew,P.viticola (Downy mildew),R2,75mM,04.12.25,D4,100
364,P.viticola,Downy mildew,P.viticola (Downy mildew),R2,75mM,04.12.25,D5,100
365,P.viticola,Downy mildew,P.viticola (Downy mildew),R2,75mM,04.12.25,D5,100
366,P.viticola,Downy mildew,P.viticola (Downy mildew),R2,75mM,04.12.25,D5,100
367,P.viticola,Downy mildew,P.viticola (Downy mildew),R2,75mM,04.12.25,D6,100
368,P.viticola,Downy mildew,P.viticola (Downy mildew),R2,75mM,04.12.25,D6,100
369,P.viticola,Downy mildew,P.viticola (Downy mildew),R2,75mM,04.12.25,D6,100
370,P.viticola,Downy mildew,P.viticola (Downy mildew),R2,75mM,04.12.25,D7,100
371,P.viticola,Downy mildew,P.viticola (Downy mildew),R2,75mM,04.12.25,D7,100
372,P.viticola,Downy mildew,P.viticola (Downy mildew),R2,75mM,04.12.25,D7,100
373,P.viticola,Downy mildew,P.viticola (Downy mildew),R2,75mM,04.12.25,D8,100
374,P.viticola,Downy mildew,P.viticola (Downy mildew),R2,75mM,04.12.25,D8,100
375,P.viticola,Downy mildew,P.viticola (Downy mildew),R2,75mM,04.12.25,D8,100
376,P.viticola,Downy mildew,P.viticola (Downy mildew),R2,75mM,04.12.25,D9,100
377,P.viticola,Downy mildew,P.viticola (Downy mildew),R2,75mM,04.12.25,D9,100
378,P.viticola,Downy mildew,P.viticola (Downy mildew),R2,75mM,04.12.25,D9,100
379,E.necator,Powdery mildew,E.necator (Powdery mildew),R1,TNT,05.12.25,D1,90
380,E.necator,Powdery mildew,E.necator (Powdery mildew),R1,TNT,05.12.25,D2,85
381,E.necator,Powdery mildew,E.necator (Powdery mildew),R1,TNT,05.12.25,D3,85
382,E.necator,Powdery mildew,E.necator (Powdery mildew),R1,TNT,05.12.25,D4,95
383,E.necator,Powdery mildew,E.necator (Powdery mildew),R1,TNT,05.12.25,D5,80
384,E.necator,Powdery mildew,E.necator (Powdery mildew),R1,TNT,05.12.25,D6,70
385,E.necator,Powdery mildew,E.necator (Powdery mildew),R1,TNT,05.12.25,D7,70
386,E.necator,Powdery mildew,E.necator (Powdery mildew),R1,TNT,05.12.25,D8,
387,E.necator,Powdery mildew,E.necator (Powdery mildew),R1,TNT,05.12.25,D9,
388,E.necator,Powdery mildew,E.necator (Powdery mildew),R1,1.9mM,05.12.25,D1,100
389,E.necator,Powdery mildew,E.necator (Powdery mildew),R1,1.9mM,05.12.25,D2,100
390,E.necator,Powdery mildew,E.necator (Powdery mildew),R1,1.9mM,05.12.25,D3,40
391,E.necator,Powdery mildew,E.necator (Powdery mildew),R1,1.9mM,05.12.25,D4,90
392,E.necator,Powdery mildew,E.necator (Powdery mildew),R1,1.9mM,05.12.25,D5,40
393,E.necator,Powdery mildew,E.necator (Powdery mildew),R1,1.9mM,05.12.25,D6,80
394,E.necator,Powdery mildew,E.necator (Powdery mildew),R1,1.9mM,05.12.25,D7,100
395,E.necator,Powdery mildew,E.necator (Powdery mildew),R1,1.9mM,05.12.25,D8,100
396,E.necator,Powdery mildew,E.necator (Powdery mildew),R1,1.9mM,05.12.25,D9,90
397,E.necator,Powdery mildew,E.necator (Powdery mildew),R1,3.75mM,05.12.25,D1,70
398,E.necator,Powdery mildew,E.necator (Powdery mildew),R1,3.75mM,05.12.25,D2,75
399,E.necator,Powdery mildew,E.necator (Powdery mildew),R1,3.75mM,05.12.25,D3,80
400,E.necator,Powdery mildew,E.necator (Powdery mildew),R1,3.75mM,05.12.25,D4,80
401,E.necator,Powdery mildew,E.necator (Powdery mildew),R1,3.75mM,05.12.25,D5,85
402,E.necator,Powdery mildew,E.necator (Powdery mildew),R1,3.75mM,05.12.25,D6,80
403,E.necator,Powdery mildew,E.necator (Powdery mildew),R1,3.75mM,05.12.25,D7,50
404,E.necator,Powdery mildew,E.necator (Powdery mildew),R1,3.75mM,05.12.25,D8,75
405,E.necator,Powdery mildew,E.necator (Powdery mildew),R1,3.75mM,05.12.25,D9,
406,E.necator,Powdery mildew,E.necator (Powdery mildew),R1,7.5mM,05.12.25,D1,60
407,E.necator,Powdery mildew,E.necator (Powdery mildew),R1,7.5mM,05.12.25,D2,30
408,E.necator,Powdery mildew,E.necator (Powdery mildew),R1,7.5mM,05.12.25,D3,85
409,E.necator,Powdery mildew,E.necator (Powdery mildew),R1,7.5mM,05.12.25,D4,80
410,E.necator,Powdery mildew,E.necator (Powdery mildew),R1,7.5mM,05.12.25,D5,70
411,E.necator,Powdery mildew,E.necator (Powdery mildew),R1,7.5mM,05.12.25,D6,50
412,E.necator,Powdery mildew,E.necator (Powdery mildew),R1,7.5mM,05.12.25,D7,50
413,E.necator,Powdery mildew,E.necator (Powdery mildew),R1,7.5mM,05.12.25,D8,
414,E.necator,Powdery mildew,E.necator (Powdery mildew),R1,7.5mM,05.12.25,D9,
415,E.necator,Powdery mildew,E.necator (Powdery mildew),R1,15mM,05.12.25,D1,100
416,E.necator,Powdery mildew,E.necator (Powdery mildew),R1,15mM,05.12.25,D2,80
417,E.necator,Powdery mildew,E.necator (Powdery mildew),R1,15mM,05.12.25,D3,80
418,E.necator,Powdery mildew,E.necator (Powdery mildew),R1,15mM,05.12.25,D4,90
419,E.necator,Powdery mildew,E.necator (Powdery mildew),R1,15mM,05.12.25,D5,90
420,E.necator,Powdery mildew,E.necator (Powdery mildew),R1,15mM,05.12.25,D6,70
421,E.necator,Powdery mildew,E.necator (Powdery mildew),R1,15mM,05.12.25,D7,85
422,E.necator,Powdery mildew,E.necator (Powdery mildew),R1,15mM,05.12.25,D8,
423,E.necator,Powdery mildew,E.necator (Powdery mildew),R1,15mM,05.12.25,D9,
424,E.necator,Powdery mildew,E.necator (Powdery mildew),R1,30mM,05.12.25,D1,70
425,E.necator,Powdery mildew,E.necator (Powdery mildew),R1,30mM,05.12.25,D2,100
426,E.necator,Powdery mildew,E.necator (Powdery mildew),R1,30mM,05.12.25,D3,50
427,E.necator,Powdery mildew,E.necator (Powdery mildew),R1,30mM,05.12.25,D4,100
428,E.necator,Powdery mildew,E.necator (Powdery mildew),R1,30mM,05.12.25,D5,80
429,E.necator,Powdery mildew,E.necator (Powdery mildew),R1,30mM,05.12.25,D6,85
430,E.necator,Powdery mildew,E.necator (Powdery mildew),R1,30mM,05.12.25,D7,100
431,E.necator,Powdery mildew,E.necator (Powdery mildew),R1,30mM,05.12.25,D8,90
432,E.necator,Powdery mildew,E.necator (Powdery mildew),R1,30mM,05.12.25,D9,
433,E.necator,Powdery mildew,E.necator (Powdery mildew),R1,75mM,05.12.25,D1,100
434,E.necator,Powdery mildew,E.necator (Powdery mildew),R1,75mM,05.12.25,D2,30
435,E.necator,Powdery mildew,E.necator (Powdery mildew),R1,75mM,05.12.25,D3,80
436,E.necator,Powdery mildew,E.necator (Powdery mildew),R1,75mM,05.12.25,D4,25
437,E.necator,Powdery mildew,E.necator (Powdery mildew),R1,75mM,05.12.25,D5,85
438,E.necator,Powdery mildew,E.necator (Powdery mildew),R1,75mM,05.12.25,D6,40
439,E.necator,Powdery mildew,E.necator (Powdery mildew),R1,75mM,05.12.25,D7,65
440,E.necator,Powdery mildew,E.necator (Powdery mildew),R1,75mM,05.12.25,D8,90
441,E.necator,Powdery mildew,E.necator (Powdery mildew),R1,75mM,05.12.25,D9,
442,E.necator,Powdery mildew,E.necator (Powdery mildew),R2,TNT,05.12.25,D1,50
443,E.necator,Powdery mildew,E.necator (Powdery mildew),R2,TNT,05.12.25,D2,80
444,E.necator,Powdery mildew,E.necator (Powdery mildew),R2,TNT,05.12.25,D3,85
445,E.necator,Powdery mildew,E.necator (Powdery mildew),R2,TNT,05.12.25,D4,100
446,E.necator,Powdery mildew,E.necator (Powdery mildew),R2,TNT,05.12.25,D5,50
447,E.necator,Powdery mildew,E.necator (Powdery mildew),R2,TNT,05.12.25,D6,80
448,E.necator,Powdery mildew,E.necator (Powdery mildew),R2,TNT,05.12.25,D7,100
449,E.necator,Powdery mildew,E.necator (Powdery mildew),R2,TNT,05.12.25,D8,85
450,E.necator,Powdery mildew,E.necator (Powdery mildew),R2,TNT,05.12.25,D9,70
451,E.necator,Powdery mildew,E.necator (Powdery mildew),R2,1.9mM,05.12.25,D1,50
452,E.necator,Powdery mildew,E.necator (Powdery mildew),R2,1.9mM,05.12.25,D2,80
453,E.necator,Powdery mildew,E.necator (Powdery mildew),R2,1.9mM,05.12.25,D3,90
454,E.necator,Powdery mildew,E.necator (Powdery mildew),R2,1.9mM,05.12.25,D4,100
455,E.necator,Powdery mildew,E.necator (Powdery mildew),R2,1.9mM,05.12.25,D5,40
456,E.necator,Powdery mildew,E.necator (Powdery mildew),R2,1.9mM,05.12.25,D6,50
457,E.necator,Powdery mildew,E.necator (Powdery mildew),R2,1.9mM,05.12.25,D7,80
458,E.necator,Powdery mildew,E.necator (Powdery mildew),R2,1.9mM,05.12.25,D8,95
459,E.necator,Powdery mildew,E.necator (Powdery mildew),R2,1.9mM,05.12.25,D9,
460,E.necator,Powdery mildew,E.necator (Powdery mildew),R2,3.75mM,05.12.25,D1,50
461,E.necator,Powdery mildew,E.necator (Powdery mildew),R2,3.75mM,05.12.25,D2,80
462,E.necator,Powdery mildew,E.necator (Powdery mildew),R2,3.75mM,05.12.25,D3,85
463,E.necator,Powdery mildew,E.necator (Powdery mildew),R2,3.75mM,05.12.25,D4,100
464,E.necator,Powdery mildew,E.necator (Powdery mildew),R2,3.75mM,05.12.25,D5,20
465,E.necator,Powdery mildew,E.necator (Powdery mildew),R2,3.75mM,05.12.25,D6,80
466,E.necator,Powdery mildew,E.necator (Powdery mildew),R2,3.75mM,05.12.25,D7,100
467,E.necator,Powdery mildew,E.necator (Powdery mildew),R2,3.75mM,05.12.25,D8,85
468,E.necator,Powdery mildew,E.necator (Powdery mildew),R2,3.75mM,05.12.25,D9,70
469,E.necator,Powdery mildew,E.necator (Powdery mildew),R2,7.5mM,05.12.25,D1,80
470,E.necator,Powdery mildew,E.necator (Powdery mildew),R2,7.5mM,05.12.25,D2,70
471,E.necator,Powdery mildew,E.necator (Powdery mildew),R2,7.5mM,05.12.25,D3,30
472,E.necator,Powdery mildew,E.necator (Powdery mildew),R2,7.5mM,05.12.25,D4,30
473,E.necator,Powdery mildew,E.necator (Powdery mildew),R2,7.5mM,05.12.25,D5,65
474,E.necator,Powdery mildew,E.necator (Powdery mildew),R2,7.5mM,05.12.25,D6,100
475,E.necator,Powdery mildew,E.necator (Powdery mildew),R2,7.5mM,05.12.25,D7,100
476,E.necator,Powdery mildew,E.necator (Powdery mildew),R2,7.5mM,05.12.25,D8,80
477,E.necator,Powdery mildew,E.necator (Powdery mildew),R2,7.5mM,05.12.25,D9,50
478,E.necator,Powdery mildew,E.necator (Powdery mildew),R2,15mM,05.12.25,D1,80
479,E.necator,Powdery mildew,E.necator (Powdery mildew),R2,15mM,05.12.25,D2,10
480,E.necator,Powdery mildew,E.necator (Powdery mildew),R2,15mM,05.12.25,D3,40
481,E.necator,Powdery mildew,E.necator (Powdery mildew),R2,15mM,05.12.25,D4,30
482,E.necator,Powdery mildew,E.necator (Powdery mildew),R2,15mM,05.12.25,D5,70
483,E.necator,Powdery mildew,E.necator (Powdery mildew),R2,15mM,05.12.25,D6,70
484,E.necator,Powdery mildew,E.necator (Powdery mildew),R2,15mM,05.12.25,D7,60
485,E.necator,Powdery mildew,E.necator (Powdery mildew),R2,15mM,05.12.25,D8,50
486,E.necator,Powdery mildew,E.necator (Powdery mildew),R2,15mM,05.12.25,D9,40
487,E.necator,Powdery mildew,E.necator (Powdery mildew),R2,30mM,05.12.25,D1,20
488,E.necator,Powdery mildew,E.necator (Powdery mildew),R2,30mM,05.12.25,D2,90
489,E.necator,Powdery mildew,E.necator (Powdery mildew),R2,30mM,05.12.25,D3,20
490,E.necator,Powdery mildew,E.necator (Powdery mildew),R2,30mM,05.12.25,D4,30
491,E.necator,Powdery mildew,E.necator (Powdery mildew),R2,30mM,05.12.25,D5,50
492,E.necator,Powdery mildew,E.necator (Powdery mildew),R2,30mM,05.12.25,D6,40
493,E.necator,Powdery mildew,E.necator (Powdery mildew),R2,30mM,05.12.25,D7,40
494,E.necator,Powdery mildew,E.necator (Powdery mildew),R2,30mM,05.12.25,D8,20
495,E.necator,Powdery mildew,E.necator (Powdery mildew),R2,30mM,05.12.25,D9,60
496,E.necator,Powdery mildew,E.necator (Powdery mildew),R2,75mM,05.12.25,D1,20
497,E.necator,Powdery mildew,E.necator (Powdery mildew),R2,75mM,05.12.25,D2,60
498,E.necator,Powdery mildew,E.necator (Powdery mildew),R2,75mM,05.12.25,D3,30
499,E.necator,Powdery mildew,E.necator (Powdery mildew),R2,75mM,05.12.25,D4,35
500,E.necator,Powdery mildew,E.necator (Powdery mildew),R2,75mM,05.12.25,D5,35
501,E.necator,Powdery mildew,E.necator (Powdery mildew),R2,75mM,05.12.25,D6,20
502,E.necator,Powdery mildew,E.necator (Powdery mildew),R2,75mM,05.12.25,D7,50
503,E.necator,Powdery mildew,E.necator (Powdery mildew),R2,75mM,05.12.25,D8,85
504,E.necator,Powdery mildew,E.necator (Powdery mildew),R2,75mM,05.12.25,D9,10
505,E.necator,Powdery mildew,E.necator (Powdery mildew),R3,TNT,30.01.26,D1,100
506,E.necator,Powdery mildew,E.necator (Powdery mildew),R3,TNT,30.01.26,D2,100
507,E.necator,Powdery mildew,E.necator (Powdery mildew),R3,TNT,30.01.26,D3,100
508,E.necator,Powdery mildew,E.necator (Powdery mildew),R3,TNT,30.01.26,D4,100
509,E.necator,Powdery mildew,E.necator (Powdery mildew),R3,TNT,30.01.26,D5,80
510,E.necator,Powdery mildew,E.necator (Powdery mildew),R3,TNT,30.01.26,D6,40
511,E.necator,Powdery mildew,E.necator (Powdery mildew),R3,TNT,30.01.26,D7,60
512,E.necator,Powdery mildew,E.necator (Powdery mildew),R3,TNT,30.01.26,D8,65
513,E.necator,Powdery mildew,E.necator (Powdery mildew),R3,TNT,30.01.26,D9,65
514,E.necator,Powdery mildew,E.necator (Powdery mildew),R3,1.9mM,30.01.26,D1,85
515,E.necator,Powdery mildew,E.necator (Powdery mildew),R3,1.9mM,30.01.26,D2,100
516,E.necator,Powdery mildew,E.necator (Powdery mildew),R3,1.9mM,30.01.26,D3,100
517,E.necator,Powdery mildew,E.necator (Powdery mildew),R3,1.9mM,30.01.26,D4,85
518,E.necator,Powdery mildew,E.necator (Powdery mildew),R3,1.9mM,30.01.26,D5,60
519,E.necator,Powdery mildew,E.necator (Powdery mildew),R3,1.9mM,30.01.26,D6,100
520,E.necator,Powdery mildew,E.necator (Powdery mildew),R3,1.9mM,30.01.26,D7,75
521,E.necator,Powdery mildew,E.necator (Powdery mildew),R3,1.9mM,30.01.26,D8,100
522,E.necator,Powdery mildew,E.necator (Powdery mildew),R3,1.9mM,30.01.26,D9,70
523,E.necator,Powdery mildew,E.necator (Powdery mildew),R3,3.75mM,30.01.26,D1,30
524,E.necator,Powdery mildew,E.necator (Powdery mildew),R3,3.75mM,30.01.26,D2,85
525,E.necator,Powdery mildew,E.necator (Powdery mildew),R3,3.75mM,30.01.26,D3,70
526,E.necator,Powdery mildew,E.necator (Powdery mildew),R3,3.75mM,30.01.26,D4,75
527,E.necator,Powdery mildew,E.necator (Powdery mildew),R3,3.75mM,30.01.26,D5,70
528,E.necator,Powdery mildew,E.necator (Powdery mildew),R3,3.75mM,30.01.26,D6,40
529,E.necator,Powdery mildew,E.necator (Powdery mildew),R3,3.75mM,30.01.26,D7,85
530,E.necator,Powdery mildew,E.necator (Powdery mildew),R3,3.75mM,30.01.26,D8,80
531,E.necator,Powdery mildew,E.necator (Powdery mildew),R3,3.75mM,30.01.26,D9,80
532,E.necator,Powdery mildew,E.necator (Powdery mildew),R3,7.5mM,30.01.26,D1,85
533,E.necator,Powdery mildew,E.necator (Powdery mildew),R3,7.5mM,30.01.26,D2,80
534,E.necator,Powdery mildew,E.necator (Powdery mildew),R3,7.5mM,30.01.26,D3,60
535,E.necator,Powdery mildew,E.necator (Powdery mildew),R3,7.5mM,30.01.26,D4,45
536,E.necator,Powdery mildew,E.necator (Powdery mildew),R3,7.5mM,30.01.26,D5,65
537,E.necator,Powdery mildew,E.necator (Powdery mildew),R3,7.5mM,30.01.26,D6,75
538,E.necator,Powdery mildew,E.necator (Powdery mildew),R3,7.5mM,30.01.26,D7,70
539,E.necator,Powdery mildew,E.necator (Powdery mildew),R3,7.5mM,30.01.26,D8,80
540,E.necator,Powdery mildew,E.necator (Powdery mildew),R3,7.5mM,30.01.26,D9,60
541,E.necator,Powdery mildew,E.necator (Powdery mildew),R3,15mM,30.01.26,D1,80
542,E.necator,Powdery mildew,E.necator (Powdery mildew),R3,15mM,30.01.26,D2,50
543,E.necator,Powdery mildew,E.necator (Powdery mildew),R3,15mM,30.01.26,D3,65
544,E.necator,Powdery mildew,E.necator (Powdery mildew),R3,15mM,30.01.26,D4,85
545,E.necator,Powdery mildew,E.necator (Powdery mildew),R3,15mM,30.01.26,D5,65
546,E.necator,Powdery mildew,E.necator (Powdery mildew),R3,15mM,30.01.26,D6,70
547,E.necator,Powdery mildew,E.necator (Powdery mildew),R3,15mM,30.01.26,D7,40
548,E.necator,Powdery mildew,E.necator (Powdery mildew),R3,15mM,30.01.26,D8,70
549,E.necator,Powdery mildew,E.necator (Powdery mildew),R3,15mM,30.01.26,D9,50
550,E.necator,Powdery mildew,E.necator (Powdery mildew),R3,30mM,30.01.26,D1,40
551,E.necator,Powdery mildew,E.necator (Powdery mildew),R3,30mM,30.01.26,D2,45
552,E.necator,Powdery mildew,E.necator (Powdery mildew),R3,30mM,30.01.26,D3,80
553,E.necator,Powdery mildew,E.necator (Powdery mildew),R3,30mM,30.01.26,D4,80
554,E.necator,Powdery mildew,E.necator (Powdery mildew),R3,30mM,30.01.26,D5,70
555,E.necator,Powdery mildew,E.necator (Powdery mildew),R3,30mM,30.01.26,D6,100
556,E.necator,Powdery mildew,E.necator (Powdery mildew),R3,30mM,30.01.26,D7,10
557,E.necator,Powdery mildew,E.necator (Powdery mildew),R3,30mM,30.01.26,D8,10
558,E.necator,Powdery mildew,E.necator (Powdery mildew),R3,30mM,30.01.26,D9,75
559,E.necator,Powdery mildew,E.necator (Powdery mildew),R3,75mM,30.01.26,D1,70
560,E.necator,Powdery mildew,E.necator (Powdery mildew),R3,75mM,30.01.26,D2,80
561,E.necator,Powdery mildew,E.necator (Powdery mildew),R3,75mM,30.01.26,D3,75
562,E.necator,Powdery mildew,E.necator (Powdery mildew),R3,75mM,30.01.26,D4,40
563,E.necator,Powdery mildew,E.necator (Powdery mildew),R3,75mM,30.01.26,D5,60
564,E.necator,Powdery mildew,E.necator (Powdery mildew),R3,75mM,30.01.26,D6,20
565,E.necator,Powdery mildew,E.necator (Powdery mildew),R3,75mM,30.01.26,D7,20
566,E.necator,Powdery mildew,E.necator (Powdery mildew),R3,75mM,30.01.26,D8,50
567,E.necator,Powdery mildew,E.necator (Powdery mildew),R3,75mM,30.01.26,D9,30