,Compounds,QC1,QC2,QC3,Exsudat.Arabido.A1,Exsudat.Arabido.A2,Exsudat.Arabido.A3,Exsudat.Arabido.A4,Exsudat.Arabido.A5,Exsudat.MicroTom.T1,Exsudat.MicroTom.T2,Exsudat.MicroTom.T3,Exsudat.MicroTom.T4,Exsudat.MicroTom.T5,Exsudat.Lotus.japonicus.L1,Exsudat.Lotus.japonicus.L2,Exsudat.Lotus.japonicus.L3,Exsudat.Lotus.japonicus.L4,Exsudat.Lotus.japonicus.L5,Controle.sans.plante.C1,Controle.sans.plante.C2,Controle.sans.plante.C3,Pool.exsudat
1,Borate$3tms!0980.8/221_MA,408.5209248,471.240032,441.8369191,0,0,0,338.3186772,0,992.6362387,534.2583756,1246.501372,774.8958744,1056.104598,1242.488892,497.2784243,493.9822251,791.4371272,561.4884944,430.6104826,596.8665046,303.2963653,0
2,Glycolate!1084.9/147_OA,12.91035684,17.23775916,17.06793759,16.38439212,0,11.71043088,15.71689743,12.39217245,0,0,0,18.35715822,23.34769151,0,0,0,0,0,0,0,0,0
3,Oxalate!1138.5/147_OA,5.127024731,7.677857545,7.866225156,20.50606663,4.248814835,6.950364549,1.946379201,5.963803301,4.932904476,4.409375579,2.87840339,7.394357204,7.533427311,11.79457318,1.510535586,1.641844086,3.365221475,5.974446639,0.088638196,0,0,0
4,Ethanolamine$3tms!1272.5/174_OTHER,5.7483926,5.666402379,5.486106203,2.289519579,11.56189447,4.080991641,7.397160124,4.278321881,6.931768676,3.462185192,8.724755612,5.629608216,19.43532758,6.927332854,1.011043158,0.898163054,3.381387925,7.982368008,0,0,0.252560423,6.114794061
5,Phosphate!1274.7/299_PHOSPHO,365.4472605,292.90152,303.5135689,270.8889287,220.6548962,203.5668611,140.8708632,429.3140044,144.046129,269.1403751,30.81477577,53.00340344,163.9519979,127.7950831,101.1452657,118.0524187,331.9371649,864.2771468,83.39385016,147.9114339,57.94096578,474.1644149
6,Glycerol!1280.7/205_OTHER,30.04682716,28.66371005,28.62099994,15.62011569,10.27244125,15.79479854,18.48759355,22.55166506,22.74197349,18.92732681,45.06698907,27.75523553,65.56737173,60.78556335,18.11135132,21.74648389,44.98128985,62.83293683,3.040710715,4.367262302,3.089152705,34.20132885
7,Isoleucine$2tms!1300.3/158_AA,0,0.103459693,0.271637289,0,2.56444539,0.066080538,0,0.07150822,0,0,0,0,2.276012468,0,0,0,0,0,0,0,0,0
8,Nicotinate!1299.8/180_OA,3.025583884,3.028848109,3.418676167,6.710058119,3.529700779,5.291800368,5.391229134,5.937720253,3.386964248,2.051308787,0,1.156376765,3.339549666,0.955269781,1.094003644,0.863928024,1.501734877,1.282998443,0,0,0,3.155439308
9,Succinate!1320.9/247_OA,1.453057687,1.033195546,1.214965858,0.695928309,0.410802224,0.4135494,2.465345846,0.218785318,0.23476914,0,3.067917369,0.665199922,1.452254964,1.956476217,0.308350051,0.090853056,0.24957617,0.974482075,0,0,0,0.836662648
10,Glycerate!1337.5/292_OA,1.019813927,0.997633088,1.27245047,1.2359543,0.313708132,0.604755843,2.150838338,0.683782706,0,0,0,0.101105692,0.999620841,4.342346769,0.727617105,0.39903992,1.717510573,1.517516721,0,0,0,0.194928761
11,Porphine!1339/184_OTHER,2.77648182,2.31014641,1.917624949,1.497505979,1.146064304,1.005079264,1.155630635,1.796835635,3.112693842,2.067995558,1.91831761,2.163575963,2.503333324,1.909322834,1.279868951,0.943748933,3.301085493,3.378346252,0,0,0,1.110346264
12,Uracil!1343.0/241_OTHER,0,0.555700166,0.85303123,0,0,0,0,0,0.65768685,0,0,0.093766412,1.700670038,0.861046403,0.898436304,0.418144868,1.54923352,2.248382244,0,0,0,2.994611416
13,Alanine$3tms!1366.6/188_AA,1.95903348,3.40154445,4.743557606,0.0650972,0.067115504,0.216001358,49.25458435,0,0.110214345,0.292683546,0.749297691,0.335239465,1.703753434,1.764616462,0,0,0.136482232,3.444718376,0,0,0,3.616959566
14,Malate!1483.7/133_OA,1.993740839,1.77358494,1.788196325,0.835534913,0.626889352,1.007866352,0.451560413,0.676654998,0,0,0.258504206,1.301791346,0.742644428,3.278614519,2.715852571,4.357146969,4.019828559,1.597942995,0,0,0,1.499511218
15,Threitol!1496/217_OTHER,0.649277627,0.762385165,0.816795922,1.037606921,0,0,1.550624787,0,0,0,0,0,0,5.010549255,1.192789882,1.098936333,1.263170547,1.608505612,0,0,0,0
16,Aspartate$3tms!1515.6/232_AA,2.344666179,2.512063477,2.665156183,1.036142978,1.83975892,2.052590408,1.256550103,1.872103984,0,0.403885398,0.530981313,2.039713655,1.025768931,0,1.4155529,1.191715283,1.181464234,1.100546276,0,0,0.40185983,0
17,Glutamate$pyro!1518.7/156_AA,43.3275063,35.77781648,35.8828936,16.64208039,17.87752167,19.36936736,55.19866943,16.18984075,0,0,0,14.97347279,21.04513907,20.02495307,0,0,0,26.24756837,0,0,0,32.05482854
18,GABA$3tms!1528.6/174_AA,12.77979757,11.98356016,12.32232307,5.694073208,6.61950775,7.384612762,8.265560843,7.027924842,1.319365391,0.696085175,9.161559357,7.024434102,3.103340587,55.55893522,14.00802761,19.54435565,20.4355512,17.48351379,0,0,0.691146409,13.73069536
19,Erythronate!1542.0/292_OA,1.006822611,1.309937547,1.530798224,1.798039093,0.080317968,0.989179709,3.218573116,1.003357016,0,0,0,0,0.742007216,1.324006446,0,0,0,0.223688258,0,0,0,0.838738051
20,Threonate!1556.8/292_OA,1.543386051,1.515703052,1.487142282,0.348866867,0,0,0.375879728,0,0,0,1.156740988,0.908471098,0.355462821,12.81867317,2.104262626,1.543883758,5.805050336,2.06591013,0,0,0,0.992952688
21,3-Hydroxy-3-methylglutarate!1604.8/247_OA,0,0.189052708,0.086786172,0,0,0,0,0,0,0,0,0,0,3.133794836,0.280681562,0.18821687,1.214474568,0,0,0,0,0
22,pentofuranose$1613.8/217!1613.8/217_SUG,1.925035668,2.211606925,1.307806762,1.958278207,0.610189283,0.640500036,1.551757815,0.874030908,1.766327017,1.047972265,3.099678506,2.09728546,3.629453431,5.676311463,1.794711139,1.843900559,3.740486438,4.874863574,0,0,0,2.524113768
23,Xylose$Meox1!1653.5/307_SUG,0.199475344,0.396707631,0.365897913,1.036703607,0.21950279,0.688351901,2.802100995,1.015802149,0,0,0,0,0,0.805362062,0,0,0.118240863,0,0,0,0,0
24,Arabinose!1666.5/307_SUG,7.216285682,7.571259179,7.575201584,2.742212627,1.793116196,2.049238813,8.564097389,2.406561371,2.829526186,3.069119582,1.745161615,2.476220502,2.41617926,27.53733432,15.36788244,13.40370124,26.87103771,12.77116139,0,0,0,6.738963033
25,Ribose!1683.7/307_SUG,4.919676378,5.319695901,5.236997916,4.139679591,0.653378985,1.815824819,13.68302844,2.085473477,2.168245458,0.647482458,6.170800388,4.948983831,3.592632272,27.62494095,3.8667452,3.80444346,6.724572715,4.955702903,0,0,0,5.002313982
26,anhydroglucose!1707.8/204_SUG,1.200077867,0.722561689,0.831999233,0,0.574491044,0.543553941,1.272982256,0.633430846,0,0,1.433096269,0.556555848,0.327919826,4.568489726,0.597449005,0.731039934,3.430511727,1.159708856,0,0,0,1.200166041
27,2-(N-morpholino)ethanesulfonic!1722.0/100_OTHER,14.78710248,12.00688449,8.677966808,0,42.41278493,296.9507605,0,9.35017738,11.31320984,6.231556891,0,0,0,0,10.29902916,12.33894517,0,12.44532562,0,0,6.915263309,0
28,Glycerol-3-P!1765.0/299_PHOSPHO,0.952115401,1.166647851,1.133440223,0,0.284328361,0,0.891949469,0.071258657,1.383490409,0.692038296,3.940904537,3.605145631,8.422129526,0,0.088533234,0.653948355,0.241965235,1.675470894,0,0,0,1.257595556
29,Pentonate$2!1773.5/292_OA,0.961807562,0.99272456,1.027434397,1.195721875,0,0,1.777742557,0.070469947,0.982205839,0,3.949802914,3.091836063,1.478346614,8.580268788,0.095635352,0.370717022,1.139077717,0.494492709,0,0,0,0.407009439
30,Pentonate-3!1777.8/292_OA,1.080593371,1.112938963,1.149697995,2.612322308,0.71653921,1.073204797,3.794594062,1.315685679,0,0,0.788930826,0.646605389,0.756019046,2.066657214,0,0,0,0.108808716,0,0,0,0.198585881
31,Viburnitol!1794.6/217_OTHER,3.751187792,3.150024648,3.255474199,3.205075832,3.13781863,2.275169072,3.206602924,1.016889724,2.19438007,1.66678686,6.275660021,4.201458719,3.582631868,10.11075355,1.995879316,1.769713948,3.09470461,3.432902737,0,0,2.068461664,2.454913711
32,Azelaicacid!1799.4/317_OA,2.611580185,1.317779863,0.987834564,1.696500812,0.920854869,0.917840557,1.145434715,0.681769076,1.454332658,0.964725337,1.610505472,1.830652804,3.404408269,1.237650803,0.490870489,0.514043588,0.796184576,1.213237627,0,0,0.377641695,1.226836615
33,Citrate!1819.8/273_OA,8.707489298,8.021598772,7.949896134,3.715532916,3.750116166,2.452787828,0,1.72230077,0,0,0,3.439825761,0,49.4118182,22.99268075,18.28909682,35.09058741,14.21395864,0,0,0,6.853606346
34,S-(5'-Adenosyl)-L-methionine$1!1819.3/160_OTHER,4.066983463,4.289653263,6.909494972,19.91035625,4.815195013,7.971998946,25.72115088,8.485020247,0,0,0,0,0,0,0,0,0,0,0,0,0,4.235106547
35,Pinitol!1828.6/318_OTHER,6.861106787,4.814637585,5.219025177,4.468801458,3.559659397,0,3.811534797,0,0,0,0,3.268206876,0,54.79285345,4.66328723,4.207292024,6.175480905,7.844666976,0,0,0,6.397467715
36,Quinate!1857.9/345_OA,0,0,0,0,0,0,0,0,0,0,9.171244142,7.163638063,0,7.921714538,0,0,0,0,0,0,0,0
37,Adenine-1!1867.7/264_OTHER,48.33858342,50.28667461,49.84828591,0,47.2103115,49.1574058,16.78627362,0,0,0,0.575146002,0.592609423,0.105424694,2.65952333,0.379796621,0.373446267,0,0.503284041,0,0,0.329903779,49.67061459
38,Inositol-1!1894.5/318_OTHER,2.236231503,2.189420781,2.091035503,0,0.170975217,0,5.41392762,0,2.661087507,1.110067794,4.029618788,2.362959536,1.67804837,9.902672511,1.17762719,1.2311562,2.648443914,3.042986651,0,0,0,1.975191451
39,Mannitol!1930.6/307_OTHER,8.267437576,10.45470034,10.74882207,35.36723628,2.313176481,8.925000476,4.118584569,9.337295699,0,0,0,0,0,1.706909815,0,0,0,0,0,0,0,4.687661374
40,Glucaricacidlactone!1944.7/217_OA,8.667993228,4.678634526,4.043695047,17.02753884,5.851873339,8.205620537,11.07382226,8.717783701,0,0,0.972987067,0.102919232,0.619729662,20.91676781,2.274096053,1.330585395,3.684820918,3.341324832,0,0,0,3.164298031
41,D-Chiro-Inositol!1949.3/318_OTHER,4.601345908,4.722732914,4.568643638,1.203752556,0.470224639,0,0,0,0,0,0.129743561,0.475555838,1.123860106,65.50574951,4.318219807,5.365717886,6.883364574,8.944531175,0,0,0,4.815622381
42,Hexonate!1968.8/333_OA,3.74086629,3.619059428,3.335235944,0,0,0,0,0,0,0,0,0,0,42.01033449,2.922007484,5.550461294,4.83540614,4.864448163,0,0,0,3.889114543
43,Glucopyranose$2!1975.7/204_SUG,2.083231938,1.959759188,1.969042113,0.290421591,0,0,0.479658934,0.136448827,0,0,0,0,0,36.62691565,1.33047621,1.439037659,2.748799181,1.441885971,0,0,0,1.668946242
44,Gluconate!1999.5/333_OA,0.102849627,0.379874563,0.401175226,1.43355884,0.589415262,0.735145801,1.85385798,0.981265868,0,0,0.132051097,0,0,0.985302209,0,0,0,0,0,0,0,0
45,Galactonate!1996.9/292_OA,1.076693392,1.462443264,1.518577097,5.851091829,0.869923939,1.506696131,3.725938494,1.680356166,0,0,0,0,0,0.821005929,0,0,0,0,0,0,0,0.495439471
46,Gluconate!1999.5/333_OA,1.563538627,1.568384057,1.532797841,6.161416943,0.966500951,2.530581893,4.079062346,2.980553815,0,0,0,0.101119914,0,0.526504051,0,0,0,0,0,0,0,1.146922173
47,Glucaricacid!2014.1/333_OA,2.217453966,2.039955218,2.006758178,0.195120617,0,0,0,0,0.532877325,0,2.590374648,2.341877461,0.551880071,25.5293201,3.380639261,3.317175809,3.840042301,2.803143415,0,0,0,2.061848508
48,Inositol-scyllo!2029/318_OTHER,5.425940413,5.229726363,5.066928026,0,0,0,10.11112851,0,56.37446419,15.63671133,17.80127115,0,2.360111079,2.281764615,0,0,0,0,0,0,0,4.905169409
49,Galactaricacid!2044.8/333_OA,0.093310337,0,0,0,0,0,0,0,0,0,0,0,0,4.322985978,0.726040233,0.740734101,1.5578069,0.514278752,0,0,0,0
50,Tridecanedioicacid$2tms!2177.8/373_FA,1.491123633,0,0,2.685397812,0.428659949,0.584313235,0.504792962,0,0,0,0,0,0,0,0,0,0,0,0,0,0,0
51,Sucrose!2647.3/451_SUG,16.51778618,0,0,13.74078193,12.28614093,0,0,0,0,0,0,0,0,69.24805741,0,0,0,0,0,0,0,0
52,Lactose$meox1!2696.6/204_SUG,1.848048576,1.271586954,1.307316944,0.623318538,0,0.509034828,0.498414311,0.5267101,2.729954803,2.80585562,20.91968624,6.266047126,0,0.135040123,0,0,0,0,0,0,0,0
53,Melibiose$meox1!2868.4/204_SUG,1.038992608,0.093026781,0.310683712,3.316200178,0.313520397,1.094302546,3.021178997,1.453187,0,0,0,0,0,2.476173924,0,0,0,0,0,0,0,0
54,Isomaltose$meox1!2873.2/361_SUG,0.094442461,0,0,2.140436106,0,0.599782849,1.743012548,0.70946852,0,0,0,0,0,0.710700032,0,0,0,0,0,0,0,0
55,Galactinol$2!3010.8/204_SUG,0,0,0,0.483727736,0.150222823,0,1.020298848,0.496392493,0,0,0,0,0,1.921066716,0,0,0,0,0,0,0,0
56,Digalactosylglycerol!3113/204_SUG,5.003165088,2.554749618,2.08869101,2.207801713,0,0.50849185,1.454395856,0.547472171,0,0,5.997389194,6.252588846,0,18.28907083,3.336751352,2.980932009,5.4898025,3.097799077,0,0,0,1.707900545