"","Compound_Family","Compounds","Condition","median_value","scaled_value"
"1","AA","5-Hydroxynorvaline","MS.Root",0.00032106,0.67900921249651
"2","AA","5-Hydroxynorvaline","MS.Root+3OMG",0.000472409,0.999096938473382
"3","AA","5-Hydroxynorvaline","MS.Root+Glucose",0.000472836,1
"4","AA","Alanine","MS.Root",0.018625114,1
"5","AA","Alanine","MS.Root+3OMG",0.017932661,0.962821542998341
"6","AA","Alanine","MS.Root+Glucose",0.011891268,0.63845343443267
"7","AA","Asn","MS.Root",0.003139407,1
"8","AA","Asn","MS.Root+3OMG",0.002039421,0.649619816736091
"9","AA","Asn","MS.Root+Glucose",0.001541096,0.490887610303475
"10","AA","Aspartate","MS.Root",0.0121019945,0.881513708757193
"11","AA","Aspartate","MS.Root+3OMG",0.0097565983,0.710674191125035
"12","AA","Aspartate","MS.Root+Glucose",0.0137286515,1
"13","AA","Cys","MS.Root",0.005644572,0.992657296232628
"14","AA","Cys","MS.Root+3OMG",0.004372933,0.769026216405147
"15","AA","Cys","MS.Root+Glucose",0.005686325,1
"16","AA","Glutamate","MS.Root",0.068091137,0.983624734578159
"17","AA","Glutamate","MS.Root+3OMG",0.048340647,0.698314908072565
"18","AA","Glutamate","MS.Root+Glucose",0.06922471,1
"19","AA","Glycine","MS.Root",0.048236517,1
"20","AA","Glycine","MS.Root+3OMG",0.036140597,0.749237284275728
"21","AA","Glycine","MS.Root+Glucose",0.029942471,0.620742807777767
"22","AA","Isoleucine","MS.Root",0.00653916,0.725355622433406
"23","AA","Isoleucine","MS.Root+3OMG",0.009015109,1
"24","AA","Isoleucine","MS.Root+Glucose",0.00840135,0.931918848679478
"25","AA","Leucine","MS.Root",0.01066068,0.806517333796534
"26","AA","Leucine","MS.Root+3OMG",0.013218166,1
"27","AA","Leucine","MS.Root+Glucose",0.012588855,0.952390445088978
"28","AA","Lys","MS.Root",0.0024275555,0.707101613785996
"29","AA","Lys","MS.Root+3OMG",0.003433107,1
"30","AA","Lys","MS.Root+Glucose",0.0023404175,0.681719940566956
"31","AA","Methionine","MS.Root",0.001606792,0.591146590220942
"32","AA","Methionine","MS.Root+3OMG",0.002718094,1
"33","AA","Methionine","MS.Root+Glucose",0.00216884,0.797926782517455
"34","AA","O-Acetyl-serine","MS.Root",0.000384188,0.940077371616215
"35","AA","O-Acetyl-serine","MS.Root+3OMG",0.000381371,0.933184397458139
"36","AA","O-Acetyl-serine","MS.Root+Glucose",0.000408677,1
"37","AA","Phenylalanine","MS.Root",0.002279428,0.587599720459196
"38","AA","Phenylalanine","MS.Root+3OMG",0.003879219,1
"39","AA","Phenylalanine","MS.Root+Glucose",0.003066293,0.790440807801777
"40","AA","Proline","MS.Root",0.010472581,0.729529226884726
"41","AA","Proline","MS.Root+3OMG",0.014096756,0.981992453079391
"42","AA","Proline","MS.Root+Glucose",0.014355259,1
"43","AA","Serine","MS.Root",0.084360032,0.980325675314679
"44","AA","Serine","MS.Root+3OMG",0.086053068,1
"45","AA","Serine","MS.Root+Glucose",0.04845058,0.563031407549583
"46","AA","Threonine","MS.Root",0.018368774,0.778071227115046
"47","AA","Threonine","MS.Root+3OMG",0.023608088,1
"48","AA","Threonine","MS.Root+Glucose",0.02107734,0.892801653399462
"49","AA","Tryptophan","MS.Root",0.000500195,0.175664314150776
"50","AA","Tryptophan","MS.Root+3OMG",0.002847448,1
"51","AA","Tryptophan","MS.Root+Glucose",0.001110245,0.389908788501142
"52","AA","Tyrosine","MS.Root",0.007440868,1
"53","AA","Tyrosine","MS.Root+3OMG",0.003894965,0.523455731239958
"54","AA","Tyrosine","MS.Root+Glucose",0.006852986,0.920992819654911
"55","AA","Valine","MS.Root",0.012903751,0.727902700591438
"56","AA","Valine","MS.Root+3OMG",0.017727302,1
"57","AA","Valine","MS.Root+Glucose",0.016094934,0.907917854617697
"58","AA","beta-Alanine","MS.Root",0.003901778,0.624538992130073
"59","AA","beta-Alanine","MS.Root+3OMG",0.00309562,0.49550112661912
"60","AA","beta-Alanine","MS.Root+Glucose",0.006247453,1
"61","APO","Alcenenitrile","MS.Root",0.001261051,0.880063563003652
"62","APO","Alcenenitrile","MS.Root+3OMG",0.000919378,0.641616459942676
"63","APO","Alcenenitrile","MS.Root+Glucose",0.001432909,1
"64","APO","Campesterol","MS.Root",0.002644857,0.895812856100629
"65","APO","Campesterol","MS.Root+3OMG",0.00257884,0.87345290343733
"66","APO","Campesterol","MS.Root+Glucose",0.002952466,1
"67","APO","Monopalmitine","MS.Root",0.005535713,0.944658664638003
"68","APO","Monopalmitine","MS.Root+3OMG",0.004875754,0.832037943936653
"69","APO","Monopalmitine","MS.Root+Glucose",0.005860014,1
"70","APO","Monostearin","MS.Root",0.002462925,1
"71","APO","Monostearin","MS.Root+3OMG",0.00202326,0.821486646974634
"72","APO","Monostearin","MS.Root+Glucose",0.002152367,0.873906838413675
"73","APO","Squalene","MS.Root",0.001060509,1
"74","APO","Squalene","MS.Root+3OMG",0.000654425,0.617085757876642
"75","APO","Squalene","MS.Root+Glucose",0.000930439,0.877351347324728
"76","APO","Stigmasterol","MS.Root",0.004647473,0.955574522086596
"77","APO","Stigmasterol","MS.Root+3OMG",0.004863538,1
"78","APO","Stigmasterol","MS.Root+Glucose",0.004563206,0.938248246441171
"79","APO","beta-Sitosterol","MS.Root",0.020338312,1
"80","APO","beta-Sitosterol","MS.Root+3OMG",0.01689771,0.830831486900191
"81","APO","beta-Sitosterol","MS.Root+Glucose",0.019843588,0.97567526744599
"82","APO","gamma-Tocopherol","MS.Root",0.002923901,0.956970542375855
"83","APO","gamma-Tocopherol","MS.Root+3OMG",0.00255564,0.836441520050586
"84","APO","gamma-Tocopherol","MS.Root+Glucose",0.003055372,1
"85","FA","Docosanoate","MS.Root",0.001481703,1
"86","FA","Docosanoate","MS.Root+3OMG",0.0013074,0.882363064662756
"87","FA","Docosanoate","MS.Root+Glucose",0.001159264,0.782386213701396
"88","FA","Eicosanoate","MS.Root",0.000523531,0.925090648214248
"89","FA","Eicosanoate","MS.Root+3OMG",0.000565924,1
"90","FA","Eicosanoate","MS.Root+Glucose",0.00037551,0.663534326163937
"91","FA","Heptadecanoate","MS.Root",0.000309367,0.77086401295708
"92","FA","Heptadecanoate","MS.Root+3OMG",0.000355414,0.885601445212733
"93","FA","Heptadecanoate","MS.Root+Glucose",0.000401325,1
"94","FA","Linoleicacid","MS.Root",0.004730604,1
"95","FA","Linoleicacid","MS.Root+3OMG",0.003407958,0.720406527369444
"96","FA","Linoleicacid","MS.Root+Glucose",0.004080484,0.862571460219456
"97","FA","Linolenicacid","MS.Root",0.001603085,1
"98","FA","Linolenicacid","MS.Root+3OMG",0.001009937,0.629995914128072
"99","FA","Linolenicacid","MS.Root+Glucose",0.001119852,0.69856058786652
"100","FA","Oleicacid","MS.Root",0.000867059,1
"101","FA","Oleicacid","MS.Root+3OMG",0.000722087,0.832800305400209
"102","FA","Oleicacid","MS.Root+Glucose",0.000780904,0.900635366220753
"103","FA","Palmiticacid","MS.Root",0.041864037,1
"104","FA","Palmiticacid","MS.Root+3OMG",0.032759633,0.782524461269705
"105","FA","Palmiticacid","MS.Root+Glucose",0.033698765,0.804957367107238
"106","FA","Pentadecanoate","MS.Root",0.000924062,0.991970303002978
"107","FA","Pentadecanoate","MS.Root+3OMG",0.000931542,1
"108","FA","Pentadecanoate","MS.Root+Glucose",0.000832748,0.893945737282914
"109","FA","Tetracosanoate","MS.Root",0.00114925,0.709171061254361
"110","FA","Tetracosanoate","MS.Root+3OMG",0.001619249,0.999194719830379
"111","FA","Tetracosanoate","MS.Root+Glucose",0.001620554,1
"112","FA","Tetradecanoate","MS.Root",0.001319262,1
"113","FA","Tetradecanoate","MS.Root+3OMG",0.001196173,0.906698593607638
"114","FA","Tetradecanoate","MS.Root+Glucose",0.001234096,0.93544421047525
"115","FLAVO","Kaempferol","MS.Root",0.002483743,0.605677817266335
"116","FLAVO","Kaempferol","MS.Root+3OMG",0.004100766,1
"117","FLAVO","Kaempferol","MS.Root+Glucose",0.003202171,0.780871427435752
"118","GLUCOSINOLATE","BenzoylGlucosinolate-2Breakdown","MS.Root",0.000913545,0.959364235906914
"119","GLUCOSINOLATE","BenzoylGlucosinolate-2Breakdown","MS.Root+3OMG",0.000495554,0.520408720490633
"120","GLUCOSINOLATE","BenzoylGlucosinolate-2Breakdown","MS.Root+Glucose",0.00095224,1
"121","GLUCOSINOLATE","Octanenitrile-8-methylthio","MS.Root",0.000526615,0.807310350325307
"122","GLUCOSINOLATE","Octanenitrile-8-methylthio","MS.Root+3OMG",0.000551186,0.844978139161255
"123","GLUCOSINOLATE","Octanenitrile-8-methylthio","MS.Root+Glucose",0.000652308,1
"124","GLUCOSINOLATE","Sinigrin","MS.Root",0.001308839,1
"125","GLUCOSINOLATE","Sinigrin","MS.Root+3OMG",0.000581625,0.444382387749754
"126","GLUCOSINOLATE","Sinigrin","MS.Root+Glucose",0.001235252,0.943776889288904
"127","GLUCOSINOLATE","UGlucosinolatebreakdown140-5","MS.Root",0.000955659,0.661721144272062
"128","GLUCOSINOLATE","UGlucosinolatebreakdown140-5","MS.Root+3OMG",0.001444202,1
"129","GLUCOSINOLATE","UGlucosinolatebreakdown140-5","MS.Root+Glucose",0.001199571,0.830611645739308
"130","MA","Borate","MS.Root",0.133448341,1
"131","MA","Borate","MS.Root+3OMG",0.110476523,0.827859845781073
"132","MA","Borate","MS.Root+Glucose",0.105586748,0.79121813886019
"133","OA","2-4-dihydroxybutanoate","MS.Root",0.000844853,0.701908609721589
"134","OA","2-4-dihydroxybutanoate","MS.Root+3OMG",0.000508119,0.422148114362053
"135","OA","2-4-dihydroxybutanoate","MS.Root+Glucose",0.001203651,1
"136","OA","2-Oxoglutarate","MS.Root",0.000612329,0.779523549458509
"137","OA","2-Oxoglutarate","MS.Root+3OMG",0.000369544,0.470446852200525
"138","OA","2-Oxoglutarate","MS.Root+Glucose",0.000785517,1
"139","OA","3-4-5-Trihydroxypentanoate","MS.Root",0.000672819,0.688270676691729
"140","OA","3-4-5-Trihydroxypentanoate","MS.Root+3OMG",0.000488443,0.499660375428367
"141","OA","3-4-5-Trihydroxypentanoate","MS.Root+Glucose",0.00097755,1
"142","OA","3-4-dihydroxy-butanoate","MS.Root",0.000632509,0.627682747355583
"143","OA","3-4-dihydroxy-butanoate","MS.Root+3OMG",0.000433879,0.430568359880876
"144","OA","3-4-dihydroxy-butanoate","MS.Root+Glucose",0.001007689,1
"145","OA","4-Hydroxycinnamate","MS.Root",0.001875457,0.78472022022043
"146","OA","4-Hydroxycinnamate","MS.Root+3OMG",0.001819405,0.761267196352756
"147","OA","4-Hydroxycinnamate","MS.Root+Glucose",0.002389969,1
"148","OA","Ascorbate","MS.Root",0.009750098,1
"149","OA","Ascorbate","MS.Root+3OMG",0.006007502,0.616147858206143
"150","OA","Ascorbate","MS.Root+Glucose",0.008337288,0.855097866708622
"151","OA","Azelaicacid","MS.Root",0.000578103,1
"152","OA","Azelaicacid","MS.Root+3OMG",0.000531603,0.919564506670957
"153","OA","Azelaicacid","MS.Root+Glucose",0.000560636,0.969785661032723
"154","OA","Benzoate","MS.Root",0.002474022,1
"155","OA","Benzoate","MS.Root+3OMG",0.001554474,0.628318584070796
"156","OA","Benzoate","MS.Root+Glucose",0.002398179,0.969344249970291
"157","OA","Citrate","MS.Root",0.034677607,0.675052370295202
"158","OA","Citrate","MS.Root+3OMG",0.023866671,0.46460105593808
"159","OA","Citrate","MS.Root+Glucose",0.051370247,1
"160","OA","Dehydroascorbate","MS.Root",0.001596908,0.727437711550459
"161","OA","Dehydroascorbate","MS.Root+3OMG",0.0013350695,0.608162713093563
"162","OA","Dehydroascorbate","MS.Root+Glucose",0.0021952505,1
"163","OA","Erythronate","MS.Root",0.001914466,0.888440600112954
"164","OA","Erythronate","MS.Root+3OMG",0.001407661,0.653249095881358
"165","OA","Erythronate","MS.Root+Glucose",0.002154861,1
"166","OA","Ferulate-trans","MS.Root",0.000551622,0.819109617620549
"167","OA","Ferulate-trans","MS.Root+3OMG",0.000673441,1
"168","OA","Ferulate-trans","MS.Root+Glucose",0.000538288,0.799309813331829
"169","OA","Fumarate","MS.Root",0.003072172,1
"170","OA","Fumarate","MS.Root+3OMG",0.001240246,0.403703308278313
"171","OA","Fumarate","MS.Root+Glucose",0.002980093,0.970028045304755
"172","OA","GHB","MS.Root",0.000377135,1
"173","OA","GHB","MS.Root+3OMG",0.000341956,0.906720405159956
"174","OA","GHB","MS.Root+Glucose",0.000376861,0.999273469712437
"175","OA","Galactaricacid","MS.Root",0.001602895,1
"176","OA","Galactaricacid","MS.Root+3OMG",0.001363643,0.850737571706194
"177","OA","Galactaricacid","MS.Root+Glucose",0.00143287,0.893926302097143
"178","OA","Galactonate","MS.Root",0.038663153,0.898202027958986
"179","OA","Galactonate","MS.Root+3OMG",0.030199053,0.701568510127482
"180","OA","Galactonate","MS.Root+Glucose",0.043045052,1
"181","OA","Galacturonate","MS.Root",0.00229638,1
"182","OA","Galacturonate","MS.Root+3OMG",0.00151852,0.661266863498201
"183","OA","Galacturonate","MS.Root+Glucose",0.002154332,0.938142641897247
"184","OA","Gluconate","MS.Root",0.005697649,1
"185","OA","Gluconate","MS.Root+3OMG",0.003869491,0.679138184889943
"186","OA","Gluconate","MS.Root+Glucose",0.004870775,0.854874528072895
"187","OA","Gluconate-d-lactone","MS.Root",0.000507069,0.843647054125821
"188","OA","Gluconate-d-lactone","MS.Root+3OMG",0.000534953,0.890039664317421
"189","OA","Gluconate-d-lactone","MS.Root+Glucose",0.000601044,1
"190","OA","Glutarate","MS.Root",0.000192003,0.381039984758639
"191","OA","Glutarate","MS.Root+3OMG",0.000322312,0.639645003294357
"192","OA","Glutarate","MS.Root+Glucose",0.000503892,1
"193","OA","Glycerate","MS.Root",0.004877034,0.549274364855966
"194","OA","Glycerate","MS.Root+3OMG",0.008879049,1
"195","OA","Glycerate","MS.Root+Glucose",0.005496852,0.619081165111264
"196","OA","Glycolate","MS.Root",0.005318043,0.988374887303314
"197","OA","Glycolate","MS.Root+3OMG",0.002419557,0.449682219041656
"198","OA","Glycolate","MS.Root+Glucose",0.005380593,1
"199","OA","Hexonate","MS.Root",0.001801611,1
"200","OA","Hexonate","MS.Root+3OMG",0.001630133,0.904819630874811
"201","OA","Hexonate","MS.Root+Glucose",0.001631481,0.905567850107487
"202","OA","Lactate","MS.Root",0.013000753,1
"203","OA","Lactate","MS.Root+3OMG",0.008927615,0.686699839616982
"204","OA","Lactate","MS.Root+Glucose",0.009886358,0.760445029607131
"205","OA","Malate","MS.Root",0.011800269,0.963418604822045
"206","OA","Malate","MS.Root+3OMG",0.008345657,0.681371011395023
"207","OA","Malate","MS.Root+Glucose",0.01224833,1
"208","OA","Nicotinate","MS.Root",0.010245901,1
"209","OA","Nicotinate","MS.Root+3OMG",0.006135311,0.598806390965519
"210","OA","Nicotinate","MS.Root+Glucose",0.009280236,0.905751090118868
"211","OA","Oxalate","MS.Root",0.000691579,0.635572947444167
"212","OA","Oxalate","MS.Root+3OMG",0.001088119,1
"213","OA","Oxalate","MS.Root+Glucose",0.000792885,0.728674896771401
"214","OA","Pantothenate","MS.Root",0.025934972,0.967994018622829
"215","OA","Pantothenate","MS.Root+3OMG",0.020458105,0.76357604212404
"216","OA","Pantothenate","MS.Root+Glucose",0.026792492,1
"217","OA","Parahydroxybenzoate","MS.Root",0.00032686,0.346918479570274
"218","OA","Parahydroxybenzoate","MS.Root+3OMG",0.000942181,1
"219","OA","Parahydroxybenzoate","MS.Root+Glucose",0.000709637,0.753185428277582
"220","OA","Pentonate","MS.Root",0.006085527,1
"221","OA","Pentonate","MS.Root+3OMG",0.0049664485,0.816108202297024
"222","OA","Pentonate","MS.Root+Glucose",0.0054077785,0.888629448197338
"223","OA","Pentonate-3","MS.Root",0.013795301,1
"224","OA","Pentonate-3","MS.Root+3OMG",0.00835661,0.605757714166585
"225","OA","Pentonate-3","MS.Root+Glucose",0.011771687,0.853311355801515
"226","OA","Pipecolate","MS.Root",0.001030285,0.220432647356973
"227","OA","Pipecolate","MS.Root+3OMG",0.004522763,0.967659066625417
"228","OA","Pipecolate","MS.Root+Glucose",0.004673922,1
"229","OA","Pyruvate","MS.Root",0.001288443,0.980235419066327
"230","OA","Pyruvate","MS.Root+3OMG",0.000752064,0.572163277851405
"231","OA","Pyruvate","MS.Root+Glucose",0.001314422,1
"232","OA","Quinate","MS.Root",0.000971602,0.158982657083002
"233","OA","Quinate","MS.Root+3OMG",0.006111371,1
"234","OA","Quinate","MS.Root+Glucose",0.000774197,0.126681394403973
"235","OA","Succinate","MS.Root",0.002382972,0.780311427488962
"236","OA","Succinate","MS.Root+3OMG",0.001590103,0.520684062500307
"237","OA","Succinate","MS.Root+Glucose",0.003053873,1
"238","OA","Urate","MS.Root",0.001869085,0.980458344742643
"239","OA","Urate","MS.Root+3OMG",0.001906338,1
"240","OA","Urate","MS.Root+Glucose",0.001777262,0.932291125708033
"241","OA","levulinate","MS.Root",0.000515003,1
"242","OA","levulinate","MS.Root+3OMG",0.000420091,0.815705927926633
"243","OA","levulinate","MS.Root+Glucose",0.000408548,0.793292466257478
"244","OTHER","1,2,3-Propanetriol,1-(4-hydroxy-3-methoxyphenyl)","MS.Root",0.000589283,0.827787665565821
"245","OTHER","1,2,3-Propanetriol,1-(4-hydroxy-3-methoxyphenyl)","MS.Root+3OMG",0.000433431,0.608856586179916
"246","OTHER","1,2,3-Propanetriol,1-(4-hydroxy-3-methoxyphenyl)","MS.Root+Glucose",0.000711877,1
"247","OTHER","1,4-Butanediol","MS.Root",0.007234444,1
"248","OTHER","1,4-Butanediol","MS.Root+3OMG",0.005852751,0.80901186048299
"249","OTHER","1,4-Butanediol","MS.Root+Glucose",0.006118559,0.845753868576493
"250","OTHER","2-(N-morpholino)ethanesulfonic","MS.Root",0.019201886,1
"251","OTHER","2-(N-morpholino)ethanesulfonic","MS.Root+3OMG",0.015022433,0.782341536659472
"252","OTHER","2-(N-morpholino)ethanesulfonic","MS.Root+Glucose",0.014075242,0.733013517526351
"253","OTHER","2-pyrrolidone","MS.Root",0.001672304,1
"254","OTHER","2-pyrrolidone","MS.Root+3OMG",0.001360599,0.813607454147093
"255","OTHER","2-pyrrolidone","MS.Root+Glucose",0.001539607,0.920650192787914
"256","OTHER","Adenine-1","MS.Root",0.011154912,0.953915063348413
"257","OTHER","Adenine-1","MS.Root+3OMG",0.009296746,0.795013537491296
"258","OTHER","Adenine-1","MS.Root+Glucose",0.011693821,1
"259","OTHER","Adenosine","MS.Root",0.006539124,0.528899579735418
"260","OTHER","Adenosine","MS.Root+3OMG",0.004878502,0.39458460453394
"261","OTHER","Adenosine","MS.Root+Glucose",0.01236364,1
"262","OTHER","Agmatine(-NH3)","MS.Root",0.003077196,0.970490392851691
"263","OTHER","Agmatine(-NH3)","MS.Root+3OMG",0.002615069,0.824744131067465
"264","OTHER","Agmatine(-NH3)","MS.Root+Glucose",0.003170764,1
"265","OTHER","Allantoin","MS.Root",0,0
"266","OTHER","Allantoin","MS.Root+3OMG",0.0031533705,1
"267","OTHER","Allantoin","MS.Root+Glucose",0,0
"268","OTHER","Arbutin","MS.Root",0.000632024,1
"269","OTHER","Arbutin","MS.Root+3OMG",0.000607364,0.960982494335658
"270","OTHER","Arbutin","MS.Root+Glucose",0.000586056,0.927268584737288
"271","OTHER","Butylamine","MS.Root",0.004602135,1
"272","OTHER","Butylamine","MS.Root+3OMG",0.003239213,0.70385006089565
"273","OTHER","Butylamine","MS.Root+Glucose",0.003427996,0.744870804528768
"274","OTHER","Coniferylalcohol","MS.Root",0.002049813,0.744770417200316
"275","OTHER","Coniferylalcohol","MS.Root+3OMG",0.001911263,0.694430244070814
"276","OTHER","Coniferylalcohol","MS.Root+Glucose",0.002752275,1
"277","OTHER","D-Chiro-Inositol","MS.Root",0.001922729,1
"278","OTHER","D-Chiro-Inositol","MS.Root+3OMG",0.001012335,0.526509456090796
"279","OTHER","D-Chiro-Inositol","MS.Root+Glucose",0.001529926,0.795705479035267
"280","OTHER","Docosan-1-ol","MS.Root",0.001281058,0.913446811423486
"281","OTHER","Docosan-1-ol","MS.Root+3OMG",0.001402444,1
"282","OTHER","Docosan-1-ol","MS.Root+Glucose",0.001385389,0.987839086623067
"283","OTHER","Erythritol","MS.Root",0.001467605,0.890170791385583
"284","OTHER","Erythritol","MS.Root+3OMG",0.001410581,0.855583079291408
"285","OTHER","Erythritol","MS.Root+Glucose",0.001648678,1
"286","OTHER","Ethanolamine","MS.Root",0.115989532,0.894129105640959
"287","OTHER","Ethanolamine","MS.Root+3OMG",0.129723472,1
"288","OTHER","Ethanolamine","MS.Root+Glucose",0.117090796,0.902618425137434
"289","OTHER","Ethylamine","MS.Root",0.00197306,0.991179125689045
"290","OTHER","Ethylamine","MS.Root+3OMG",0.001990619,1
"291","OTHER","Ethylamine","MS.Root+Glucose",0.001647222,0.827492352881189
"292","OTHER","Glycerol","MS.Root",0.012239947,0.868609597680859
"293","OTHER","Glycerol","MS.Root+3OMG",0.011083063,0.786511158381782
"294","OTHER","Glycerol","MS.Root+Glucose",0.014091425,1
"295","OTHER","Guanine","MS.Root",0.000965836,0.68430140163906
"296","OTHER","Guanine","MS.Root+3OMG",0.000888736,0.629675525127549
"297","OTHER","Guanine","MS.Root+Glucose",0.001411419,1
"298","OTHER","Guanosine2","MS.Root",0.000415444,0.826430235310734
"299","OTHER","Guanosine2","MS.Root+3OMG",0.000300566,0.597906890234077
"300","OTHER","Guanosine2","MS.Root+Glucose",0.000502697,1
"301","OTHER","Hydroxypyridine","MS.Root",0.005703413,1
"302","OTHER","Hydroxypyridine","MS.Root+3OMG",0.00268764,0.471233628004845
"303","OTHER","Hydroxypyridine","MS.Root+Glucose",0.004583565,0.803653005665204
"304","OTHER","Inositol-3","MS.Root",0.005956625,1
"305","OTHER","Inositol-3","MS.Root+3OMG",0.00236858,0.397637924160074
"306","OTHER","Inositol-3","MS.Root+Glucose",0.004402395,0.739075399240342
"307","OTHER","Inositol-scyllo","MS.Root",0.008061895,1
"308","OTHER","Inositol-scyllo","MS.Root+3OMG",0.003150367,0.390772516883437
"309","OTHER","Inositol-scyllo","MS.Root+Glucose",0.006155002,0.763468390496279
"310","OTHER","Mannosamine","MS.Root",0.000952448,0.846586580981205
"311","OTHER","Mannosamine","MS.Root+3OMG",0.001125045,1
"312","OTHER","Mannosamine","MS.Root+Glucose",0.001099223,0.977048029189943
"313","OTHER","N-acetylhexosamine","MS.Root",0.001621364,1
"314","OTHER","N-acetylhexosamine","MS.Root+3OMG",0.000990482,0.61089428407193
"315","OTHER","N-acetylhexosamine","MS.Root+Glucose",0.000801488,0.494329465807801
"316","OTHER","Neohesperidin","MS.Root",0.006007327,1
"317","OTHER","Neohesperidin","MS.Root+3OMG",0.004616826,0.768532493736399
"318","OTHER","Neohesperidin","MS.Root+Glucose",0.005033335,0.837865992645315
"319","OTHER","Porphine","MS.Root",0.001884883,1
"320","OTHER","Porphine","MS.Root+3OMG",0.001479139,0.784737832533903
"321","OTHER","Porphine","MS.Root+Glucose",0.001396688,0.74099453387823
"322","OTHER","Propyleneglycol","MS.Root",0.001145741,1
"323","OTHER","Propyleneglycol","MS.Root+3OMG",0.000405066,0.353540634401667
"324","OTHER","Propyleneglycol","MS.Root+Glucose",0.000904466,0.789415758011627
"325","OTHER","Putrescine","MS.Root",0.001640495,0.773004553696297
"326","OTHER","Putrescine","MS.Root+3OMG",0.001703535,0.802709128879406
"327","OTHER","Putrescine","MS.Root+Glucose",0.002122232,1
"328","OTHER","Threitol","MS.Root",0.002744547,1
"329","OTHER","Threitol","MS.Root+3OMG",0.00227771,0.829903805618924
"330","OTHER","Threitol","MS.Root+Glucose",0.002558165,0.932090068051303
"331","OTHER","Triethylamine","MS.Root",0.000849109,0.826879985353736
"332","OTHER","Triethylamine","MS.Root+3OMG",0.000965161,0.939893834058992
"333","OTHER","Triethylamine","MS.Root+Glucose",0.001026883,1
"334","OTHER","Urea","MS.Root",0.0032073495,1
"335","OTHER","Urea","MS.Root+3OMG",0.0024843415,0.774577731550615
"336","OTHER","Urea","MS.Root+Glucose",0.0013444095,0.419165264028757
"337","OTHER","Uridine","MS.Root",0.00063524,0.986222935691508
"338","OTHER","Uridine","MS.Root+3OMG",0.000216945,0.336811496101622
"339","OTHER","Uridine","MS.Root+Glucose",0.000644114,1
"340","OTHER","beta-indole-3-acetonitrile","MS.Root",0.005077641,1
"341","OTHER","beta-indole-3-acetonitrile","MS.Root+3OMG",0.004403818,0.867296053423233
"342","OTHER","beta-indole-3-acetonitrile","MS.Root+Glucose",0.004964759,0.977768810358984
"343","OTHER","hydroxylamine","MS.Root",0.028299467,1
"344","OTHER","hydroxylamine","MS.Root+3OMG",0.021575586,0.762402556910348
"345","OTHER","hydroxylamine","MS.Root+Glucose",0.020577309,0.727127086881177
"346","OTHER","myo-Inositol","MS.Root",0.030829687,0.835654930804467
"347","OTHER","myo-Inositol","MS.Root+3OMG",0.025334697,0.686710327889062
"348","OTHER","myo-Inositol","MS.Root+Glucose",0.036892844,1
"349","OTHER","octadecanol","MS.Root",0.001010569,1
"350","OTHER","octadecanol","MS.Root+3OMG",0.000961539,0.951482778513887
"351","OTHER","octadecanol","MS.Root+Glucose",0.000988168,0.977833280063014
"352","PHOSPHO","Ethanolamine-P","MS.Root",0.008413849,1
"353","PHOSPHO","Ethanolamine-P","MS.Root+3OMG",0.006084882,0.723198383997621
"354","PHOSPHO","Ethanolamine-P","MS.Root+Glucose",0.00677828,0.805609893878533
"355","PHOSPHO","Gluconate-6-P","MS.Root",0.002468509,0.817142484501328
"356","PHOSPHO","Gluconate-6-P","MS.Root+3OMG",0.001113457,0.368584039744394
"357","PHOSPHO","Gluconate-6-P","MS.Root+Glucose",0.003020904,1
"358","PHOSPHO","Glucose-6-P","MS.Root",0.0024959805,1
"359","PHOSPHO","Glucose-6-P","MS.Root+3OMG",0.0009982575,0.399946033232231
"360","PHOSPHO","Glucose-6-P","MS.Root+Glucose",0.0021246175,0.851215584416625
"361","PHOSPHO","Glycerol-2-P","MS.Root",0.000637761,1
"362","PHOSPHO","Glycerol-2-P","MS.Root+3OMG",0.000352716,0.553053573360553
"363","PHOSPHO","Glycerol-2-P","MS.Root+Glucose",0.00053568,0.839938472249009
"364","PHOSPHO","Glycerol-3-P","MS.Root",0.007544785,0.959578404304732
"365","PHOSPHO","Glycerol-3-P","MS.Root+3OMG",0.005937171,0.755115099272455
"366","PHOSPHO","Glycerol-3-P","MS.Root+Glucose",0.007862604,1
"367","PHOSPHO","Isothiocyanoethylphosphate","MS.Root",0.003659046,0.979191046897015
"368","PHOSPHO","Isothiocyanoethylphosphate","MS.Root+3OMG",0.002843184,0.760859611352479
"369","PHOSPHO","Isothiocyanoethylphosphate","MS.Root+Glucose",0.003736805,1
"370","PHOSPHO","Phosphate","MS.Root",0.939299635,0.877281432169322
"371","PHOSPHO","Phosphate","MS.Root+3OMG",0.872351644,0.814753749588737
"372","PHOSPHO","Phosphate","MS.Root+Glucose",1.070693623,1
"373","PHOSPHO","bis-glycerol-P","MS.Root",0.000327773,0.514456346870708
"374","PHOSPHO","bis-glycerol-P","MS.Root+3OMG",0.000258227,0.405300372768295
"375","PHOSPHO","bis-glycerol-P","MS.Root+Glucose",0.000637125,1
"376","PHOSPHO","myo-Inositol-1-P","MS.Root",0.020351226,1
"377","PHOSPHO","myo-Inositol-1-P","MS.Root+3OMG",0.015187112,0.74625047159321
"378","PHOSPHO","myo-Inositol-1-P","MS.Root+Glucose",0.01982314,0.974051391301929
"379","PHTALATE","Dimethylphtalate","MS.Root",0.001852186,1
"380","PHTALATE","Dimethylphtalate","MS.Root+3OMG",0.000284838,0.153784771075907
"381","PHTALATE","Dimethylphtalate","MS.Root+Glucose",0.000536854,0.289848859671761
"382","SUG","2-desoxypentitol","MS.Root",0.00059838,0.850559975437554
"383","SUG","2-desoxypentitol","MS.Root+3OMG",0.000332725,0.472947905724557
"384","SUG","2-desoxypentitol","MS.Root+Glucose",0.000703513,1
"385","SUG","3-O-methylGlucose","MS.Root",0,0
"386","SUG","3-O-methylGlucose","MS.Root+3OMG",0.5474737695,1
"387","SUG","3-O-methylGlucose","MS.Root+Glucose",0,0
"388","SUG","5-Ethyl-Glucopyranoside","MS.Root",0.007171701,0.809996510048012
"389","SUG","5-Ethyl-Glucopyranoside","MS.Root+3OMG",0.00885399,1
"390","SUG","5-Ethyl-Glucopyranoside","MS.Root+Glucose",0.007133568,0.805689638230899
"391","SUG","Arabinose","MS.Root",0.001916888,1
"392","SUG","Arabinose","MS.Root+3OMG",0.001064694,0.555428381835558
"393","SUG","Arabinose","MS.Root+Glucose",0.001664603,0.868388241775211
"394","SUG","Digalactosylglycerol","MS.Root",0.008068921,1
"395","SUG","Digalactosylglycerol","MS.Root+3OMG",0.00480845,0.5959223048534
"396","SUG","Digalactosylglycerol","MS.Root+Glucose",0.005147317,0.637918874159259
"397","SUG","Fructopyranose-1","MS.Root",0.001119803,0.0112643285713155
"398","SUG","Fructopyranose-1","MS.Root+3OMG",0.099411429,1
"399","SUG","Fructopyranose-1","MS.Root+Glucose",0.001461576,0.0147022934354962
"400","SUG","Fructose","MS.Root",0.0511491015,0.691842064898766
"401","SUG","Fructose","MS.Root+3OMG",0.0541874325,0.732938489493555
"402","SUG","Fructose","MS.Root+Glucose",0.07393176,1
"403","SUG","Galactinol","MS.Root",0.001323588,0.967786938706272
"404","SUG","Galactinol","MS.Root+3OMG",0.001112998,0.813806809374369
"405","SUG","Galactinol","MS.Root+Glucose",0.001367644,1
"406","SUG","Galactosylglycerol","MS.Root",0.008111969,1
"407","SUG","Galactosylglycerol","MS.Root+3OMG",0.004206511,0.518556099018623
"408","SUG","Galactosylglycerol","MS.Root+Glucose",0.005891002,0.726211108548368
"409","SUG","Glucopyranose","MS.Root",0.037179411,0.803546688228628
"410","SUG","Glucopyranose","MS.Root+3OMG",0.046269136,1
"411","SUG","Glucopyranose","MS.Root+Glucose",0.040376562,0.872645687613445
"412","SUG","Glucose","MS.Root",0.3837271805,1
"413","SUG","Glucose","MS.Root+3OMG",0.327318725,0.852998540717133
"414","SUG","Glucose","MS.Root+Glucose",0.3826926885,0.997304095063967
"415","SUG","Isomaltose","MS.Root",0.009866159,1
"416","SUG","Isomaltose","MS.Root+3OMG",0.0095324435,0.966175742758656
"417","SUG","Isomaltose","MS.Root+Glucose",0.0087041205,0.88221976759142
"418","SUG","Mannopyranose","MS.Root",0.006815055,0.917321899318845
"419","SUG","Mannopyranose","MS.Root+3OMG",0.005621918,0.756722946120729
"420","SUG","Mannopyranose","MS.Root+Glucose",0.007429295,1
"421","SUG","Pentofuranoside","MS.Root",0.000775812,0.459845084748174
"422","SUG","Pentofuranoside","MS.Root+3OMG",0.001687116,1
"423","SUG","Pentofuranoside","MS.Root+Glucose",0.000738036,0.437454211802864
"424","SUG","Raffinose","MS.Root",0.033327865,0.701314163440741
"425","SUG","Raffinose","MS.Root+3OMG",0.027476909,0.578193216075268
"426","SUG","Raffinose","MS.Root+Glucose",0.047522019,1
"427","SUG","Ribose","MS.Root",0.008649669,0.954207432556465
"428","SUG","Ribose","MS.Root+3OMG",0.007319549,0.807472292727183
"429","SUG","Ribose","MS.Root+Glucose",0.009064768,1
"430","SUG","Sucrose","MS.Root",0.015159934,0.677380646998742
"431","SUG","Sucrose","MS.Root+3OMG",0.010202959,0.455891626488719
"432","SUG","Sucrose","MS.Root+Glucose",0.022380229,1
"433","SUG","Trehalose","MS.Root",0.001530717,0.432917239259136
"434","SUG","Trehalose","MS.Root+3OMG",0.003535819,1
"435","SUG","Trehalose","MS.Root+Glucose",0.001890524,0.534677821460884
"436","SUG","anhydroglucose","MS.Root",0.006468409,1
"437","SUG","anhydroglucose","MS.Root+3OMG",0.002714488,0.419653117173017
"438","SUG","anhydroglucose","MS.Root+Glucose",0.003735908,0.577562117670667
"439","SUG","dissachnonmeox-2715.5/204","MS.Root",0.003178455,0.929863568345282
"440","SUG","dissachnonmeox-2715.5/204","MS.Root+3OMG",0.003418195,1
"441","SUG","dissachnonmeox-2715.5/204","MS.Root+Glucose",0.003064623,0.896561781876107
"442","SUG","hexofuranose","MS.Root",0.000876564,0.0126986152377994
"443","SUG","hexofuranose","MS.Root+3OMG",0.069028314,1
"444","SUG","hexofuranose","MS.Root+Glucose",0.001043783,0.0151210849507349
